team_i,team_j,team_i_name,team_j_name,seed_i,seed_j,field_order_i,field_order_j,raw_prob_team_i_beats_team_j,raw_prob_team_j_beats_team_i,avg_prob_team_i_beats_team_j,avg_prob_team_j_beats_team_i
maryland-baltimore-county,howard,Maryland-Baltimore County,Howard,16,16,1,2,0.4692067503929138,0.5619204640388489,0.45364314317703247,0.5463568568229675
maryland-baltimore-county,texas,Maryland-Baltimore County,Texas,16,11,1,3,0.08964122831821442,0.9293410778045654,0.0801500752568245,0.9198499247431755
maryland-baltimore-county,prairie-view,Maryland-Baltimore County,Prairie View,16,16,1,4,0.7426261305809021,0.23330950736999512,0.7546583116054535,0.2453416883945465
maryland-baltimore-county,miami-oh,Maryland-Baltimore County,Miami (OH),16,11,1,5,0.3185805082321167,0.6582553386688232,0.33016258478164673,0.6698374152183533
maryland-baltimore-county,lehigh,Maryland-Baltimore County,Lehigh,16,16,1,6,0.7095401287078857,0.26202014088630676,0.7237599939107895,0.2762400060892105
maryland-baltimore-county,southern-methodist,Maryland-Baltimore County,Southern Methodist,16,11,1,7,0.14703187346458435,0.8487614393234253,0.14913521707057953,0.8508647829294205
maryland-baltimore-county,north-carolina-state,Maryland-Baltimore County,NC State,16,11,1,8,0.20484969019889832,0.9084747433662415,0.14818747341632843,0.8518125265836716
maryland-baltimore-county,duke,Maryland-Baltimore County,Duke,16,1,1,9,0.018049735575914383,0.977505624294281,0.02027205564081669,0.9797279443591833
maryland-baltimore-county,arizona,Maryland-Baltimore County,Arizona,16,1,1,10,0.023902960121631622,0.9664582014083862,0.028722379356622696,0.9712776206433773
maryland-baltimore-county,siena,Maryland-Baltimore County,Siena,16,16,1,11,0.5717904567718506,0.43718045949935913,0.5673049986362457,0.4326950013637543
maryland-baltimore-county,long-island-university,Maryland-Baltimore County,Long Island University,16,16,1,12,0.5651227235794067,0.4082130193710327,0.578454852104187,0.421545147895813
maryland-baltimore-county,ohio-state,Maryland-Baltimore County,Ohio State,16,8,1,13,0.07052583247423172,0.9616691470146179,0.0544283427298069,0.9455716572701931
maryland-baltimore-county,villanova,Maryland-Baltimore County,Villanova,16,8,1,14,0.0461234413087368,0.9189270734786987,0.06359818391501904,0.936401816084981
maryland-baltimore-county,texas-christian,Maryland-Baltimore County,TCU,16,9,1,15,0.07957052439451218,0.9399582147598267,0.06980615481734276,0.9301938451826572
maryland-baltimore-county,utah-state,Maryland-Baltimore County,Utah State,16,9,1,16,0.05680886656045914,0.9005807638168335,0.07811405137181282,0.9218859486281872
maryland-baltimore-county,st-johns-ny,Maryland-Baltimore County,St. John's (NY),16,5,1,17,0.040714096277952194,0.948739767074585,0.04598716460168362,0.9540128353983164
maryland-baltimore-county,wisconsin,Maryland-Baltimore County,Wisconsin,16,5,1,18,0.03983995318412781,0.943019449710846,0.04841025173664093,0.9515897482633591
maryland-baltimore-county,northern-iowa,Maryland-Baltimore County,Northern Iowa,16,12,1,19,0.23768703639507294,0.7330406904220581,0.2523231729865074,0.7476768270134926
maryland-baltimore-county,high-point,Maryland-Baltimore County,High Point,16,12,1,20,0.17275328934192657,0.819929301738739,0.17641199380159378,0.8235880061984062
maryland-baltimore-county,kansas,Maryland-Baltimore County,Kansas,16,4,1,21,0.04734281450510025,0.9407827854156494,0.05328001454472542,0.9467199854552746
maryland-baltimore-county,arkansas,Maryland-Baltimore County,Arkansas,16,4,1,22,0.04889966547489166,0.9472790956497192,0.05081028491258621,0.9491897150874138
maryland-baltimore-county,california-baptist,Maryland-Baltimore County,California Baptist,16,13,1,23,0.4496525228023529,0.5192357897758484,0.46520836651325226,0.5347916334867477
maryland-baltimore-county,louisville,Maryland-Baltimore County,Louisville,16,6,1,24,0.027945782989263535,0.9585289359092712,0.03470842353999615,0.9652915764600039
maryland-baltimore-county,hawaii,Maryland-Baltimore County,Hawaii,16,13,1,25,0.3741159737110138,0.6129834651947021,0.3805662542581558,0.6194337457418442
maryland-baltimore-county,south-florida,Maryland-Baltimore County,South Florida,16,11,1,26,0.2202460914850235,0.7883225679397583,0.2159617617726326,0.7840382382273674
maryland-baltimore-county,brigham-young,Maryland-Baltimore County,Brigham Young,16,6,1,27,0.07031235843896866,0.9049140810966492,0.08269913867115974,0.9173008613288403
maryland-baltimore-county,michigan-state,Maryland-Baltimore County,Michigan State,16,3,1,28,0.04644672945141792,0.9630411863327026,0.04170277155935764,0.9582972284406424
maryland-baltimore-county,gonzaga,Maryland-Baltimore County,Gonzaga,16,3,1,29,0.02005271054804325,0.9789415597915649,0.020555575378239155,0.9794444246217608
maryland-baltimore-county,north-dakota-state,Maryland-Baltimore County,North Dakota State,16,14,1,30,0.3048842251300812,0.6773533225059509,0.3137654513120651,0.6862345486879349
maryland-baltimore-county,kennesaw-state,Maryland-Baltimore County,Kennesaw State,16,14,1,31,0.3300640285015106,0.6930434107780457,0.3185103088617325,0.6814896911382675
maryland-baltimore-county,ucla,Maryland-Baltimore County,UCLA,16,7,1,32,0.04092651233077049,0.9596202969551086,0.040653107687830925,0.9593468923121691
maryland-baltimore-county,miami-fl,Maryland-Baltimore County,Miami (FL),16,7,1,33,0.14996951818466187,0.8974553942680359,0.126257061958313,0.873742938041687
maryland-baltimore-county,central-florida,Maryland-Baltimore County,UCF,16,10,1,34,0.08148545026779175,0.9089189767837524,0.08628323674201965,0.9137167632579803
maryland-baltimore-county,connecticut,Maryland-Baltimore County,Connecticut,16,2,1,35,0.024585068225860596,0.9707261919975281,0.02692943811416626,0.9730705618858337
maryland-baltimore-county,missouri,Maryland-Baltimore County,Missouri,16,10,1,36,0.2081921100616455,0.8863167762756348,0.16093766689300537,0.8390623331069946
maryland-baltimore-county,purdue,Maryland-Baltimore County,Purdue,16,2,1,37,0.02956843376159668,0.9695253968238831,0.03002151846885681,0.9699784815311432
maryland-baltimore-county,furman,Maryland-Baltimore County,Furman,16,15,1,38,0.5137626528739929,0.4723621606826782,0.5207002460956573,0.47929975390434265
maryland-baltimore-county,queens-nc,Maryland-Baltimore County,Queens (NC),16,15,1,39,0.49881187081336975,0.5070924758911133,0.49585969746112823,0.5041403025388718
maryland-baltimore-county,florida,Maryland-Baltimore County,Florida,16,1,1,40,0.01818939857184887,0.9700257182121277,0.024081840179860592,0.9759181598201394
maryland-baltimore-county,michigan,Maryland-Baltimore County,Michigan,16,1,1,41,0.019752148538827896,0.976949155330658,0.02140149660408497,0.978598503395915
maryland-baltimore-county,clemson,Maryland-Baltimore County,Clemson,16,8,1,42,0.045845869928598404,0.9543836712837219,0.04573109932243824,0.9542689006775618
maryland-baltimore-county,georgia,Maryland-Baltimore County,Georgia,16,8,1,43,0.1022329106926918,0.9498374462127686,0.07619773223996162,0.9238022677600384
maryland-baltimore-county,iowa,Maryland-Baltimore County,Iowa,16,9,1,44,0.1265619397163391,0.9532991051673889,0.0866314172744751,0.9133685827255249
maryland-baltimore-county,saint-louis,Maryland-Baltimore County,Saint Louis,16,9,1,45,0.16839517652988434,0.8201846480369568,0.17410526424646378,0.8258947357535362
maryland-baltimore-county,vanderbilt,Maryland-Baltimore County,Vanderbilt,16,5,1,46,0.04022333025932312,0.9576575756072998,0.04128287732601166,0.9587171226739883
maryland-baltimore-county,texas-tech,Maryland-Baltimore County,Texas Tech,16,5,1,47,0.05694078281521797,0.9598293304443359,0.04855572618544102,0.951444273814559
maryland-baltimore-county,mcneese-state,Maryland-Baltimore County,McNeese State,16,12,1,48,0.14309071004390717,0.886467456817627,0.1283116266131401,0.8716883733868599
maryland-baltimore-county,akron,Maryland-Baltimore County,Akron,16,12,1,49,0.23694761097431183,0.7497014403343201,0.24362308531999588,0.7563769146800041
maryland-baltimore-county,nebraska,Maryland-Baltimore County,Nebraska,16,4,1,50,0.0356319285929203,0.9484896063804626,0.04357116110622883,0.9564288388937712
maryland-baltimore-county,alabama,Maryland-Baltimore County,Alabama,16,4,1,51,0.04015941172838211,0.946799635887146,0.04667988792061806,0.9533201120793819
maryland-baltimore-county,troy,Maryland-Baltimore County,Troy,16,13,1,52,0.3521963357925415,0.6260522603988647,0.3630720376968384,0.6369279623031616
maryland-baltimore-county,north-carolina,Maryland-Baltimore County,North Carolina,16,6,1,53,0.041425030678510666,0.9569978713989258,0.04221357963979244,0.9577864203602076
maryland-baltimore-county,hofstra,Maryland-Baltimore County,Hofstra,16,13,1,54,0.3038219213485718,0.670694887638092,0.31656351685523987,0.6834364831447601
maryland-baltimore-county,virginia-commonwealth,Maryland-Baltimore County,Virginia Commonwealth,16,11,1,55,0.08402553200721741,0.8849517703056335,0.09953688085079193,0.9004631191492081
maryland-baltimore-county,tennessee,Maryland-Baltimore County,Tennessee,16,6,1,56,0.027468862012028694,0.9542297720909119,0.036619544960558414,0.9633804550394416
maryland-baltimore-county,illinois,Maryland-Baltimore County,Illinois,16,3,1,57,0.019393417984247208,0.968762993812561,0.025315212085843086,0.9746847879141569
maryland-baltimore-county,virginia,Maryland-Baltimore County,Virginia,16,3,1,58,0.04534917324781418,0.9403438568115234,0.05250265821814537,0.9474973417818546
maryland-baltimore-county,pennsylvania,Maryland-Baltimore County,Pennsylvania,16,14,1,59,0.4258858859539032,0.5231990218162537,0.45134343206882477,0.5486565679311752
maryland-baltimore-county,wright-state,Maryland-Baltimore County,Wright State,16,14,1,60,0.4132040739059448,0.5764139890670776,0.4183950424194336,0.5816049575805664
maryland-baltimore-county,saint-marys-ca,Maryland-Baltimore County,Saint Mary's (CA),16,7,1,61,0.025083135813474655,0.9747769832611084,0.02515307627618313,0.9748469237238169
maryland-baltimore-county,texas-am,Maryland-Baltimore County,Texas A&M,16,10,1,62,0.05608334019780159,0.9155176281929016,0.07028285600244999,0.92971714399755
maryland-baltimore-county,houston,Maryland-Baltimore County,Houston,16,2,1,63,0.016854194924235344,0.9776785373687744,0.019587828777730465,0.9804121712222695
maryland-baltimore-county,idaho,Maryland-Baltimore County,Idaho,16,15,1,64,0.4516255259513855,0.5415679216384888,0.45502880215644836,0.5449711978435516
maryland-baltimore-county,kentucky,Maryland-Baltimore County,Kentucky,16,7,1,65,0.049353305250406265,0.939242959022522,0.055055173113942146,0.9449448268860579
maryland-baltimore-county,santa-clara,Maryland-Baltimore County,Santa Clara,16,10,1,66,0.054460156708955765,0.9085264205932617,0.07296686805784702,0.927033131942153
maryland-baltimore-county,iowa-state,Maryland-Baltimore County,Iowa State,16,2,1,67,0.023078102618455887,0.976111114025116,0.02348349429666996,0.97651650570333
maryland-baltimore-county,tennessee-state,Maryland-Baltimore County,Tennessee State,16,15,1,68,0.44034457206726074,0.5555484890937805,0.4423980414867401,0.5576019585132599
howard,texas,Howard,Texas,16,11,2,3,0.08833976089954376,0.9446269869804382,0.07185638695955276,0.9281436130404472
howard,prairie-view,Howard,Prairie View,16,16,2,4,0.7829859256744385,0.22443047165870667,0.7792777270078659,0.2207222729921341
howard,miami-oh,Howard,Miami (OH),16,11,2,5,0.39567291736602783,0.6441416144371033,0.3757656514644623,0.6242343485355377
howard,lehigh,Howard,Lehigh,16,16,2,6,0.734641432762146,0.26642054319381714,0.7341104447841644,0.26588955521583557
howard,southern-methodist,Howard,Southern Methodist,16,11,2,7,0.16650700569152832,0.8793886303901672,0.14355918765068054,0.8564408123493195
howard,north-carolina-state,Howard,NC State,16,11,2,8,0.2197079062461853,0.8243972659111023,0.1976553201675415,0.8023446798324585
howard,duke,Howard,Duke,16,1,2,9,0.025381872430443764,0.9714804291725159,0.026950721628963947,0.973049278371036
howard,arizona,Howard,Arizona,16,1,2,10,0.022327950224280357,0.9581367373466492,0.032095606438815594,0.9679043935611844
howard,siena,Howard,Siena,16,16,2,11,0.5839049816131592,0.45149514079093933,0.5662049204111099,0.4337950795888901
howard,long-island-university,Howard,Long Island University,16,16,2,12,0.610071063041687,0.37351343035697937,0.6182788163423538,0.3817211836576462
howard,ohio-state,Howard,Ohio State,16,8,2,13,0.08226339519023895,0.9311665892601013,0.07554840296506882,0.9244515970349312
howard,villanova,Howard,Villanova,16,8,2,14,0.06863366067409515,0.9040835499763489,0.08227505534887314,0.9177249446511269
howard,texas-christian,Howard,TCU,16,9,2,15,0.07539930194616318,0.9136781692504883,0.08086056634783745,0.9191394336521626
howard,utah-state,Howard,Utah State,16,9,2,16,0.05945734679698944,0.91121906042099,0.07411914318799973,0.9258808568120003
howard,st-johns-ny,Howard,St. John's (NY),16,5,2,17,0.03229812905192375,0.9508358836174011,0.040731122717261314,0.9592688772827387
howard,wisconsin,Howard,Wisconsin,16,5,2,18,0.03416251763701439,0.9409245848655701,0.04661896638572216,0.9533810336142778
howard,northern-iowa,Howard,Northern Iowa,16,12,2,19,0.2523953914642334,0.702829122543335,0.2747831344604492,0.7252168655395508
howard,high-point,Howard,High Point,16,12,2,20,0.1961195319890976,0.8193182349205017,0.18840064853429794,0.8115993514657021
howard,kansas,Howard,Kansas,16,4,2,21,0.05754918232560158,0.9201807379722595,0.06868422217667103,0.931315777823329
howard,arkansas,Howard,Arkansas,16,4,2,22,0.05048731714487076,0.9372239708900452,0.056631673127412796,0.9433683268725872
howard,california-baptist,Howard,California Baptist,16,13,2,23,0.49571967124938965,0.501488208770752,0.49711573123931885,0.5028842687606812
howard,louisville,Howard,Louisville,16,6,2,24,0.031896188855171204,0.9552557468414307,0.03832022100687027,0.9616797789931297
howard,hawaii,Howard,Hawaii,16,13,2,25,0.45113736391067505,0.5721098184585571,0.43951377272605896,0.560486227273941
howard,south-florida,Howard,South Florida,16,11,2,26,0.21154384315013885,0.7893375754356384,0.2111031338572502,0.7888968661427498
howard,brigham-young,Howard,Brigham Young,16,6,2,27,0.09947533905506134,0.8953137397766113,0.102080799639225,0.897919200360775
howard,michigan-state,Howard,Michigan State,16,3,2,28,0.04653463140130043,0.9665709137916565,0.03998185880482197,0.960018141195178
howard,gonzaga,Howard,Gonzaga,16,3,2,29,0.02463339827954769,0.9625713229179382,0.03103103768080473,0.9689689623191953
howard,north-dakota-state,Howard,North Dakota State,16,14,2,30,0.33407431840896606,0.6406437754631042,0.3467152714729309,0.6532847285270691
howard,kennesaw-state,Howard,Kennesaw State,16,14,2,31,0.37487828731536865,0.6120792031288147,0.381399542093277,0.618600457906723
howard,ucla,Howard,UCLA,16,7,2,32,0.08252368867397308,0.9180890321731567,0.08221732825040817,0.9177826717495918
howard,miami-fl,Howard,Miami (FL),16,7,2,33,0.09500934183597565,0.9006654620170593,0.09717193990945816,0.9028280600905418
howard,central-florida,Howard,UCF,16,10,2,34,0.14694112539291382,0.9177621006965637,0.11458951234817505,0.885410487651825
howard,connecticut,Howard,Connecticut,16,2,2,35,0.025494808331131935,0.9545152187347412,0.03548979479819536,0.9645102052018046
howard,missouri,Howard,Missouri,16,10,2,36,0.18928931653499603,0.9001649022102356,0.14456220716238022,0.8554377928376198
howard,purdue,Howard,Purdue,16,2,2,37,0.05933211371302605,0.971953272819519,0.0436894204467535,0.9563105795532465
howard,furman,Howard,Furman,16,15,2,38,0.5481042861938477,0.4620111584663391,0.5430465638637543,0.4569534361362457
howard,queens-nc,Howard,Queens (NC),16,15,2,39,0.5568774938583374,0.46872106194496155,0.5440782159566879,0.4559217840433121
howard,florida,Howard,Florida,16,1,2,40,0.02334219589829445,0.9547985792160034,0.034271808341145515,0.9657281916588545
howard,michigan,Howard,Michigan,16,1,2,41,0.026242965832352638,0.9692103862762451,0.02851628977805376,0.9714837102219462
howard,clemson,Howard,Clemson,16,8,2,42,0.06584509462118149,0.9499517679214478,0.05794666334986687,0.9420533366501331
howard,georgia,Howard,Georgia,16,8,2,43,0.08717254549264908,0.934144139289856,0.07651420310139656,0.9234857968986034
howard,iowa,Howard,Iowa,16,9,2,44,0.09072370827198029,0.9451549053192139,0.07278440147638321,0.9272155985236168
howard,saint-louis,Howard,Saint Louis,16,9,2,45,0.15514583885669708,0.8129334449768066,0.17110619693994522,0.8288938030600548
howard,vanderbilt,Howard,Vanderbilt,16,5,2,46,0.03079262189567089,0.947942852973938,0.04142488446086645,0.9585751155391335
howard,texas-tech,Howard,Texas Tech,16,5,2,47,0.06189407408237457,0.9419975876808167,0.05994824320077896,0.940051756799221
howard,mcneese-state,Howard,McNeese State,16,12,2,48,0.16457542777061462,0.8753127455711365,0.14463134109973907,0.8553686589002609
howard,akron,Howard,Akron,16,12,2,49,0.28823837637901306,0.7068657279014587,0.29068632423877716,0.7093136757612228
howard,nebraska,Howard,Nebraska,16,4,2,50,0.03713583946228027,0.9389830827713013,0.0490763783454895,0.9509236216545105
howard,alabama,Howard,Alabama,16,4,2,51,0.05391485616564751,0.9275015592575073,0.06320664845407009,0.9367933515459299
howard,troy,Howard,Troy,16,13,2,52,0.42269960045814514,0.5744835734367371,0.42410801351070404,0.575891986489296
howard,north-carolina,Howard,North Carolina,16,6,2,53,0.04177284985780716,0.9307205080986023,0.05552617087960243,0.9444738291203976
howard,hofstra,Howard,Hofstra,16,13,2,54,0.3493659496307373,0.6244509816169739,0.3624574840068817,0.6375425159931183
howard,virginia-commonwealth,Howard,Virginia Commonwealth,16,11,2,55,0.1150013655424118,0.887671172618866,0.11366509646177292,0.8863349035382271
howard,tennessee,Howard,Tennessee,16,6,2,56,0.03198166936635971,0.9399356245994568,0.04602302238345146,0.9539769776165485
howard,illinois,Howard,Illinois,16,3,2,57,0.03602692484855652,0.9469171166419983,0.044554904103279114,0.9554450958967209
howard,virginia,Howard,Virginia,16,3,2,58,0.044294409453868866,0.9624271988868713,0.040933605283498764,0.9590663947165012
howard,pennsylvania,Howard,Pennsylvania,16,14,2,59,0.4926013648509979,0.46966448426246643,0.5114684402942657,0.48853155970573425
howard,wright-state,Howard,Wright State,16,14,2,60,0.5018913745880127,0.5093826651573181,0.4962543547153473,0.5037456452846527
howard,saint-marys-ca,Howard,Saint Mary's (CA),16,7,2,61,0.021688468754291534,0.9546900987625122,0.033499184995889664,0.9665008150041103
howard,texas-am,Howard,Texas A&M,16,10,2,62,0.07025796920061111,0.9256517887115479,0.07230309024453163,0.9276969097554684
howard,houston,Howard,Houston,16,2,2,63,0.028611106798052788,0.9696273803710938,0.02949186321347952,0.9705081367865205
howard,idaho,Howard,Idaho,16,15,2,64,0.5143486857414246,0.5119009613990784,0.5012238621711731,0.4987761378288269
howard,kentucky,Howard,Kentucky,16,7,2,65,0.04465160891413689,0.923693060874939,0.06047927401959896,0.939520725980401
howard,santa-clara,Howard,Santa Clara,16,10,2,66,0.06310434639453888,0.9068477153778076,0.07812831550836563,0.9218716844916344
howard,iowa-state,Howard,Iowa State,16,2,2,67,0.02601335011422634,0.9743735790252686,0.025819885544478893,0.9741801144555211
howard,tennessee-state,Howard,Tennessee State,16,15,2,68,0.4752318263053894,0.5301222205162048,0.4725548028945923,0.5274451971054077
texas,prairie-view,Texas,Prairie View,11,16,3,4,0.9614550471305847,0.07826396822929382,0.9415955394506454,0.05840446054935455
texas,miami-oh,Texas,Miami (OH),11,11,3,5,0.884605348110199,0.14299336075782776,0.8708059936761856,0.1291940063238144
texas,lehigh,Texas,Lehigh,11,16,3,6,0.9634859561920166,0.04730433225631714,0.9580908119678497,0.04190918803215027
texas,southern-methodist,Texas,Southern Methodist,11,11,3,7,0.4977797269821167,0.494770884513855,0.5015044212341309,0.49849557876586914
texas,north-carolina-state,Texas,NC State,11,11,3,8,0.5119422674179077,0.44439661502838135,0.5337728261947632,0.4662271738052368
texas,duke,Texas,Duke,11,1,3,9,0.09053216874599457,0.9456890225410461,0.07242157310247421,0.9275784268975258
texas,arizona,Texas,Arizona,11,1,3,10,0.2080710232257843,0.7947359681129456,0.20666752755641937,0.7933324724435806
texas,siena,Texas,Siena,11,16,3,11,0.9150122404098511,0.14690417051315308,0.884054034948349,0.115945965051651
texas,long-island-university,Texas,Long Island University,11,16,3,12,0.9589345455169678,0.07092192023992538,0.9440063126385212,0.055993687361478806
texas,ohio-state,Texas,Ohio State,11,8,3,13,0.4689834713935852,0.5287742018699646,0.4701046347618103,0.5298953652381897
texas,villanova,Texas,Villanova,11,8,3,14,0.5318262577056885,0.5049876570701599,0.5134193003177643,0.4865806996822357
texas,texas-christian,Texas,TCU,11,9,3,15,0.49851980805397034,0.5426065325737,0.4779566377401352,0.5220433622598648
texas,utah-state,Texas,Utah State,11,9,3,16,0.5093458890914917,0.5535336136817932,0.47790613770484924,0.5220938622951508
texas,st-johns-ny,Texas,St. John's (NY),11,5,3,17,0.4480229616165161,0.6304386854171753,0.4087921380996704,0.5912078619003296
texas,wisconsin,Texas,Wisconsin,11,5,3,18,0.3912343978881836,0.6561625599861145,0.36753591895103455,0.6324640810489655
texas,northern-iowa,Texas,Northern Iowa,11,12,3,19,0.6818823218345642,0.2871241867542267,0.6973790675401688,0.30262093245983124
texas,high-point,Texas,High Point,11,12,3,20,0.7749397158622742,0.24216340482234955,0.7663881555199623,0.2336118444800377
texas,kansas,Texas,Kansas,11,4,3,21,0.3995148539543152,0.590220034122467,0.4046474099159241,0.5953525900840759
texas,arkansas,Texas,Arkansas,11,4,3,22,0.3619937598705292,0.629688024520874,0.3661528676748276,0.6338471323251724
texas,california-baptist,Texas,California Baptist,11,13,3,23,0.8804248571395874,0.11276904493570328,0.8838279061019421,0.11617209389805794
texas,louisville,Texas,Louisville,11,6,3,24,0.3499640226364136,0.668502688407898,0.3407306671142578,0.6592693328857422
texas,hawaii,Texas,Hawaii,11,13,3,25,0.8193156719207764,0.1692470759153366,0.8250342980027199,0.17496570199728012
texas,south-florida,Texas,South Florida,11,11,3,26,0.6608841419219971,0.31319674849510193,0.6738436967134476,0.32615630328655243
texas,brigham-young,Texas,Brigham Young,11,6,3,27,0.40030884742736816,0.6132528781890869,0.3935279846191406,0.6064720153808594
texas,michigan-state,Texas,Michigan State,11,3,3,28,0.29032793641090393,0.741398274898529,0.27446483075618744,0.7255351692438126
texas,gonzaga,Texas,Gonzaga,11,3,3,29,0.22648689150810242,0.7178406119346619,0.2543231397867203,0.7456768602132797
texas,north-dakota-state,Texas,North Dakota State,11,14,3,30,0.7830861210823059,0.17614850401878357,0.8034688085317612,0.19653119146823883
texas,kennesaw-state,Texas,Kennesaw State,11,14,3,31,0.771165132522583,0.19429996609687805,0.7884325832128525,0.21156741678714752
texas,ucla,Texas,UCLA,11,7,3,32,0.42867758870124817,0.6310456991195679,0.39881594479084015,0.6011840552091599
texas,miami-fl,Texas,Miami (FL),11,7,3,33,0.45419877767562866,0.5179714560508728,0.46811366081237793,0.5318863391876221
texas,central-florida,Texas,UCF,11,10,3,34,0.556487500667572,0.43954208493232727,0.5584727078676224,0.4415272921323776
texas,connecticut,Texas,Connecticut,11,2,3,35,0.3299841582775116,0.6615946888923645,0.33419473469257355,0.6658052653074265
texas,missouri,Texas,Missouri,11,10,3,36,0.5623133778572083,0.45070210099220276,0.5558056384325027,0.44419436156749725
texas,purdue,Texas,Purdue,11,2,3,37,0.2507590353488922,0.7865577936172485,0.23210062086582184,0.7678993791341782
texas,furman,Texas,Furman,11,15,3,38,0.8588055372238159,0.08943050354719162,0.8846875168383121,0.11531248316168785
texas,queens-nc,Texas,Queens (NC),11,15,3,39,0.9321466684341431,0.054780248552560806,0.9386832099407911,0.06131679005920887
texas,florida,Texas,Florida,11,1,3,40,0.16874147951602936,0.8876892924308777,0.14052609354257584,0.8594739064574242
texas,michigan,Texas,Michigan,11,1,3,41,0.14677374064922333,0.8672188520431519,0.13977744430303574,0.8602225556969643
texas,clemson,Texas,Clemson,11,8,3,42,0.5211423635482788,0.498694509267807,0.5112239271402359,0.4887760728597641
texas,georgia,Texas,Georgia,11,8,3,43,0.44283950328826904,0.619688868522644,0.4115753173828125,0.5884246826171875
texas,iowa,Texas,Iowa,11,9,3,44,0.4900873303413391,0.5140082836151123,0.4880395233631134,0.5119604766368866
texas,saint-louis,Texas,Saint Louis,11,9,3,45,0.6429246068000793,0.38194847106933594,0.6304880678653717,0.3695119321346283
texas,vanderbilt,Texas,Vanderbilt,11,5,3,46,0.3263082802295685,0.6889991760253906,0.31865455210208893,0.6813454478979111
texas,texas-tech,Texas,Texas Tech,11,5,3,47,0.39256107807159424,0.5915007591247559,0.4005301594734192,0.5994698405265808
texas,mcneese-state,Texas,McNeese State,11,12,3,48,0.665630578994751,0.36468082666397095,0.65047487616539,0.34952512383461
texas,akron,Texas,Akron,11,12,3,49,0.803995668888092,0.18450507521629333,0.8097452968358994,0.19025470316410065
texas,nebraska,Texas,Nebraska,11,4,3,50,0.44156917929649353,0.5918759703636169,0.4248466044664383,0.5751533955335617
texas,alabama,Texas,Alabama,11,4,3,51,0.3263624906539917,0.7218480706214905,0.3022572100162506,0.6977427899837494
texas,troy,Texas,Troy,11,13,3,52,0.7778128385543823,0.23844988644123077,0.7696814760565758,0.23031852394342422
texas,north-carolina,Texas,North Carolina,11,6,3,53,0.4797727167606354,0.5426217913627625,0.46857546269893646,0.5314245373010635
texas,hofstra,Texas,Hofstra,11,13,3,54,0.7939919829368591,0.27928483486175537,0.7573535740375519,0.24264642596244812
texas,virginia-commonwealth,Texas,Virginia Commonwealth,11,11,3,55,0.632209837436676,0.409889817237854,0.611160010099411,0.388839989900589
texas,tennessee,Texas,Tennessee,11,6,3,56,0.29867738485336304,0.6525872349739075,0.3230450749397278,0.6769549250602722
texas,illinois,Texas,Illinois,11,3,3,57,0.22172924876213074,0.789201557636261,0.21626384556293488,0.7837361544370651
texas,virginia,Texas,Virginia,11,3,3,58,0.3477274477481842,0.6226636171340942,0.362531915307045,0.637468084692955
texas,pennsylvania,Texas,Pennsylvania,11,14,3,59,0.8880419135093689,0.12815676629543304,0.8799425736069679,0.12005742639303207
texas,wright-state,Texas,Wright State,11,14,3,60,0.9114505648612976,0.10472474247217178,0.9033629111945629,0.09663708880543709
texas,saint-marys-ca,Texas,Saint Mary's (CA),11,7,3,61,0.3568229377269745,0.6314403414726257,0.3626912981271744,0.6373087018728256
texas,texas-am,Texas,Texas A&M,11,10,3,62,0.47948190569877625,0.5009080171585083,0.48928694427013397,0.510713055729866
texas,houston,Texas,Houston,11,2,3,63,0.1756381243467331,0.7962133884429932,0.18971236795186996,0.81028763204813
texas,idaho,Texas,Idaho,11,15,3,64,0.8881092071533203,0.10847778618335724,0.8898157104849815,0.11018428951501846
texas,kentucky,Texas,Kentucky,11,7,3,65,0.46205633878707886,0.5394450426101685,0.4613056480884552,0.5386943519115448
texas,santa-clara,Texas,Santa Clara,11,10,3,66,0.4459635019302368,0.6108077764511108,0.417577862739563,0.582422137260437
texas,iowa-state,Texas,Iowa State,11,2,3,67,0.329650342464447,0.6767170429229736,0.3264666497707367,0.6735333502292633
texas,tennessee-state,Texas,Tennessee State,11,15,3,68,0.939265251159668,0.08799619972705841,0.9256345257163048,0.07436547428369522
prairie-view,miami-oh,Prairie View,Miami (OH),16,11,4,5,0.055005304515361786,0.9159212708473206,0.06954201683402061,0.9304579831659794
prairie-view,lehigh,Prairie View,Lehigh,16,16,4,6,0.48263058066368103,0.5524061918258667,0.46511219441890717,0.5348878055810928
prairie-view,southern-methodist,Prairie View,Southern Methodist,16,11,4,7,0.0818607434630394,0.9499576687812805,0.06595153734087944,0.9340484626591206
prairie-view,north-carolina-state,Prairie View,NC State,16,11,4,8,0.04631948843598366,0.9684720039367676,0.03892374224960804,0.961076257750392
prairie-view,duke,Prairie View,Duke,16,1,4,9,0.025924235582351685,0.9849539995193481,0.02048511803150177,0.9795148819684982
prairie-view,arizona,Prairie View,Arizona,16,1,4,10,0.013372733257710934,0.9835749864578247,0.014898873399943113,0.9851011266000569
prairie-view,siena,Prairie View,Siena,16,16,4,11,0.3520745038986206,0.6673765778541565,0.34234896302223206,0.6576510369777679
prairie-view,long-island-university,Prairie View,Long Island University,16,16,4,12,0.3291041851043701,0.6646679639816284,0.33221811056137085,0.6677818894386292
prairie-view,ohio-state,Prairie View,Ohio State,16,8,4,13,0.03591995686292648,0.9708766341209412,0.03252166137099266,0.9674783386290073
prairie-view,villanova,Prairie View,Villanova,16,8,4,14,0.01843520812690258,0.9445605278015137,0.036937340162694454,0.9630626598373055
prairie-view,texas-christian,Prairie View,TCU,16,9,4,15,0.023617727681994438,0.9755005240440369,0.024058601818978786,0.9759413981810212
prairie-view,utah-state,Prairie View,Utah State,16,9,4,16,0.03224765136837959,0.9526250958442688,0.0398112777620554,0.9601887222379446
prairie-view,st-johns-ny,Prairie View,St. John's (NY),16,5,4,17,0.01430654525756836,0.9855031967163086,0.014401674270629883,0.9855983257293701
prairie-view,wisconsin,Prairie View,Wisconsin,16,5,4,18,0.032300446182489395,0.9624258875846863,0.03493727929890156,0.9650627207010984
prairie-view,northern-iowa,Prairie View,Northern Iowa,16,12,4,19,0.03110332600772381,0.9516459703445435,0.039728677831590176,0.9602713221684098
prairie-view,high-point,Prairie View,High Point,16,12,4,20,0.027033504098653793,0.9603749513626099,0.033329276368021965,0.966670723631978
prairie-view,kansas,Prairie View,Kansas,16,4,4,21,0.014754502102732658,0.9744184613227844,0.020168020389974117,0.9798319796100259
prairie-view,arkansas,Prairie View,Arkansas,16,4,4,22,0.016766496002674103,0.9728958010673523,0.021935347467660904,0.9780646525323391
prairie-view,california-baptist,Prairie View,California Baptist,16,13,4,23,0.1426273137331009,0.8500908613204956,0.14626822620630264,0.8537317737936974
prairie-view,louisville,Prairie View,Louisville,16,6,4,24,0.028310231864452362,0.9746311902999878,0.026839520782232285,0.9731604792177677
prairie-view,hawaii,Prairie View,Hawaii,16,13,4,25,0.16412310302257538,0.821526050567627,0.1712985262274742,0.8287014737725258
prairie-view,south-florida,Prairie View,South Florida,16,11,4,26,0.05067874491214752,0.927168071269989,0.061755336821079254,0.9382446631789207
prairie-view,brigham-young,Prairie View,Brigham Young,16,6,4,27,0.03077727183699608,0.9350600838661194,0.04785859398543835,0.9521414060145617
prairie-view,michigan-state,Prairie View,Michigan State,16,3,4,28,0.05569443851709366,0.9770792126655579,0.0393076129257679,0.9606923870742321
prairie-view,gonzaga,Prairie View,Gonzaga,16,3,4,29,0.02345782332122326,0.9875054359436035,0.01797619368880987,0.9820238063111901
prairie-view,north-dakota-state,Prairie View,North Dakota State,16,14,4,30,0.052483104169368744,0.9129206538200378,0.06978122517466545,0.9302187748253345
prairie-view,kennesaw-state,Prairie View,Kennesaw State,16,14,4,31,0.11952465027570724,0.890074610710144,0.1147250197827816,0.8852749802172184
prairie-view,ucla,Prairie View,UCLA,16,7,4,32,0.019594751298427582,0.9628449082374573,0.028374921530485153,0.9716250784695148
prairie-view,miami-fl,Prairie View,Miami (FL),16,7,4,33,0.05280166491866112,0.9447839260101318,0.05400886945426464,0.9459911305457354
prairie-view,central-florida,Prairie View,UCF,16,10,4,34,0.021499598398804665,0.9622529149055481,0.029623341746628284,0.9703766582533717
prairie-view,connecticut,Prairie View,Connecticut,16,2,4,35,0.01823541894555092,0.974187433719635,0.022023992612957954,0.977976007387042
prairie-view,missouri,Prairie View,Missouri,16,10,4,36,0.09150160849094391,0.9545211791992188,0.06849021464586258,0.9315097853541374
prairie-view,purdue,Prairie View,Purdue,16,2,4,37,0.031100478023290634,0.9703612327575684,0.030369622632861137,0.9696303773671389
prairie-view,furman,Prairie View,Furman,16,15,4,38,0.16893739998340607,0.8625285625457764,0.15320441871881485,0.8467955812811852
prairie-view,queens-nc,Prairie View,Queens (NC),16,15,4,39,0.2794605791568756,0.6995362043380737,0.28996218740940094,0.7100378125905991
prairie-view,florida,Prairie View,Florida,16,1,4,40,0.02211841382086277,0.9800123572349548,0.021053028292953968,0.978946971707046
prairie-view,michigan,Prairie View,Michigan,16,1,4,41,0.024780482053756714,0.9779285788536072,0.023425951600074768,0.9765740483999252
prairie-view,clemson,Prairie View,Clemson,16,8,4,42,0.028188226744532585,0.9755991101264954,0.026294558309018612,0.9737054416909814
prairie-view,georgia,Prairie View,Georgia,16,8,4,43,0.029190951958298683,0.9698514342308044,0.02966975886374712,0.9703302411362529
prairie-view,iowa,Prairie View,Iowa,16,9,4,44,0.028758011758327484,0.9597580432891846,0.03449998423457146,0.9655000157654285
prairie-view,saint-louis,Prairie View,Saint Louis,16,9,4,45,0.036399271339178085,0.93895024061203,0.04872451536357403,0.951275484636426
prairie-view,vanderbilt,Prairie View,Vanderbilt,16,5,4,46,0.013515710830688477,0.9823968410491943,0.01555943489074707,0.9844405651092529
prairie-view,texas-tech,Prairie View,Texas Tech,16,5,4,47,0.051490459591150284,0.9790520668029785,0.036219196394085884,0.9637808036059141
prairie-view,mcneese-state,Prairie View,McNeese State,16,12,4,48,0.03309580311179161,0.9616566896438599,0.035719556733965874,0.9642804432660341
prairie-view,akron,Prairie View,Akron,16,12,4,49,0.04385005310177803,0.9534769058227539,0.04518657363951206,0.9548134263604879
prairie-view,nebraska,Prairie View,Nebraska,16,4,4,50,0.022477803751826286,0.9479623436927795,0.03725773002952337,0.9627422699704766
prairie-view,alabama,Prairie View,Alabama,16,4,4,51,0.018535969778895378,0.9720293283462524,0.02325332071632147,0.9767466792836785
prairie-view,troy,Prairie View,Troy,16,13,4,52,0.10734368115663528,0.8865463733673096,0.11039865389466286,0.8896013461053371
prairie-view,north-carolina,Prairie View,North Carolina,16,6,4,53,0.021744828671216965,0.9712831377983093,0.02523084543645382,0.9747691545635462
prairie-view,hofstra,Prairie View,Hofstra,16,13,4,54,0.07297707349061966,0.9224753379821777,0.07525086775422096,0.924749132245779
prairie-view,virginia-commonwealth,Prairie View,Virginia Commonwealth,16,11,4,55,0.03449707850813866,0.9596081972122192,0.03744444064795971,0.9625555593520403
prairie-view,tennessee,Prairie View,Tennessee,16,6,4,56,0.03579111769795418,0.9666476845741272,0.03457171656191349,0.9654282834380865
prairie-view,illinois,Prairie View,Illinois,16,3,4,57,0.02742367796599865,0.9786215424537659,0.02440106775611639,0.9755989322438836
prairie-view,virginia,Prairie View,Virginia,16,3,4,58,0.017117923125624657,0.9793927669525146,0.018862578086555004,0.981137421913445
prairie-view,pennsylvania,Prairie View,Pennsylvania,16,14,4,59,0.21039780974388123,0.7291108965873718,0.2406434565782547,0.7593565434217453
prairie-view,wright-state,Prairie View,Wright State,16,14,4,60,0.1478719264268875,0.8115615844726562,0.16815517097711563,0.8318448290228844
prairie-view,saint-marys-ca,Prairie View,Saint Mary's (CA),16,7,4,61,0.028182808309793472,0.973780632019043,0.027201088145375252,0.9727989118546247
prairie-view,texas-am,Prairie View,Texas A&M,16,10,4,62,0.01864747330546379,0.9070576429367065,0.055794915184378624,0.9442050848156214
prairie-view,houston,Prairie View,Houston,16,2,4,63,0.017622359097003937,0.9696901440620422,0.02396610751748085,0.9760338924825191
prairie-view,idaho,Prairie View,Idaho,16,15,4,64,0.227706179022789,0.7598076462745667,0.23394926637411118,0.7660507336258888
prairie-view,kentucky,Prairie View,Kentucky,16,7,4,65,0.02130330726504326,0.9688063263893127,0.026248490437865257,0.9737515095621347
prairie-view,santa-clara,Prairie View,Santa Clara,16,10,4,66,0.018835967406630516,0.9621044397354126,0.02836576383560896,0.971634236164391
prairie-view,iowa-state,Prairie View,Iowa State,16,2,4,67,0.027162475511431694,0.9792128205299377,0.023974827490746975,0.976025172509253
prairie-view,tennessee-state,Prairie View,Tennessee State,16,15,4,68,0.20822517573833466,0.8136110901832581,0.1973070427775383,0.8026929572224617
miami-oh,lehigh,Miami (OH),Lehigh,11,16,5,6,0.8482587337493896,0.13606302440166473,0.8560978546738625,0.14390214532613754
miami-oh,southern-methodist,Miami (OH),Southern Methodist,11,11,5,7,0.2649751901626587,0.7408751845359802,0.26205000281333923,0.7379499971866608
miami-oh,north-carolina-state,Miami (OH),NC State,11,11,5,8,0.22530214488506317,0.749688982963562,0.23780658096075058,0.7621934190392494
miami-oh,duke,Miami (OH),Duke,11,1,5,9,0.021557888016104698,0.9769728183746338,0.022292534820735455,0.9777074651792645
miami-oh,arizona,Miami (OH),Arizona,11,1,5,10,0.035126522183418274,0.9708707928657532,0.03212786465883255,0.9678721353411674
miami-oh,siena,Miami (OH),Siena,11,16,5,11,0.7520326972007751,0.2678915560245514,0.7420705705881119,0.2579294294118881
miami-oh,long-island-university,Miami (OH),Long Island University,11,16,5,12,0.7672488689422607,0.2249184250831604,0.7711652219295502,0.22883477807044983
miami-oh,ohio-state,Miami (OH),Ohio State,11,8,5,13,0.10370560735464096,0.9235036969184875,0.0901009552180767,0.9098990447819233
miami-oh,villanova,Miami (OH),Villanova,11,8,5,14,0.21075932681560516,0.7828229069709778,0.2139682099223137,0.7860317900776863
miami-oh,texas-christian,Miami (OH),TCU,11,9,5,15,0.1522989571094513,0.8854767084121704,0.13341112434864044,0.8665888756513596
miami-oh,utah-state,Miami (OH),Utah State,11,9,5,16,0.23403097689151764,0.7817517518997192,0.2261396124958992,0.7738603875041008
miami-oh,st-johns-ny,Miami (OH),St. John's (NY),11,5,5,17,0.06812003254890442,0.916521430015564,0.07579930126667023,0.9242006987333298
miami-oh,wisconsin,Miami (OH),Wisconsin,11,5,5,18,0.06501433998346329,0.9427257180213928,0.06114431098103523,0.9388556890189648
miami-oh,northern-iowa,Miami (OH),Northern Iowa,11,12,5,19,0.44352301955223083,0.5544328093528748,0.44454510509967804,0.555454894900322
miami-oh,high-point,Miami (OH),High Point,11,12,5,20,0.35002318024635315,0.643531858921051,0.35324566066265106,0.6467543393373489
miami-oh,kansas,Miami (OH),Kansas,11,4,5,21,0.08405428379774094,0.9289290904998779,0.0775625966489315,0.9224374033510685
miami-oh,arkansas,Miami (OH),Arkansas,11,4,5,22,0.07438500970602036,0.9339398145675659,0.07022259756922722,0.9297774024307728
miami-oh,california-baptist,Miami (OH),California Baptist,11,13,5,23,0.6575507521629333,0.3518809974193573,0.652834877371788,0.347165122628212
miami-oh,louisville,Miami (OH),Louisville,11,6,5,24,0.0833791047334671,0.9527218341827393,0.06532863527536392,0.9346713647246361
miami-oh,hawaii,Miami (OH),Hawaii,11,13,5,25,0.5470245480537415,0.4153079688549042,0.5658582895994186,0.43414171040058136
miami-oh,south-florida,Miami (OH),South Florida,11,11,5,26,0.35254403948783875,0.6793577671051025,0.3365931361913681,0.6634068638086319
miami-oh,brigham-young,Miami (OH),Brigham Young,11,6,5,27,0.10844133794307709,0.926766574382782,0.09083738178014755,0.9091626182198524
miami-oh,michigan-state,Miami (OH),Michigan State,11,3,5,28,0.05923428013920784,0.9558135867118835,0.05171034671366215,0.9482896532863379
miami-oh,gonzaga,Miami (OH),Gonzaga,11,3,5,29,0.06017651408910751,0.9314464926719666,0.06436501070857048,0.9356349892914295
miami-oh,north-dakota-state,Miami (OH),North Dakota State,11,14,5,30,0.48774629831314087,0.5257801413536072,0.48098307847976685,0.5190169215202332
miami-oh,kennesaw-state,Miami (OH),Kennesaw State,11,14,5,31,0.5353846549987793,0.46558383107185364,0.5349004119634628,0.46509958803653717
miami-oh,ucla,Miami (OH),UCLA,11,7,5,32,0.09093224257230759,0.95252525806427,0.06920349225401878,0.9307965077459812
miami-oh,miami-fl,Miami (OH),Miami (FL),11,7,5,33,0.2621701955795288,0.7339783310890198,0.2640959322452545,0.7359040677547455
miami-oh,central-florida,Miami (OH),UCF,11,10,5,34,0.14106027781963348,0.8258461356163025,0.1576070711016655,0.8423929288983345
miami-oh,connecticut,Miami (OH),Connecticut,11,2,5,35,0.07203637063503265,0.9179874658584595,0.07702445238828659,0.9229755476117134
miami-oh,missouri,Miami (OH),Missouri,11,10,5,36,0.15719451010227203,0.8546645641326904,0.1512649729847908,0.8487350270152092
miami-oh,purdue,Miami (OH),Purdue,11,2,5,37,0.0554063655436039,0.9643933773040771,0.045506494119763374,0.9544935058802366
miami-oh,furman,Miami (OH),Furman,11,15,5,38,0.6663681864738464,0.37737566232681274,0.6444962620735168,0.35550373792648315
miami-oh,queens-nc,Miami (OH),Queens (NC),11,15,5,39,0.6990237832069397,0.25914692878723145,0.7199384272098541,0.2800615727901459
miami-oh,florida,Miami (OH),Florida,11,1,5,40,0.02030937559902668,0.9793204069137573,0.020494484342634678,0.9795055156573653
miami-oh,michigan,Miami (OH),Michigan,11,1,5,41,0.029375826939940453,0.9761261940002441,0.026624816469848156,0.9733751835301518
miami-oh,clemson,Miami (OH),Clemson,11,8,5,42,0.16911885142326355,0.8613849878311157,0.1538669317960739,0.8461330682039261
miami-oh,georgia,Miami (OH),Georgia,11,8,5,43,0.13214723765850067,0.8998032808303833,0.11617197841405869,0.8838280215859413
miami-oh,iowa,Miami (OH),Iowa,11,9,5,44,0.13776592910289764,0.8816016316413879,0.12808214873075485,0.8719178512692451
miami-oh,saint-louis,Miami (OH),Saint Louis,11,9,5,45,0.3089301884174347,0.7082710862159729,0.3003295511007309,0.6996704488992691
miami-oh,vanderbilt,Miami (OH),Vanderbilt,11,5,5,46,0.10060975700616837,0.9240576028823853,0.08827607706189156,0.9117239229381084
miami-oh,texas-tech,Miami (OH),Texas Tech,11,5,5,47,0.09147585928440094,0.9465205073356628,0.07247767597436905,0.927522324025631
miami-oh,mcneese-state,Miami (OH),McNeese State,11,12,5,48,0.37625065445899963,0.606133759021759,0.3850584477186203,0.6149415522813797
miami-oh,akron,Miami (OH),Akron,11,12,5,49,0.4129759967327118,0.5912880897521973,0.41084395349025726,0.5891560465097427
miami-oh,nebraska,Miami (OH),Nebraska,11,4,5,50,0.09359601885080338,0.8996348977088928,0.09698056057095528,0.9030194394290447
miami-oh,alabama,Miami (OH),Alabama,11,4,5,51,0.051002491265535355,0.9559261798858643,0.04753815568983555,0.9524618443101645
miami-oh,troy,Miami (OH),Troy,11,13,5,52,0.5651096701622009,0.47082266211509705,0.5471435040235519,0.45285649597644806
miami-oh,north-carolina,Miami (OH),North Carolina,11,6,5,53,0.10175664722919464,0.9266049265861511,0.08757586032152176,0.9124241396784782
miami-oh,hofstra,Miami (OH),Hofstra,11,13,5,54,0.4773080050945282,0.5198709964752197,0.47871850430965424,0.5212814956903458
miami-oh,virginia-commonwealth,Miami (OH),Virginia Commonwealth,11,11,5,55,0.33856678009033203,0.6815206408500671,0.32852306962013245,0.6714769303798676
miami-oh,tennessee,Miami (OH),Tennessee,11,6,5,56,0.049474477767944336,0.9442629218101501,0.052605777978897095,0.9473942220211029
miami-oh,illinois,Miami (OH),Illinois,11,3,5,57,0.049925219267606735,0.9651483297348022,0.042388444766402245,0.9576115552335978
miami-oh,virginia,Miami (OH),Virginia,11,3,5,58,0.13413278758525848,0.816296398639679,0.15891819447278976,0.8410818055272102
miami-oh,pennsylvania,Miami (OH),Pennsylvania,11,14,5,59,0.687880277633667,0.3795340955257416,0.6541730910539627,0.3458269089460373
miami-oh,wright-state,Miami (OH),Wright State,11,14,5,60,0.6198460459709167,0.39949625730514526,0.6101748943328857,0.38982510566711426
miami-oh,saint-marys-ca,Miami (OH),Saint Mary's (CA),11,7,5,61,0.10406187921762466,0.8909967541694641,0.10653256252408028,0.8934674374759197
miami-oh,texas-am,Miami (OH),Texas A&M,11,10,5,62,0.09944770485162735,0.9181123375892639,0.09066768363118172,0.9093323163688183
miami-oh,houston,Miami (OH),Houston,11,2,5,63,0.026380492374300957,0.9718149900436401,0.02728275116533041,0.9727172488346696
miami-oh,idaho,Miami (OH),Idaho,11,15,5,64,0.6655964255332947,0.37444037199020386,0.6455780267715454,0.3544219732284546
miami-oh,kentucky,Miami (OH),Kentucky,11,7,5,65,0.07362465560436249,0.9519903659820557,0.06081714481115341,0.9391828551888466
miami-oh,santa-clara,Miami (OH),Santa Clara,11,10,5,66,0.19890879094600677,0.8035693168640137,0.19766973704099655,0.8023302629590034
miami-oh,iowa-state,Miami (OH),Iowa State,11,2,5,67,0.04117616266012192,0.9633320569992065,0.03892205283045769,0.9610779471695423
miami-oh,tennessee-state,Miami (OH),Tennessee State,11,15,5,68,0.6338671445846558,0.3138955235481262,0.6599858105182648,0.34001418948173523
lehigh,southern-methodist,Lehigh,Southern Methodist,16,11,6,7,0.06201624497771263,0.9569819569587708,0.05251714400947094,0.9474828559905291
lehigh,north-carolina-state,Lehigh,NC State,16,11,6,8,0.06493299454450607,0.9437800645828247,0.06057646498084068,0.9394235350191593
lehigh,duke,Lehigh,Duke,16,1,6,9,0.02350563183426857,0.9898660778999329,0.016819776967167854,0.9831802230328321
lehigh,arizona,Lehigh,Arizona,16,1,6,10,0.015660135075449944,0.9860731363296509,0.014793499372899532,0.9852065006271005
lehigh,siena,Lehigh,Siena,16,16,6,11,0.34410175681114197,0.6431940793991089,0.35045383870601654,0.6495461612939835
lehigh,long-island-university,Lehigh,Long Island University,16,16,6,12,0.41523972153663635,0.6090075969696045,0.40311606228351593,0.5968839377164841
lehigh,ohio-state,Lehigh,Ohio State,16,8,6,13,0.02073579654097557,0.9843819737434387,0.018176911398768425,0.9818230886012316
lehigh,villanova,Lehigh,Villanova,16,8,6,14,0.02355857565999031,0.9637105464935303,0.02992401458323002,0.97007598541677
lehigh,texas-christian,Lehigh,TCU,16,9,6,15,0.023997178301215172,0.9834996461868286,0.02024876605719328,0.9797512339428067
lehigh,utah-state,Lehigh,Utah State,16,9,6,16,0.025996798649430275,0.9665721654891968,0.02971231658011675,0.9702876834198833
lehigh,st-johns-ny,Lehigh,St. John's (NY),16,5,6,17,0.0146287577226758,0.9785335659980774,0.018047595862299204,0.9819524041377008
lehigh,wisconsin,Lehigh,Wisconsin,16,5,6,18,0.01354914903640747,0.9773404598236084,0.018104344606399536,0.9818956553936005
lehigh,northern-iowa,Lehigh,Northern Iowa,16,12,6,19,0.07479516416788101,0.90169757604599,0.08654879406094551,0.9134512059390545
lehigh,high-point,Lehigh,High Point,16,12,6,20,0.05768615007400513,0.9396633505821228,0.05901139974594116,0.9409886002540588
lehigh,kansas,Lehigh,Kansas,16,4,6,21,0.014365711249411106,0.9825603365898132,0.015902687329798937,0.9840973126702011
lehigh,arkansas,Lehigh,Arkansas,16,4,6,22,0.0171920508146286,0.9785062670707703,0.01934289187192917,0.9806571081280708
lehigh,california-baptist,Lehigh,California Baptist,16,13,6,23,0.22228454053401947,0.7608092427253723,0.23073764890432358,0.7692623510956764
lehigh,louisville,Lehigh,Louisville,16,6,6,24,0.013884739950299263,0.9846755862236023,0.014604576863348484,0.9853954231366515
lehigh,hawaii,Lehigh,Hawaii,16,13,6,25,0.18897099792957306,0.7919840812683105,0.19849345833063126,0.8015065416693687
lehigh,south-florida,Lehigh,South Florida,16,11,6,26,0.0700659528374672,0.9145474433898926,0.07775925472378731,0.9222407452762127
lehigh,brigham-young,Lehigh,Brigham Young,16,6,6,27,0.022499272599816322,0.9730561375617981,0.024721567519009113,0.9752784324809909
lehigh,michigan-state,Lehigh,Michigan State,16,3,6,28,0.038836345076560974,0.9754897356033325,0.03167330473661423,0.9683266952633858
lehigh,gonzaga,Lehigh,Gonzaga,16,3,6,29,0.012919281609356403,0.9832583665847778,0.014830457512289286,0.9851695424877107
lehigh,north-dakota-state,Lehigh,North Dakota State,16,14,6,30,0.10085178911685944,0.87532639503479,0.1127626970410347,0.8872373029589653
lehigh,kennesaw-state,Lehigh,Kennesaw State,16,14,6,31,0.2234545797109604,0.7867857813835144,0.218334399163723,0.781665600836277
lehigh,ucla,Lehigh,UCLA,16,7,6,32,0.015660664066672325,0.983745813369751,0.015957425348460674,0.9840425746515393
lehigh,miami-fl,Lehigh,Miami (FL),16,7,6,33,0.041315708309412,0.9481337666511536,0.04659097082912922,0.9534090291708708
lehigh,central-florida,Lehigh,UCF,16,10,6,34,0.033262379467487335,0.959997832775116,0.036632273346185684,0.9633677266538143
lehigh,connecticut,Lehigh,Connecticut,16,2,6,35,0.013342468068003654,0.9853873252868652,0.01397757139056921,0.9860224286094308
lehigh,missouri,Lehigh,Missouri,16,10,6,36,0.0532415434718132,0.9404807686805725,0.056380387395620346,0.9436196126043797
lehigh,purdue,Lehigh,Purdue,16,2,6,37,0.017472002655267715,0.9863953590393066,0.015538321807980537,0.9844616781920195
lehigh,furman,Lehigh,Furman,16,15,6,38,0.3016400635242462,0.6988495588302612,0.3013952523469925,0.6986047476530075
lehigh,queens-nc,Lehigh,Queens (NC),16,15,6,39,0.32117167115211487,0.6723978519439697,0.32438690960407257,0.6756130903959274
lehigh,florida,Lehigh,Florida,16,1,6,40,0.012703417800366879,0.9861482381820679,0.013277589809149504,0.9867224101908505
lehigh,michigan,Lehigh,Michigan,16,1,6,41,0.0215383879840374,0.9889955520629883,0.01627141796052456,0.9837285820394754
lehigh,clemson,Lehigh,Clemson,16,8,6,42,0.026869136840105057,0.9660025835037231,0.030433276668190956,0.969566723331809
lehigh,georgia,Lehigh,Georgia,16,8,6,43,0.012544377706944942,0.9744271039962769,0.019058636855334044,0.980941363144666
lehigh,iowa,Lehigh,Iowa,16,9,6,44,0.029247503727674484,0.9781947731971741,0.025526365265250206,0.9744736347347498
lehigh,saint-louis,Lehigh,Saint Louis,16,9,6,45,0.06845924258232117,0.9391623139381409,0.06464846432209015,0.9353515356779099
lehigh,vanderbilt,Lehigh,Vanderbilt,16,5,6,46,0.013770170509815216,0.9877246022224426,0.013022784143686295,0.9869772158563137
lehigh,texas-tech,Lehigh,Texas Tech,16,5,6,47,0.027722937986254692,0.9813629388809204,0.02317999955266714,0.9768200004473329
lehigh,mcneese-state,Lehigh,McNeese State,16,12,6,48,0.04945337027311325,0.9355741143226624,0.05693962797522545,0.9430603720247746
lehigh,akron,Lehigh,Akron,16,12,6,49,0.06793136149644852,0.9073639512062073,0.08028370514512062,0.9197162948548794
lehigh,nebraska,Lehigh,Nebraska,16,4,6,50,0.020562341436743736,0.9798429608345032,0.02035969030112028,0.9796403096988797
lehigh,alabama,Lehigh,Alabama,16,4,6,51,0.019240889698266983,0.9794570803642273,0.019891904667019844,0.9801080953329802
lehigh,troy,Lehigh,Troy,16,13,6,52,0.14971676468849182,0.8318522572517395,0.15893225371837616,0.8410677462816238
lehigh,north-carolina,Lehigh,North Carolina,16,6,6,53,0.014660216867923737,0.9819324612617493,0.016363877803087234,0.9836361221969128
lehigh,hofstra,Lehigh,Hofstra,16,13,6,54,0.10517395287752151,0.8785134553909302,0.11333024874329567,0.8866697512567043
lehigh,virginia-commonwealth,Lehigh,Virginia Commonwealth,16,11,6,55,0.03032766468822956,0.9580017328262329,0.036162965930998325,0.9638370340690017
lehigh,tennessee,Lehigh,Tennessee,16,6,6,56,0.01569676771759987,0.9816369414329529,0.017029913142323494,0.9829700868576765
lehigh,illinois,Lehigh,Illinois,16,3,6,57,0.023149684071540833,0.9844059944152832,0.019371844828128815,0.9806281551718712
lehigh,virginia,Lehigh,Virginia,16,3,6,58,0.03385113924741745,0.9721840620040894,0.030833538621664047,0.969166461378336
lehigh,pennsylvania,Lehigh,Pennsylvania,16,14,6,59,0.26800766587257385,0.7225456833839417,0.2727309912443161,0.7272690087556839
lehigh,wright-state,Lehigh,Wright State,16,14,6,60,0.21502137184143066,0.765390932559967,0.2248152196407318,0.7751847803592682
lehigh,saint-marys-ca,Lehigh,Saint Mary's (CA),16,7,6,61,0.017236784100532532,0.9746993780136108,0.021268703043460846,0.9787312969565392
lehigh,texas-am,Lehigh,Texas A&M,16,10,6,62,0.022307178005576134,0.9586741924285889,0.03181649278849363,0.9681835072115064
lehigh,houston,Lehigh,Houston,16,2,6,63,0.013075060211122036,0.9884577393531799,0.012308660428971052,0.987691339571029
lehigh,idaho,Lehigh,Idaho,16,15,6,64,0.23983684182167053,0.7264882922172546,0.25667427480220795,0.743325725197792
lehigh,kentucky,Lehigh,Kentucky,16,7,6,65,0.01708301156759262,0.9841076135635376,0.01648769900202751,0.9835123009979725
lehigh,santa-clara,Lehigh,Santa Clara,16,10,6,66,0.029960080981254578,0.9701377153396606,0.029911182820796967,0.970088817179203
lehigh,iowa-state,Lehigh,Iowa State,16,2,6,67,0.014942936599254608,0.9829855561256409,0.01597869023680687,0.9840213097631931
lehigh,tennessee-state,Lehigh,Tennessee State,16,15,6,68,0.28676414489746094,0.7336310148239136,0.2765665650367737,0.7234334349632263
southern-methodist,north-carolina-state,Southern Methodist,NC State,11,11,7,8,0.48973551392555237,0.4996611475944519,0.49503718316555023,0.5049628168344498
southern-methodist,duke,Southern Methodist,Duke,11,1,7,9,0.07701576501131058,0.9562099575996399,0.06040290370583534,0.9395970962941647
southern-methodist,arizona,Southern Methodist,Arizona,11,1,7,10,0.1889195591211319,0.8577890992164612,0.16556522995233536,0.8344347700476646
southern-methodist,siena,Southern Methodist,Siena,11,16,7,11,0.8793094754219055,0.18147960305213928,0.8489149361848831,0.15108506381511688
southern-methodist,long-island-university,Southern Methodist,Long Island University,11,16,7,12,0.9108577370643616,0.14382381737232208,0.8835169598460197,0.11648304015398026
southern-methodist,ohio-state,Southern Methodist,Ohio State,11,8,7,13,0.3795875906944275,0.6224768757820129,0.3785553574562073,0.6214446425437927
southern-methodist,villanova,Southern Methodist,Villanova,11,8,7,14,0.48961392045021057,0.5329484343528748,0.4783327430486679,0.5216672569513321
southern-methodist,texas-christian,Southern Methodist,TCU,11,9,7,15,0.47327008843421936,0.5594253540039062,0.45692236721515656,0.5430776327848434
southern-methodist,utah-state,Southern Methodist,Utah State,11,9,7,16,0.3827062249183655,0.6125568151473999,0.3850747048854828,0.6149252951145172
southern-methodist,st-johns-ny,Southern Methodist,St. John's (NY),11,5,7,17,0.3483395576477051,0.6926759481430054,0.32783180475234985,0.6721681952476501
southern-methodist,wisconsin,Southern Methodist,Wisconsin,11,5,7,18,0.3386034071445465,0.6688905954360962,0.33485640585422516,0.6651435941457748
southern-methodist,northern-iowa,Southern Methodist,Northern Iowa,11,12,7,19,0.5901505947113037,0.4373524785041809,0.5763990581035614,0.4236009418964386
southern-methodist,high-point,Southern Methodist,High Point,11,12,7,20,0.6084516048431396,0.36697590351104736,0.6207378506660461,0.37926214933395386
southern-methodist,kansas,Southern Methodist,Kansas,11,4,7,21,0.3604559898376465,0.6291416883468628,0.36565715074539185,0.6343428492546082
southern-methodist,arkansas,Southern Methodist,Arkansas,11,4,7,22,0.3567447364330292,0.6569240093231201,0.34991036355495453,0.6500896364450455
southern-methodist,california-baptist,Southern Methodist,California Baptist,11,13,7,23,0.7848320007324219,0.21775409579277039,0.7835389524698257,0.21646104753017426
southern-methodist,louisville,Southern Methodist,Louisville,11,6,7,24,0.3468169867992401,0.6926515102386475,0.3270827382802963,0.6729172617197037
southern-methodist,hawaii,Southern Methodist,Hawaii,11,13,7,25,0.8171420097351074,0.19528259336948395,0.8109297081828117,0.18907029181718826
southern-methodist,south-florida,Southern Methodist,South Florida,11,11,7,26,0.4777013063430786,0.5356505513191223,0.47102537751197815,0.5289746224880219
southern-methodist,brigham-young,Southern Methodist,Brigham Young,11,6,7,27,0.3762059807777405,0.6229658722877502,0.3766200542449951,0.6233799457550049
southern-methodist,michigan-state,Southern Methodist,Michigan State,11,3,7,28,0.22697949409484863,0.7876396775245667,0.219669908285141,0.780330091714859
southern-methodist,gonzaga,Southern Methodist,Gonzaga,11,3,7,29,0.19394871592521667,0.7905479669570923,0.2017003744840622,0.7982996255159378
southern-methodist,north-dakota-state,Southern Methodist,North Dakota State,11,14,7,30,0.72453773021698,0.20781247317790985,0.7583626285195351,0.24163737148046494
southern-methodist,kennesaw-state,Southern Methodist,Kennesaw State,11,14,7,31,0.7517181634902954,0.21871887147426605,0.7664996460080147,0.23350035399198532
southern-methodist,ucla,Southern Methodist,UCLA,11,7,7,32,0.37504464387893677,0.6523057818412781,0.36136943101882935,0.6386305689811707
southern-methodist,miami-fl,Southern Methodist,Miami (FL),11,7,7,33,0.364757239818573,0.606319785118103,0.379218727350235,0.620781272649765
southern-methodist,central-florida,Southern Methodist,UCF,11,10,7,34,0.5643680691719055,0.46625104546546936,0.5490585118532181,0.4509414881467819
southern-methodist,connecticut,Southern Methodist,Connecticut,11,2,7,35,0.24767401814460754,0.7440163493156433,0.2518288344144821,0.7481711655855179
southern-methodist,missouri,Southern Methodist,Missouri,11,10,7,36,0.5823974609375,0.4223504364490509,0.5800235122442245,0.41997648775577545
southern-methodist,purdue,Southern Methodist,Purdue,11,2,7,37,0.2036130726337433,0.7970979809761047,0.20325754582881927,0.7967424541711807
southern-methodist,furman,Southern Methodist,Furman,11,15,7,38,0.8118312954902649,0.16579286754131317,0.8230192139744759,0.17698078602552414
southern-methodist,queens-nc,Southern Methodist,Queens (NC),11,15,7,39,0.8705909848213196,0.12228083610534668,0.8741550743579865,0.12584492564201355
southern-methodist,florida,Southern Methodist,Florida,11,1,7,40,0.1276417225599289,0.9187933206558228,0.10442420095205307,0.8955757990479469
southern-methodist,michigan,Southern Methodist,Michigan,11,1,7,41,0.1245366707444191,0.8989084959030151,0.11281408742070198,0.887185912579298
southern-methodist,clemson,Southern Methodist,Clemson,11,8,7,42,0.42928874492645264,0.5364845991134644,0.44640207290649414,0.5535979270935059
southern-methodist,georgia,Southern Methodist,Georgia,11,8,7,43,0.36943021416664124,0.6204264163970947,0.37450189888477325,0.6254981011152267
southern-methodist,iowa,Southern Methodist,Iowa,11,9,7,44,0.4053385257720947,0.5812117457389832,0.4120633900165558,0.5879366099834442
southern-methodist,saint-louis,Southern Methodist,Saint Louis,11,9,7,45,0.4574796259403229,0.5330407023429871,0.4622194617986679,0.5377805382013321
southern-methodist,vanderbilt,Southern Methodist,Vanderbilt,11,5,7,46,0.3026250898838043,0.6763142347335815,0.3131554275751114,0.6868445724248886
southern-methodist,texas-tech,Southern Methodist,Texas Tech,11,5,7,47,0.40349850058555603,0.6464308500289917,0.37853382527828217,0.6214661747217178
southern-methodist,mcneese-state,Southern Methodist,McNeese State,11,12,7,48,0.5197729468345642,0.46602264046669006,0.5268751531839371,0.4731248468160629
southern-methodist,akron,Southern Methodist,Akron,11,12,7,49,0.6953353881835938,0.2987268269062042,0.6983042806386948,0.30169571936130524
southern-methodist,nebraska,Southern Methodist,Nebraska,11,4,7,50,0.37221840023994446,0.6737365126609802,0.3492409437894821,0.6507590562105179
southern-methodist,alabama,Southern Methodist,Alabama,11,4,7,51,0.2041495144367218,0.775494396686554,0.21432755887508392,0.7856724411249161
southern-methodist,troy,Southern Methodist,Troy,11,13,7,52,0.7184436917304993,0.3233325183391571,0.6975555866956711,0.3024444133043289
southern-methodist,north-carolina,Southern Methodist,North Carolina,11,6,7,53,0.4673577547073364,0.5868864059448242,0.4402356743812561,0.5597643256187439
southern-methodist,hofstra,Southern Methodist,Hofstra,11,13,7,54,0.6252778172492981,0.3427332639694214,0.6412722766399384,0.35872772336006165
southern-methodist,virginia-commonwealth,Southern Methodist,Virginia Commonwealth,11,11,7,55,0.5295456051826477,0.462625652551651,0.5334599763154984,0.46654002368450165
southern-methodist,tennessee,Southern Methodist,Tennessee,11,6,7,56,0.2546684741973877,0.7582186460494995,0.2482249140739441,0.7517750859260559
southern-methodist,illinois,Southern Methodist,Illinois,11,3,7,57,0.167402982711792,0.8107273578643799,0.17833781242370605,0.821662187576294
southern-methodist,virginia,Southern Methodist,Virginia,11,3,7,58,0.28416576981544495,0.7067940831184387,0.2886858433485031,0.7113141566514969
southern-methodist,pennsylvania,Southern Methodist,Pennsylvania,11,14,7,59,0.8093167543411255,0.14534781873226166,0.8319844678044319,0.16801553219556808
southern-methodist,wright-state,Southern Methodist,Wright State,11,14,7,60,0.8582470417022705,0.1742960810661316,0.8419754803180695,0.15802451968193054
southern-methodist,saint-marys-ca,Southern Methodist,Saint Mary's (CA),11,7,7,61,0.2368665486574173,0.7334532737731934,0.25170663744211197,0.748293362557888
southern-methodist,texas-am,Southern Methodist,Texas A&M,11,10,7,62,0.424003541469574,0.5623511075973511,0.43082621693611145,0.5691737830638885
southern-methodist,houston,Southern Methodist,Houston,11,2,7,63,0.16294951736927032,0.8586181402206421,0.15216568857431412,0.8478343114256859
southern-methodist,idaho,Southern Methodist,Idaho,11,15,7,64,0.8750540614128113,0.11779516190290451,0.8786294497549534,0.12137055024504662
southern-methodist,kentucky,Southern Methodist,Kentucky,11,7,7,65,0.37918686866760254,0.6598840355873108,0.3596514165401459,0.6403485834598541
southern-methodist,santa-clara,Southern Methodist,Santa Clara,11,10,7,66,0.4175887405872345,0.6063436269760132,0.40562255680561066,0.5943774431943893
southern-methodist,iowa-state,Southern Methodist,Iowa State,11,2,7,67,0.20299360156059265,0.7956587672233582,0.20366741716861725,0.7963325828313828
southern-methodist,tennessee-state,Southern Methodist,Tennessee State,11,15,7,68,0.8751583695411682,0.09639918059110641,0.8893795944750309,0.1106204055249691
north-carolina-state,duke,NC State,Duke,11,1,8,9,0.03619103506207466,0.9581159353256226,0.03903754986822605,0.960962450131774
north-carolina-state,arizona,NC State,Arizona,11,1,8,10,0.11081162840127945,0.8675410151481628,0.1216353066265583,0.8783646933734417
north-carolina-state,siena,NC State,Siena,11,16,8,11,0.8816239833831787,0.1947041004896164,0.8434599414467812,0.15654005855321884
north-carolina-state,long-island-university,NC State,Long Island University,11,16,8,12,0.8930050134658813,0.11887501180171967,0.8870650008320808,0.11293499916791916
north-carolina-state,ohio-state,NC State,Ohio State,11,8,8,13,0.37329721450805664,0.6114193797111511,0.38093891739845276,0.6190610826015472
north-carolina-state,villanova,NC State,Villanova,11,8,8,14,0.5249398350715637,0.4466012716293335,0.5391692817211151,0.4608307182788849
north-carolina-state,texas-christian,NC State,TCU,11,9,8,15,0.44092273712158203,0.525890052318573,0.4575163424015045,0.5424836575984955
north-carolina-state,utah-state,NC State,Utah State,11,9,8,16,0.4104979634284973,0.5819295644760132,0.41428419947624207,0.5857158005237579
north-carolina-state,st-johns-ny,NC State,St. John's (NY),11,5,8,17,0.30485793948173523,0.6933318376541138,0.30576305091381073,0.6942369490861893
north-carolina-state,wisconsin,NC State,Wisconsin,11,5,8,18,0.28677594661712646,0.6922031044960022,0.29728642106056213,0.7027135789394379
north-carolina-state,northern-iowa,NC State,Northern Iowa,11,12,8,19,0.5837072134017944,0.3187389373779297,0.6324841380119324,0.3675158619880676
north-carolina-state,high-point,NC State,High Point,11,12,8,20,0.6260843873023987,0.38566866517066956,0.6202078610658646,0.37979213893413544
north-carolina-state,kansas,NC State,Kansas,11,4,8,21,0.35615524649620056,0.5839195251464844,0.3861178606748581,0.6138821393251419
north-carolina-state,arkansas,NC State,Arkansas,11,4,8,22,0.26365089416503906,0.7259227633476257,0.26886406540870667,0.7311359345912933
north-carolina-state,california-baptist,NC State,California Baptist,11,13,8,23,0.784625768661499,0.19334302842617035,0.7956413701176643,0.20435862988233566
north-carolina-state,louisville,NC State,Louisville,11,6,8,24,0.32362663745880127,0.6422154307365417,0.34070560336112976,0.6592943966388702
north-carolina-state,hawaii,NC State,Hawaii,11,13,8,25,0.7071011066436768,0.23691312968730927,0.7350939884781837,0.26490601152181625
north-carolina-state,south-florida,NC State,South Florida,11,11,8,26,0.5663148164749146,0.4281107187271118,0.5691020488739014,0.43089795112609863
north-carolina-state,brigham-young,NC State,Brigham Young,11,6,8,27,0.36848005652427673,0.5554200410842896,0.4065300077199936,0.5934699922800064
north-carolina-state,michigan-state,NC State,Michigan State,11,3,8,28,0.20469361543655396,0.7649325132369995,0.21988055109977722,0.7801194489002228
north-carolina-state,gonzaga,NC State,Gonzaga,11,3,8,29,0.14175784587860107,0.8671766519546509,0.1372905969619751,0.8627094030380249
north-carolina-state,north-dakota-state,NC State,North Dakota State,11,14,8,30,0.6935794353485107,0.2388167381286621,0.7273813486099243,0.2726186513900757
north-carolina-state,kennesaw-state,NC State,Kennesaw State,11,14,8,31,0.7067751884460449,0.21000631153583527,0.7483844384551048,0.25161556154489517
north-carolina-state,ucla,NC State,UCLA,11,7,8,32,0.3332882523536682,0.6103231906890869,0.36148253083229065,0.6385174691677094
north-carolina-state,miami-fl,NC State,Miami (FL),11,7,8,33,0.3966348469257355,0.5982697010040283,0.3991825729608536,0.6008174270391464
north-carolina-state,central-florida,NC State,UCF,11,10,8,34,0.5190277695655823,0.3732013404369354,0.5729132145643234,0.4270867854356766
north-carolina-state,connecticut,NC State,Connecticut,11,2,8,35,0.2666033208370209,0.7028905749320984,0.28185637295246124,0.7181436270475388
north-carolina-state,missouri,NC State,Missouri,11,10,8,36,0.5204554200172424,0.45759332180023193,0.5314310491085052,0.46856895089149475
north-carolina-state,purdue,NC State,Purdue,11,2,8,37,0.19013787806034088,0.7971593737602234,0.19648925215005875,0.8035107478499413
north-carolina-state,furman,NC State,Furman,11,15,8,38,0.7941575050354004,0.18032866716384888,0.8069144189357758,0.19308558106422424
north-carolina-state,queens-nc,NC State,Queens (NC),11,15,8,39,0.8556538820266724,0.11884208023548126,0.8684059008955956,0.13159409910440445
north-carolina-state,florida,NC State,Florida,11,1,8,40,0.09485509246587753,0.9282679557800293,0.08329356834292412,0.9167064316570759
north-carolina-state,michigan,NC State,Michigan,11,1,8,41,0.11177970468997955,0.8709072470664978,0.12043622881174088,0.8795637711882591
north-carolina-state,clemson,NC State,Clemson,11,8,8,42,0.4380623698234558,0.4759553372859955,0.48105351626873016,0.5189464837312698
north-carolina-state,georgia,NC State,Georgia,11,8,8,43,0.3380265235900879,0.6500478982925415,0.3439893126487732,0.6560106873512268
north-carolina-state,iowa,NC State,Iowa,11,9,8,44,0.43431705236434937,0.5160409212112427,0.45913806557655334,0.5408619344234467
north-carolina-state,saint-louis,NC State,Saint Louis,11,9,8,45,0.45589372515678406,0.5661401152610779,0.4448768049478531,0.5551231950521469
north-carolina-state,vanderbilt,NC State,Vanderbilt,11,5,8,46,0.2709338366985321,0.7490245699882507,0.2609546333551407,0.7390453666448593
north-carolina-state,texas-tech,NC State,Texas Tech,11,5,8,47,0.2675950229167938,0.7448801398277283,0.2613574415445328,0.7386425584554672
north-carolina-state,mcneese-state,NC State,McNeese State,11,12,8,48,0.45054692029953003,0.45133262872695923,0.4996071457862854,0.5003928542137146
north-carolina-state,akron,NC State,Akron,11,12,8,49,0.6417720913887024,0.3298340141773224,0.65596903860569,0.34403096139431
north-carolina-state,nebraska,NC State,Nebraska,11,4,8,50,0.40452510118484497,0.574063241481781,0.415230929851532,0.584769070148468
north-carolina-state,alabama,NC State,Alabama,11,4,8,51,0.17692208290100098,0.829765260219574,0.1735784113407135,0.8264215886592865
north-carolina-state,troy,NC State,Troy,11,13,8,52,0.6809288263320923,0.2553790807723999,0.7127748727798462,0.2872251272201538
north-carolina-state,north-carolina,NC State,North Carolina,11,6,8,53,0.395110547542572,0.5288935899734497,0.43310847878456116,0.5668915212154388
north-carolina-state,hofstra,NC State,Hofstra,11,13,8,54,0.7333688735961914,0.3111077845096588,0.7111305445432663,0.2888694554567337
north-carolina-state,virginia-commonwealth,NC State,Virginia Commonwealth,11,11,8,55,0.5051882863044739,0.43331968784332275,0.5359342992305756,0.46406570076942444
north-carolina-state,tennessee,NC State,Tennessee,11,6,8,56,0.193802610039711,0.7906495332717896,0.20157653838396072,0.7984234616160393
north-carolina-state,illinois,NC State,Illinois,11,3,8,57,0.14051109552383423,0.8252886533737183,0.15761122107505798,0.842388778924942
north-carolina-state,virginia,NC State,Virginia,11,3,8,58,0.31205984950065613,0.6205410361289978,0.34575940668582916,0.6542405933141708
north-carolina-state,pennsylvania,NC State,Pennsylvania,11,14,8,59,0.8119614124298096,0.13631318509578705,0.8378241136670113,0.16217588633298874
north-carolina-state,wright-state,NC State,Wright State,11,14,8,60,0.768875777721405,0.21127578616142273,0.7787999957799911,0.22120000422000885
north-carolina-state,saint-marys-ca,NC State,Saint Mary's (CA),11,7,8,61,0.2961650490760803,0.7081136107444763,0.294025719165802,0.705974280834198
north-carolina-state,texas-am,NC State,Texas A&M,11,10,8,62,0.4227094352245331,0.4732588529586792,0.47472529113292694,0.5252747088670731
north-carolina-state,houston,NC State,Houston,11,2,8,63,0.10359348356723785,0.897146999835968,0.10322324186563492,0.8967767581343651
north-carolina-state,idaho,NC State,Idaho,11,15,8,64,0.8112668395042419,0.1502397060394287,0.8305135667324066,0.16948643326759338
north-carolina-state,kentucky,NC State,Kentucky,11,7,8,65,0.3219863176345825,0.6321236491203308,0.34493133425712585,0.6550686657428741
north-carolina-state,santa-clara,NC State,Santa Clara,11,10,8,66,0.40051716566085815,0.5589529275894165,0.4207821190357208,0.5792178809642792
north-carolina-state,iowa-state,NC State,Iowa State,11,2,8,67,0.162875235080719,0.8040131330490112,0.17943105101585388,0.8205689489841461
north-carolina-state,tennessee-state,NC State,Tennessee State,11,15,8,68,0.9123384356498718,0.21663710474967957,0.8478506654500961,0.15214933454990387
duke,arizona,Duke,Arizona,1,1,9,10,0.598153293132782,0.39825570583343506,0.5999487936496735,0.40005120635032654
duke,siena,Duke,Siena,1,16,9,11,0.9757859110832214,0.01984342373907566,0.9779712436720729,0.022028756327927113
duke,long-island-university,Duke,Long Island University,1,16,9,12,0.9783944487571716,0.0330805703997612,0.9726569391787052,0.027343060821294785
duke,ohio-state,Duke,Ohio State,1,8,9,13,0.9019653797149658,0.10232178866863251,0.8998217955231667,0.10017820447683334
duke,villanova,Duke,Villanova,1,8,9,14,0.9378266334533691,0.06921292841434479,0.9343068525195122,0.06569314748048782
duke,texas-christian,Duke,TCU,1,9,9,15,0.9261915683746338,0.06786798685789108,0.9291617907583714,0.07083820924162865
duke,utah-state,Duke,Utah State,1,9,9,16,0.9044166207313538,0.0758589506149292,0.9142788350582123,0.08572116494178772
duke,st-johns-ny,Duke,St. John's (NY),1,5,9,17,0.7963660955429077,0.17815043032169342,0.8091078326106071,0.19089216738939285
duke,wisconsin,Duke,Wisconsin,1,5,9,18,0.823951780796051,0.1379677802324295,0.8429920002818108,0.15700799971818924
duke,northern-iowa,Duke,Northern Iowa,1,12,9,19,0.9657291173934937,0.03487461060285568,0.965427253395319,0.034572746604681015
duke,high-point,Duke,High Point,1,12,9,20,0.9734522700309753,0.026495812460780144,0.9734782287850976,0.0265217712149024
duke,kansas,Duke,Kansas,1,4,9,21,0.8626961708068848,0.13147182762622833,0.8656121715903282,0.13438782840967178
duke,arkansas,Duke,Arkansas,1,4,9,22,0.8645790815353394,0.12718571722507477,0.8686966821551323,0.1313033178448677
duke,california-baptist,Duke,California Baptist,1,13,9,23,0.9785096049308777,0.024692269042134285,0.9769086679443717,0.0230913320556283
duke,louisville,Duke,Louisville,1,6,9,24,0.8042926788330078,0.1533910036087036,0.8254508376121521,0.1745491623878479
duke,hawaii,Duke,Hawaii,1,13,9,25,0.9628691077232361,0.03557815030217171,0.9636454787105322,0.03635452128946781
duke,south-florida,Duke,South Florida,1,11,9,26,0.9425082206726074,0.031095977872610092,0.9557061213999987,0.044293878600001335
duke,brigham-young,Duke,Brigham Young,1,6,9,27,0.8855388164520264,0.1524534523487091,0.8665426820516586,0.13345731794834137
duke,michigan-state,Duke,Michigan State,1,3,9,28,0.7668553590774536,0.2408614307641983,0.7629969641566277,0.23700303584337234
duke,gonzaga,Duke,Gonzaga,1,3,9,29,0.7300801873207092,0.2620983123779297,0.7339909374713898,0.26600906252861023
duke,north-dakota-state,Duke,North Dakota State,1,14,9,30,0.9697096347808838,0.021573320031166077,0.9740681573748589,0.025931842625141144
duke,kennesaw-state,Duke,Kennesaw State,1,14,9,31,0.9818450212478638,0.02436615340411663,0.9787394339218736,0.02126056607812643
duke,ucla,Duke,UCLA,1,7,9,32,0.8745965361595154,0.11594635248184204,0.8793250918388367,0.12067490816116333
duke,miami-fl,Duke,Miami (FL),1,7,9,33,0.9357936978340149,0.05038192868232727,0.9427058845758438,0.05729411542415619
duke,central-florida,Duke,UCF,1,10,9,34,0.972322940826416,0.040377113968133926,0.965972913429141,0.034027086570858955
duke,connecticut,Duke,Connecticut,1,2,9,35,0.7820453643798828,0.2224225103855133,0.7798114269971848,0.22018857300281525
duke,missouri,Duke,Missouri,1,10,9,36,0.9404425024986267,0.06306156516075134,0.9386904686689377,0.06130953133106232
duke,purdue,Duke,Purdue,1,2,9,37,0.7370595335960388,0.23794998228549957,0.7495547756552696,0.2504452243447304
duke,furman,Duke,Furman,1,15,9,38,0.9843754172325134,0.016603436321020126,0.9838859904557467,0.01611400954425335
duke,queens-nc,Duke,Queens (NC),1,15,9,39,0.9797123670578003,0.016677100211381912,0.9815176334232092,0.01848236657679081
duke,florida,Duke,Florida,1,1,9,40,0.6049248576164246,0.4363744258880615,0.5842752158641815,0.4157247841358185
duke,michigan,Duke,Michigan,1,1,9,41,0.6459211707115173,0.3817012310028076,0.6321099698543549,0.36789003014564514
duke,clemson,Duke,Clemson,1,8,9,42,0.9164268970489502,0.08035306632518768,0.9180369153618813,0.08196308463811874
duke,georgia,Duke,Georgia,1,8,9,43,0.903226912021637,0.08591780811548233,0.9086545519530773,0.09134544804692268
duke,iowa,Duke,Iowa,1,9,9,44,0.925713062286377,0.10220188647508621,0.9117555879056454,0.08824441209435463
duke,saint-louis,Duke,Saint Louis,1,9,9,45,0.9405961632728577,0.04763983562588692,0.9464781638234854,0.053521836176514626
duke,vanderbilt,Duke,Vanderbilt,1,5,9,46,0.8219571113586426,0.1819128692150116,0.8200221210718155,0.1799778789281845
duke,texas-tech,Duke,Texas Tech,1,5,9,47,0.7827309966087341,0.19336853921413422,0.7946812286973,0.20531877130270004
duke,mcneese-state,Duke,McNeese State,1,12,9,48,0.9477534890174866,0.0425146147608757,0.9526194371283054,0.047380562871694565
duke,akron,Duke,Akron,1,12,9,49,0.9679074287414551,0.02166234888136387,0.9731225399300456,0.026877460069954395
duke,nebraska,Duke,Nebraska,1,4,9,50,0.8249384164810181,0.1489202082157135,0.8380091041326523,0.16199089586734772
duke,alabama,Duke,Alabama,1,4,9,51,0.7761212587356567,0.1825752705335617,0.7967729941010475,0.20322700589895248
duke,troy,Duke,Troy,1,13,9,52,0.9691264033317566,0.02996065653860569,0.9695828733965755,0.03041712660342455
duke,north-carolina,Duke,North Carolina,1,6,9,53,0.8911030292510986,0.09024741500616074,0.900427807122469,0.09957219287753105
duke,hofstra,Duke,Hofstra,1,13,9,54,0.9673621654510498,0.022592643275856972,0.9723847610875964,0.027615238912403584
duke,virginia-commonwealth,Duke,Virginia Commonwealth,1,11,9,55,0.9305946230888367,0.05600176379084587,0.9372964296489954,0.0627035703510046
duke,tennessee,Duke,Tennessee,1,6,9,56,0.7496565580368042,0.2421288937330246,0.7537638321518898,0.2462361678481102
duke,illinois,Duke,Illinois,1,3,9,57,0.7044274210929871,0.31722843647003174,0.6935994923114777,0.30640050768852234
duke,virginia,Duke,Virginia,1,3,9,58,0.8855054974555969,0.09298586845397949,0.8962598145008087,0.10374018549919128
duke,pennsylvania,Duke,Pennsylvania,1,14,9,59,0.9814557433128357,0.02420545369386673,0.9786251448094845,0.021374855190515518
duke,wright-state,Duke,Wright State,1,14,9,60,0.9822543263435364,0.018450366333127022,0.9819019800052047,0.018098019994795322
duke,saint-marys-ca,Duke,Saint Mary's (CA),1,7,9,61,0.7843888998031616,0.2120766043663025,0.7861561477184296,0.21384385228157043
duke,texas-am,Duke,Texas A&M,1,10,9,62,0.9292731285095215,0.07431195676326752,0.927480585873127,0.07251941412687302
duke,houston,Duke,Houston,1,2,9,63,0.6807595491409302,0.3433166742324829,0.6687214374542236,0.33127856254577637
duke,idaho,Duke,Idaho,1,15,9,64,0.9762958288192749,0.025001285597682,0.9756472716107965,0.02435272838920355
duke,kentucky,Duke,Kentucky,1,7,9,65,0.8779410123825073,0.11226895451545715,0.8828360289335251,0.11716397106647491
duke,santa-clara,Duke,Santa Clara,1,10,9,66,0.8919119238853455,0.09120050072669983,0.9003557115793228,0.09964428842067719
duke,iowa-state,Duke,Iowa State,1,2,9,67,0.6777409911155701,0.3039293885231018,0.6869058012962341,0.31309419870376587
duke,tennessee-state,Duke,Tennessee State,1,15,9,68,0.9811457991600037,0.018789999186992645,0.9811778999865055,0.01882210001349449
arizona,siena,Arizona,Siena,1,16,10,11,0.9843111634254456,0.027059050276875496,0.978626056574285,0.02137394342571497
arizona,long-island-university,Arizona,Long Island University,1,16,10,12,0.9618728756904602,0.04053906723856926,0.9606669042259455,0.03933309577405453
arizona,ohio-state,Arizona,Ohio State,1,8,10,13,0.800380289554596,0.19276341795921326,0.8038084357976913,0.19619156420230865
arizona,villanova,Arizona,Villanova,1,8,10,14,0.8458807468414307,0.12025616317987442,0.8628122918307781,0.13718770816922188
arizona,texas-christian,Arizona,TCU,1,9,10,15,0.8252683877944946,0.14455944299697876,0.8403544723987579,0.15964552760124207
arizona,utah-state,Arizona,Utah State,1,9,10,16,0.7699941992759705,0.21634326875209808,0.7768254652619362,0.2231745347380638
arizona,st-johns-ny,Arizona,St. John's (NY),1,5,10,17,0.6916690468788147,0.24507558345794678,0.723296731710434,0.27670326828956604
arizona,wisconsin,Arizona,Wisconsin,1,5,10,18,0.7312983870506287,0.2359117865562439,0.7476933002471924,0.2523066997528076
arizona,northern-iowa,Arizona,Northern Iowa,1,12,10,19,0.9152328372001648,0.06535688787698746,0.9249379746615887,0.07506202533841133
arizona,high-point,Arizona,High Point,1,12,10,20,0.87241131067276,0.07294034212827682,0.8997354842722416,0.10026451572775841
arizona,kansas,Arizona,Kansas,1,4,10,21,0.7895564436912537,0.18852251768112183,0.8005169630050659,0.19948303699493408
arizona,arkansas,Arizona,Arkansas,1,4,10,22,0.7104611396789551,0.2208690494298935,0.7447960451245308,0.2552039548754692
arizona,california-baptist,Arizona,California Baptist,1,13,10,23,0.9734300971031189,0.014457136392593384,0.9794864803552628,0.020513519644737244
arizona,louisville,Arizona,Louisville,1,6,10,24,0.7068318724632263,0.2702208459377289,0.7183055132627487,0.2816944867372513
arizona,hawaii,Arizona,Hawaii,1,13,10,25,0.9710001349449158,0.02942056581377983,0.970789784565568,0.02921021543443203
arizona,south-florida,Arizona,South Florida,1,11,10,26,0.9345812797546387,0.05038139969110489,0.9420999400317669,0.05790005996823311
arizona,brigham-young,Arizona,Brigham Young,1,6,10,27,0.7275606989860535,0.2571025490760803,0.7352290749549866,0.2647709250450134
arizona,michigan-state,Arizona,Michigan State,1,3,10,28,0.641329288482666,0.32126811146736145,0.6600305885076523,0.3399694114923477
arizona,gonzaga,Arizona,Gonzaga,1,3,10,29,0.5284994840621948,0.43096092343330383,0.5487692803144455,0.4512307196855545
arizona,north-dakota-state,Arizona,North Dakota State,1,14,10,30,0.9577946662902832,0.03240325301885605,0.9626957066357136,0.03730429336428642
arizona,kennesaw-state,Arizona,Kennesaw State,1,14,10,31,0.9759268760681152,0.03122214414179325,0.972352365963161,0.02764763403683901
arizona,ucla,Arizona,UCLA,1,7,10,32,0.7239015102386475,0.22594743967056274,0.7489770352840424,0.25102296471595764
arizona,miami-fl,Arizona,Miami (FL),1,7,10,33,0.8700586557388306,0.1106552928686142,0.8797016814351082,0.12029831856489182
arizona,central-florida,Arizona,UCF,1,10,10,34,0.9458938837051392,0.07036251574754715,0.937765683978796,0.062234316021203995
arizona,connecticut,Arizona,Connecticut,1,2,10,35,0.6363401412963867,0.37665581703186035,0.6298421621322632,0.3701578378677368
arizona,missouri,Arizona,Missouri,1,10,10,36,0.8775137662887573,0.11881387233734131,0.879349946975708,0.12065005302429199
arizona,purdue,Arizona,Purdue,1,2,10,37,0.5921008586883545,0.43487533926963806,0.5786127597093582,0.4213872402906418
arizona,furman,Arizona,Furman,1,15,10,38,0.9782271385192871,0.021296627819538116,0.9784652553498745,0.021534744650125504
arizona,queens-nc,Arizona,Queens (NC),1,15,10,39,0.9847230911254883,0.017895793542265892,0.9834136487916112,0.016586351208388805
arizona,florida,Arizona,Florida,1,1,10,40,0.42390480637550354,0.4986858367919922,0.4626094847917557,0.5373905152082443
arizona,michigan,Arizona,Michigan,1,1,10,41,0.47254982590675354,0.4652705192565918,0.5036396533250809,0.49636034667491913
arizona,clemson,Arizona,Clemson,1,8,10,42,0.8045411705970764,0.17163825035095215,0.8164514601230621,0.18354853987693787
arizona,georgia,Arizona,Georgia,1,8,10,43,0.7860631346702576,0.1801300346851349,0.8029665499925613,0.19703345000743866
arizona,iowa,Arizona,Iowa,1,9,10,44,0.7160260081291199,0.23405876755714417,0.7409836202859879,0.25901637971401215
arizona,saint-louis,Arizona,Saint Louis,1,9,10,45,0.8950544595718384,0.10931027680635452,0.8928720913827419,0.10712790861725807
arizona,vanderbilt,Arizona,Vanderbilt,1,5,10,46,0.6203820109367371,0.27692562341690063,0.6717281937599182,0.3282718062400818
arizona,texas-tech,Arizona,Texas Tech,1,5,10,47,0.7000541090965271,0.28593337535858154,0.7070603668689728,0.2929396331310272
arizona,mcneese-state,Arizona,McNeese State,1,12,10,48,0.9039653539657593,0.05993599444627762,0.9220146797597408,0.07798532024025917
arizona,akron,Arizona,Akron,1,12,10,49,0.9424904584884644,0.03770549222826958,0.9523924831300974,0.04760751686990261
arizona,nebraska,Arizona,Nebraska,1,4,10,50,0.7256024479866028,0.2837015986442566,0.7209504246711731,0.2790495753288269
arizona,alabama,Arizona,Alabama,1,4,10,51,0.6949219107627869,0.27786901593208313,0.7085264474153519,0.29147355258464813
arizona,troy,Arizona,Troy,1,13,10,52,0.9766371250152588,0.04759931564331055,0.9645189046859741,0.03548109531402588
arizona,north-carolina,Arizona,North Carolina,1,6,10,53,0.764482319355011,0.22179295122623444,0.7713446840643883,0.22865531593561172
arizona,hofstra,Arizona,Hofstra,1,13,10,54,0.9342200756072998,0.04595731198787689,0.9441313818097115,0.055868618190288544
arizona,virginia-commonwealth,Arizona,Virginia Commonwealth,1,11,10,55,0.8596893548965454,0.11959265917539597,0.8700483478605747,0.12995165213942528
arizona,tennessee,Arizona,Tennessee,1,6,10,56,0.6400123238563538,0.3450213372707367,0.6474954932928085,0.35250450670719147
arizona,illinois,Arizona,Illinois,1,3,10,57,0.5577554106712341,0.46856653690338135,0.5445944368839264,0.4554055631160736
arizona,virginia,Arizona,Virginia,1,3,10,58,0.718909502029419,0.2787778973579407,0.7200658023357391,0.27993419766426086
arizona,pennsylvania,Arizona,Pennsylvania,1,14,10,59,0.9726815223693848,0.023426363244652748,0.974627579562366,0.02537242043763399
arizona,wright-state,Arizona,Wright State,1,14,10,60,0.9720020294189453,0.021628249436616898,0.9751868899911642,0.024813110008835793
arizona,saint-marys-ca,Arizona,Saint Mary's (CA),1,7,10,61,0.6947303414344788,0.3008447289466858,0.6969428062438965,0.3030571937561035
arizona,texas-am,Arizona,Texas A&M,1,10,10,62,0.8107288479804993,0.16059237718582153,0.8250682353973389,0.17493176460266113
arizona,houston,Arizona,Houston,1,2,10,63,0.5390722155570984,0.4773978590965271,0.5308371782302856,0.46916282176971436
arizona,idaho,Arizona,Idaho,1,15,10,64,0.9827324151992798,0.025782953947782516,0.9784747306257486,0.021525269374251366
arizona,kentucky,Arizona,Kentucky,1,7,10,65,0.8012177348136902,0.18366031348705292,0.8087787106633186,0.19122128933668137
arizona,santa-clara,Arizona,Santa Clara,1,10,10,66,0.7775898575782776,0.2008598893880844,0.7883649840950966,0.2116350159049034
arizona,iowa-state,Arizona,Iowa State,1,2,10,67,0.5874581933021545,0.3910655677318573,0.5981963127851486,0.4018036872148514
arizona,tennessee-state,Arizona,Tennessee State,1,15,10,68,0.9682410359382629,0.029959680512547493,0.9691406777128577,0.030859322287142277
siena,long-island-university,Siena,Long Island University,16,16,11,12,0.5074339509010315,0.4890080392360687,0.5092129558324814,0.4907870441675186
siena,ohio-state,Siena,Ohio State,16,8,11,13,0.03420960158109665,0.9736660122871399,0.03027179464697838,0.9697282053530216
siena,villanova,Siena,Villanova,16,8,11,14,0.05752343684434891,0.924892008304596,0.06631571426987648,0.9336842857301235
siena,texas-christian,Siena,TCU,16,9,11,15,0.059467148035764694,0.9549070000648499,0.05228007398545742,0.9477199260145426
siena,utah-state,Siena,Utah State,16,9,11,16,0.06383449584245682,0.9392762780189514,0.0622791089117527,0.9377208910882473
siena,st-johns-ny,Siena,St. John's (NY),16,5,11,17,0.028779443353414536,0.9872214198112488,0.020779011771082878,0.9792209882289171
siena,wisconsin,Siena,Wisconsin,16,5,11,18,0.03582761809229851,0.9785311222076416,0.028648247942328453,0.9713517520576715
siena,northern-iowa,Siena,Northern Iowa,16,12,11,19,0.2045171856880188,0.7770909070968628,0.213713139295578,0.786286860704422
siena,high-point,Siena,High Point,16,12,11,20,0.15848225355148315,0.8517907857894897,0.1533457338809967,0.8466542661190033
siena,kansas,Siena,Kansas,16,4,11,21,0.0316477045416832,0.9629652500152588,0.034341227263212204,0.9656587727367878
siena,arkansas,Siena,Arkansas,16,4,11,22,0.029753437265753746,0.9632183313369751,0.033267552964389324,0.9667324470356107
siena,california-baptist,Siena,California Baptist,16,13,11,23,0.4028031826019287,0.5964944958686829,0.4031543433666229,0.5968456566333771
siena,louisville,Siena,Louisville,16,6,11,24,0.020693188533186913,0.9754035472869873,0.022644820623099804,0.9773551793769002
siena,hawaii,Siena,Hawaii,16,13,11,25,0.3218538761138916,0.6995627880096436,0.311145544052124,0.688854455947876
siena,south-florida,Siena,South Florida,16,11,11,26,0.14312006533145905,0.8594667911529541,0.14182663708925247,0.8581733629107475
siena,brigham-young,Siena,Brigham Young,16,6,11,27,0.08887055516242981,0.9363158345222473,0.07627736032009125,0.9237226396799088
siena,michigan-state,Siena,Michigan State,16,3,11,28,0.03268713131546974,0.9650735855102539,0.03380677290260792,0.9661932270973921
siena,gonzaga,Siena,Gonzaga,16,3,11,29,0.017184816300868988,0.9858399629592896,0.01567242667078972,0.9843275733292103
siena,north-dakota-state,Siena,North Dakota State,16,14,11,30,0.256407231092453,0.7351948022842407,0.26060621440410614,0.7393937855958939
siena,kennesaw-state,Siena,Kennesaw State,16,14,11,31,0.34333792328834534,0.718862771987915,0.31223757565021515,0.6877624243497849
siena,ucla,Siena,UCLA,16,7,11,32,0.02623353712260723,0.9500895738601685,0.03807198163121939,0.9619280183687806
siena,miami-fl,Siena,Miami (FL),16,7,11,33,0.08897659182548523,0.913733184337616,0.08762170374393463,0.9123782962560654
siena,central-florida,Siena,UCF,16,10,11,34,0.08131560683250427,0.9373521208763123,0.07198174297809601,0.928018257021904
siena,connecticut,Siena,Connecticut,16,2,11,35,0.020035285502672195,0.9825685024261475,0.018733391538262367,0.9812666084617376
siena,missouri,Siena,Missouri,16,10,11,36,0.1823638528585434,0.9132667183876038,0.13454856723546982,0.8654514327645302
siena,purdue,Siena,Purdue,16,2,11,37,0.02404315024614334,0.9760311245918274,0.024006012827157974,0.975993987172842
siena,furman,Siena,Furman,16,15,11,38,0.4485553205013275,0.5700563788414001,0.4392494708299637,0.5607505291700363
siena,queens-nc,Siena,Queens (NC),16,15,11,39,0.49023252725601196,0.5216084718704224,0.4843120276927948,0.5156879723072052
siena,florida,Siena,Florida,16,1,11,40,0.030340764671564102,0.9641008973121643,0.0331199336796999,0.9668800663203001
siena,michigan,Siena,Michigan,16,1,11,41,0.023411717265844345,0.9829862713813782,0.020212722942233086,0.9797872770577669
siena,clemson,Siena,Clemson,16,8,11,42,0.053614627569913864,0.9463030099868774,0.05365580879151821,0.9463441912084818
siena,georgia,Siena,Georgia,16,8,11,43,0.1321503221988678,0.9581556916236877,0.08699731528759003,0.91300268471241
siena,iowa,Siena,Iowa,16,9,11,44,0.09104424715042114,0.9573206901550293,0.06686177849769592,0.9331382215023041
siena,saint-louis,Siena,Saint Louis,16,9,11,45,0.08742682635784149,0.8926466107368469,0.09739010781049728,0.9026098921895027
siena,vanderbilt,Siena,Vanderbilt,16,5,11,46,0.032326240092515945,0.980881929397583,0.02572215534746647,0.9742778446525335
siena,texas-tech,Siena,Texas Tech,16,5,11,47,0.03283918276429176,0.9753427505493164,0.02874821610748768,0.9712517838925123
siena,mcneese-state,Siena,McNeese State,16,12,11,48,0.1556835025548935,0.8466526865959167,0.15451540797948837,0.8454845920205116
siena,akron,Siena,Akron,16,12,11,49,0.2103404849767685,0.8050481081008911,0.2026461884379387,0.7973538115620613
siena,nebraska,Siena,Nebraska,16,4,11,50,0.03854895755648613,0.9642879366874695,0.037130510434508324,0.9628694895654917
siena,alabama,Siena,Alabama,16,4,11,51,0.030694961547851562,0.9725664258003235,0.029064267873764038,0.970935732126236
siena,troy,Siena,Troy,16,13,11,52,0.3299340009689331,0.6932785511016846,0.31832772493362427,0.6816722750663757
siena,north-carolina,Siena,North Carolina,16,6,11,53,0.026837799698114395,0.9621973633766174,0.03232021816074848,0.9676797818392515
siena,hofstra,Siena,Hofstra,16,13,11,54,0.2161618322134018,0.7725743651390076,0.2217937335371971,0.7782062664628029
siena,virginia-commonwealth,Siena,Virginia Commonwealth,16,11,11,55,0.08047953248023987,0.9026842713356018,0.08889763057231903,0.911102369427681
siena,tennessee,Siena,Tennessee,16,6,11,56,0.02034161239862442,0.961794376373291,0.029273618012666702,0.9707263819873333
siena,illinois,Siena,Illinois,16,3,11,57,0.020346006378531456,0.9793248772621155,0.02051056455820799,0.979489435441792
siena,virginia,Siena,Virginia,16,3,11,58,0.046213191002607346,0.9672254323959351,0.039493879303336143,0.9605061206966639
siena,pennsylvania,Siena,Pennsylvania,16,14,11,59,0.4715110659599304,0.5192733407020569,0.47611886262893677,0.5238811373710632
siena,wright-state,Siena,Wright State,16,14,11,60,0.3976638615131378,0.6391615867614746,0.3792511373758316,0.6207488626241684
siena,saint-marys-ca,Siena,Saint Mary's (CA),16,7,11,61,0.02453160285949707,0.9687997102737427,0.027865946292877197,0.9721340537071228
siena,texas-am,Siena,Texas A&M,16,10,11,62,0.04230167344212532,0.9152527451515198,0.06352446414530277,0.9364755358546972
siena,houston,Siena,Houston,16,2,11,63,0.03770410642027855,0.984234631061554,0.026734737679362297,0.9732652623206377
siena,idaho,Siena,Idaho,16,15,11,64,0.47769489884376526,0.548565685749054,0.46456460654735565,0.5354353934526443
siena,kentucky,Siena,Kentucky,16,7,11,65,0.03434208035469055,0.9623435139656067,0.03599928319454193,0.9640007168054581
siena,santa-clara,Siena,Santa Clara,16,10,11,66,0.054982662200927734,0.943575382232666,0.05570363998413086,0.9442963600158691
siena,iowa-state,Siena,Iowa State,16,2,11,67,0.024847503751516342,0.9779683947563171,0.023439554497599602,0.9765604455024004
siena,tennessee-state,Siena,Tennessee State,16,15,11,68,0.43446892499923706,0.6089993715286255,0.4127347767353058,0.5872652232646942
long-island-university,ohio-state,Long Island University,Ohio State,16,8,12,13,0.04281741753220558,0.9504111409187317,0.046203138306736946,0.953796861693263
long-island-university,villanova,Long Island University,Villanova,16,8,12,14,0.028219882398843765,0.93119215965271,0.0485138613730669,0.9514861386269331
long-island-university,texas-christian,Long Island University,TCU,16,9,12,15,0.045572761446237564,0.9394058585166931,0.053083451464772224,0.9469165485352278
long-island-university,utah-state,Long Island University,Utah State,16,9,12,16,0.02819240838289261,0.9457692503929138,0.041211578994989395,0.9587884210050106
long-island-university,st-johns-ny,Long Island University,St. John's (NY),16,5,12,17,0.024211226031184196,0.9729861617088318,0.025612532161176205,0.9743874678388238
long-island-university,wisconsin,Long Island University,Wisconsin,16,5,12,18,0.03504631668329239,0.9445180892944336,0.0452641136944294,0.9547358863055706
long-island-university,northern-iowa,Long Island University,Northern Iowa,16,12,12,19,0.1548512876033783,0.7820127606391907,0.1864192634820938,0.8135807365179062
long-island-university,high-point,Long Island University,High Point,16,12,12,20,0.11281954497098923,0.8751670122146606,0.11882626637816429,0.8811737336218357
long-island-university,kansas,Long Island University,Kansas,16,4,12,21,0.025459544733166695,0.9481020569801331,0.03867874387651682,0.9613212561234832
long-island-university,arkansas,Long Island University,Arkansas,16,4,12,22,0.022817479446530342,0.9277835488319397,0.04751696530729532,0.9524830346927047
long-island-university,california-baptist,Long Island University,California Baptist,16,13,12,23,0.3929898142814636,0.6388919353485107,0.37704893946647644,0.6229510605335236
long-island-university,louisville,Long Island University,Louisville,16,6,12,24,0.026295464485883713,0.9554177522659302,0.03543885610997677,0.9645611438900232
long-island-university,hawaii,Long Island University,Hawaii,16,13,12,25,0.31301918625831604,0.6928929090499878,0.3100631386041641,0.6899368613958359
long-island-university,south-florida,Long Island University,South Florida,16,11,12,26,0.0927603468298912,0.8826624155044556,0.10504896566271782,0.8949510343372822
long-island-university,brigham-young,Long Island University,Brigham Young,16,6,12,27,0.05086895450949669,0.917503833770752,0.06668256036937237,0.9333174396306276
long-island-university,michigan-state,Long Island University,Michigan State,16,3,12,28,0.036041151732206345,0.9631249308586121,0.03645811043679714,0.9635418895632029
long-island-university,gonzaga,Long Island University,Gonzaga,16,3,12,29,0.016736822202801704,0.9759311079978943,0.02040285710245371,0.9795971428975463
long-island-university,north-dakota-state,Long Island University,North Dakota State,16,14,12,30,0.20303083956241608,0.8068277835845947,0.19810152798891068,0.8018984720110893
long-island-university,kennesaw-state,Long Island University,Kennesaw State,16,14,12,31,0.2258627563714981,0.7610399127006531,0.23241142183542252,0.7675885781645775
long-island-university,ucla,Long Island University,UCLA,16,7,12,32,0.036906834691762924,0.9469277858734131,0.04498952440917492,0.9550104755908251
long-island-university,miami-fl,Long Island University,Miami (FL),16,7,12,33,0.06391948461532593,0.920977771282196,0.07147085666656494,0.9285291433334351
long-island-university,central-florida,Long Island University,UCF,16,10,12,34,0.06720869988203049,0.9167640209197998,0.07522233948111534,0.9247776605188847
long-island-university,connecticut,Long Island University,Connecticut,16,2,12,35,0.02838887646794319,0.9666014313697815,0.03089372254908085,0.9691062774509192
long-island-university,missouri,Long Island University,Missouri,16,10,12,36,0.1318574845790863,0.8978890776634216,0.11698420345783234,0.8830157965421677
long-island-university,purdue,Long Island University,Purdue,16,2,12,37,0.041832707822322845,0.9552735090255737,0.04327959939837456,0.9567204006016254
long-island-university,furman,Long Island University,Furman,16,15,12,38,0.37057510018348694,0.6435014605522156,0.3635368198156357,0.6364631801843643
long-island-university,queens-nc,Long Island University,Queens (NC),16,15,12,39,0.4405069947242737,0.5708195567131042,0.4348437190055847,0.5651562809944153
long-island-university,florida,Long Island University,Florida,16,1,12,40,0.021177619695663452,0.9723649621009827,0.024406328797340393,0.9755936712026596
long-island-university,michigan,Long Island University,Michigan,16,1,12,41,0.041169602423906326,0.9706954956054688,0.03523705340921879,0.9647629465907812
long-island-university,clemson,Long Island University,Clemson,16,8,12,42,0.0420817993581295,0.9366551637649536,0.052713317796587944,0.9472866822034121
long-island-university,georgia,Long Island University,Georgia,16,8,12,43,0.032797422260046005,0.9531846046447754,0.03980640880763531,0.9601935911923647
long-island-university,iowa,Long Island University,Iowa,16,9,12,44,0.04689709469676018,0.9278951287269592,0.059500982984900475,0.9404990170150995
long-island-university,saint-louis,Long Island University,Saint Louis,16,9,12,45,0.08946362882852554,0.8763136863708496,0.10657497122883797,0.893425028771162
long-island-university,vanderbilt,Long Island University,Vanderbilt,16,5,12,46,0.02112571895122528,0.9590493440628052,0.031038187444210052,0.96896181255579
long-island-university,texas-tech,Long Island University,Texas Tech,16,5,12,47,0.05321194604039192,0.9449139833450317,0.05414898134768009,0.9458510186523199
long-island-university,mcneese-state,Long Island University,McNeese State,16,12,12,48,0.1231929212808609,0.8735308647155762,0.12483102828264236,0.8751689717173576
long-island-university,akron,Long Island University,Akron,16,12,12,49,0.1790674775838852,0.8206881284713745,0.17918967455625534,0.8208103254437447
long-island-university,nebraska,Long Island University,Nebraska,16,4,12,50,0.028781680390238762,0.9577648043632507,0.035508438013494015,0.964491561986506
long-island-university,alabama,Long Island University,Alabama,16,4,12,51,0.02256900630891323,0.9525752067565918,0.03499689977616072,0.9650031002238393
long-island-university,troy,Long Island University,Troy,16,13,12,52,0.29391908645629883,0.7353202104568481,0.27929943799972534,0.7207005620002747
long-island-university,north-carolina,Long Island University,North Carolina,16,6,12,53,0.02596704103052616,0.9437177777290344,0.04112463165074587,0.9588753683492541
long-island-university,hofstra,Long Island University,Hofstra,16,13,12,54,0.230126291513443,0.7702429294586182,0.22994168102741241,0.7700583189725876
long-island-university,virginia-commonwealth,Long Island University,Virginia Commonwealth,16,11,12,55,0.0694713369011879,0.8984622955322266,0.08550452068448067,0.9144954793155193
long-island-university,tennessee,Long Island University,Tennessee,16,6,12,56,0.018278134986758232,0.9599044919013977,0.029186821542680264,0.9708131784573197
long-island-university,illinois,Long Island University,Illinois,16,3,12,57,0.029618531465530396,0.964940071105957,0.03233923017978668,0.9676607698202133
long-island-university,virginia,Long Island University,Virginia,16,3,12,58,0.0500127337872982,0.9652759432792664,0.04236839525401592,0.9576316047459841
long-island-university,pennsylvania,Long Island University,Pennsylvania,16,14,12,59,0.43634042143821716,0.5486323237419128,0.44385404884815216,0.5561459511518478
long-island-university,wright-state,Long Island University,Wright State,16,14,12,60,0.343132346868515,0.6692146062850952,0.3369588702917099,0.6630411297082901
long-island-university,saint-marys-ca,Long Island University,Saint Mary's (CA),16,7,12,61,0.03175214305520058,0.9702219367027283,0.030765103176236153,0.9692348968237638
long-island-university,texas-am,Long Island University,Texas A&M,16,10,12,62,0.03280501067638397,0.9335982203483582,0.04960339516401291,0.9503966048359871
long-island-university,houston,Long Island University,Houston,16,2,12,63,0.020560400560498238,0.9748687148094177,0.022845842875540257,0.9771541571244597
long-island-university,idaho,Long Island University,Idaho,16,15,12,64,0.40045636892318726,0.6009302139282227,0.3997630774974823,0.6002369225025177
long-island-university,kentucky,Long Island University,Kentucky,16,7,12,65,0.03037557378411293,0.9375957250595093,0.046389924362301826,0.9536100756376982
long-island-university,santa-clara,Long Island University,Santa Clara,16,10,12,66,0.035284485667943954,0.9250547885894775,0.05511484853923321,0.9448851514607668
long-island-university,iowa-state,Long Island University,Iowa State,16,2,12,67,0.020302606746554375,0.9698411226272583,0.025230742059648037,0.974769257940352
long-island-university,tennessee-state,Long Island University,Tennessee State,16,15,12,68,0.3573060929775238,0.6372015476226807,0.36005227267742157,0.6399477273225784
ohio-state,villanova,Ohio State,Villanova,8,8,13,14,0.5697318911552429,0.44724297523498535,0.5612444579601288,0.4387555420398712
ohio-state,texas-christian,Ohio State,TCU,8,9,13,15,0.49930182099342346,0.5001762509346008,0.4995627850294113,0.5004372149705887
ohio-state,utah-state,Ohio State,Utah State,8,9,13,16,0.448529452085495,0.5183351635932922,0.4650971442461014,0.5349028557538986
ohio-state,st-johns-ny,Ohio State,St. John's (NY),8,5,13,17,0.4377780258655548,0.6889206767082214,0.3744286745786667,0.6255713254213333
ohio-state,wisconsin,Ohio State,Wisconsin,8,5,13,18,0.4341925084590912,0.5616710782051086,0.43626071512699127,0.5637392848730087
ohio-state,northern-iowa,Ohio State,Northern Iowa,8,12,13,19,0.780624508857727,0.2576535940170288,0.7614854574203491,0.23851454257965088
ohio-state,high-point,Ohio State,High Point,8,12,13,20,0.770538330078125,0.19360651075839996,0.7884659096598625,0.21153409034013748
ohio-state,kansas,Ohio State,Kansas,8,4,13,21,0.45072683691978455,0.606092095375061,0.42231737077236176,0.5776826292276382
ohio-state,arkansas,Ohio State,Arkansas,8,4,13,22,0.4102586507797241,0.5764294862747192,0.41691458225250244,0.5830854177474976
ohio-state,california-baptist,Ohio State,California Baptist,8,13,13,23,0.9312941431999207,0.09222906827926636,0.9195325374603271,0.08046746253967285
ohio-state,louisville,Ohio State,Louisville,8,6,13,24,0.42282551527023315,0.6087197661399841,0.4070528745651245,0.5929471254348755
ohio-state,hawaii,Ohio State,Hawaii,8,13,13,25,0.8997399806976318,0.0719728022813797,0.9138835892081261,0.08611641079187393
ohio-state,south-florida,Ohio State,South Florida,8,11,13,26,0.796203076839447,0.3168613314628601,0.7396708726882935,0.26032912731170654
ohio-state,brigham-young,Ohio State,Brigham Young,8,6,13,27,0.4328794777393341,0.547420084476471,0.4427296966314316,0.5572703033685684
ohio-state,michigan-state,Ohio State,Michigan State,8,3,13,28,0.3614436984062195,0.6593402624130249,0.3510517179965973,0.6489482820034027
ohio-state,gonzaga,Ohio State,Gonzaga,8,3,13,29,0.3170946538448334,0.6981276273727417,0.30948351323604584,0.6905164867639542
ohio-state,north-dakota-state,Ohio State,North Dakota State,8,14,13,30,0.881333589553833,0.2178308069705963,0.8317513912916183,0.16824860870838165
ohio-state,kennesaw-state,Ohio State,Kennesaw State,8,14,13,31,0.8259117603302002,0.15084503591060638,0.8375333622097969,0.1624666377902031
ohio-state,ucla,Ohio State,UCLA,8,7,13,32,0.4386986196041107,0.5810746550559998,0.4288119822740555,0.5711880177259445
ohio-state,miami-fl,Ohio State,Miami (FL),8,7,13,33,0.5338081121444702,0.4528343975543976,0.5404868572950363,0.4595131427049637
ohio-state,central-florida,Ohio State,UCF,8,10,13,34,0.5934469699859619,0.3994724452495575,0.5969872623682022,0.4030127376317978
ohio-state,connecticut,Ohio State,Connecticut,8,2,13,35,0.3360498547554016,0.6534911394119263,0.34127935767173767,0.6587206423282623
ohio-state,missouri,Ohio State,Missouri,8,10,13,36,0.6060246825218201,0.37138107419013977,0.6173218041658401,0.38267819583415985
ohio-state,purdue,Ohio State,Purdue,8,2,13,37,0.31439894437789917,0.6686194539070129,0.3228897452354431,0.6771102547645569
ohio-state,furman,Ohio State,Furman,8,15,13,38,0.9554557204246521,0.056096941232681274,0.9496793895959854,0.05032061040401459
ohio-state,queens-nc,Ohio State,Queens (NC),8,15,13,39,0.96546471118927,0.040869902819395065,0.9622974041849375,0.03770259581506252
ohio-state,florida,Ohio State,Florida,8,1,13,40,0.17151351273059845,0.839773952960968,0.16586977988481522,0.8341302201151848
ohio-state,michigan,Ohio State,Michigan,8,1,13,41,0.17961512506008148,0.8436018228530884,0.16800665110349655,0.8319933488965034
ohio-state,clemson,Ohio State,Clemson,8,8,13,42,0.5479996204376221,0.4465813934803009,0.5507091134786606,0.4492908865213394
ohio-state,georgia,Ohio State,Georgia,8,8,13,43,0.45823994278907776,0.5337615609169006,0.46223919093608856,0.5377608090639114
ohio-state,iowa,Ohio State,Iowa,8,9,13,44,0.4912804663181305,0.5081972479820251,0.4915416091680527,0.5084583908319473
ohio-state,saint-louis,Ohio State,Saint Louis,8,9,13,45,0.6564816236495972,0.3369255065917969,0.6597780585289001,0.34022194147109985
ohio-state,vanderbilt,Ohio State,Vanderbilt,8,5,13,46,0.3827301263809204,0.6126422882080078,0.3850439190864563,0.6149560809135437
ohio-state,texas-tech,Ohio State,Texas Tech,8,5,13,47,0.4296031892299652,0.6152808666229248,0.4071611613035202,0.5928388386964798
ohio-state,mcneese-state,Ohio State,McNeese State,8,12,13,48,0.6604035496711731,0.3278622627258301,0.6662706434726715,0.3337293565273285
ohio-state,akron,Ohio State,Akron,8,12,13,49,0.8340445160865784,0.22901317477226257,0.8025156706571579,0.1974843293428421
ohio-state,nebraska,Ohio State,Nebraska,8,4,13,50,0.39266079664230347,0.590039849281311,0.4013104736804962,0.5986895263195038
ohio-state,alabama,Ohio State,Alabama,8,4,13,51,0.3732224404811859,0.6313192844390869,0.3709515780210495,0.6290484219789505
ohio-state,troy,Ohio State,Troy,8,13,13,52,0.8737347722053528,0.11031940579414368,0.8817076832056046,0.11829231679439545
ohio-state,north-carolina,Ohio State,North Carolina,8,6,13,53,0.4468601942062378,0.5024079084396362,0.4722261428833008,0.5277738571166992
ohio-state,hofstra,Ohio State,Hofstra,8,13,13,54,0.8885014653205872,0.18767090141773224,0.8504152819514275,0.14958471804857254
ohio-state,virginia-commonwealth,Ohio State,Virginia Commonwealth,8,11,13,55,0.6762216687202454,0.3568825125694275,0.6596695780754089,0.34033042192459106
ohio-state,tennessee,Ohio State,Tennessee,8,6,13,56,0.3586229979991913,0.654749870300293,0.35193656384944916,0.6480634361505508
ohio-state,illinois,Ohio State,Illinois,8,3,13,57,0.24266307055950165,0.7267966270446777,0.25793322175741196,0.742066778242588
ohio-state,virginia,Ohio State,Virginia,8,3,13,58,0.40422964096069336,0.5669893026351929,0.41862016916275024,0.5813798308372498
ohio-state,pennsylvania,Ohio State,Pennsylvania,8,14,13,59,0.9484493732452393,0.03401452302932739,0.9572174251079559,0.04278257489204407
ohio-state,wright-state,Ohio State,Wright State,8,14,13,60,0.9198397994041443,0.0805879607796669,0.9196259193122387,0.0803740806877613
ohio-state,saint-marys-ca,Ohio State,Saint Mary's (CA),8,7,13,61,0.41547083854675293,0.6308963894844055,0.3922872245311737,0.6077127754688263
ohio-state,texas-am,Ohio State,Texas A&M,8,10,13,62,0.5441409349441528,0.43456026911735535,0.5547903329133987,0.44520966708660126
ohio-state,houston,Ohio State,Houston,8,2,13,63,0.26019546389579773,0.7350705862045288,0.26256243884563446,0.7374375611543655
ohio-state,idaho,Ohio State,Idaho,8,15,13,64,0.9469074606895447,0.07838989794254303,0.9342587813735008,0.06574121862649918
ohio-state,kentucky,Ohio State,Kentucky,8,7,13,65,0.4028722643852234,0.579990804195404,0.41144073009490967,0.5885592699050903
ohio-state,santa-clara,Ohio State,Santa Clara,8,10,13,66,0.5504277348518372,0.5020216107368469,0.5242030620574951,0.4757969379425049
ohio-state,iowa-state,Ohio State,Iowa State,8,2,13,67,0.28072062134742737,0.6858364939689636,0.2974420636892319,0.7025579363107681
ohio-state,tennessee-state,Ohio State,Tennessee State,8,15,13,68,0.9510689377784729,0.056554585695266724,0.9472571760416031,0.05274282395839691
villanova,texas-christian,Villanova,TCU,8,9,14,15,0.46625033020973206,0.5264649391174316,0.4698926955461502,0.5301073044538498
villanova,utah-state,Villanova,Utah State,8,9,14,16,0.411588191986084,0.5741009712219238,0.4187436103820801,0.5812563896179199
villanova,st-johns-ny,Villanova,St. John's (NY),8,5,14,17,0.3361816704273224,0.6636891961097717,0.33624623715877533,0.6637537628412247
villanova,wisconsin,Villanova,Wisconsin,8,5,14,18,0.37179189920425415,0.6305858492851257,0.3706030249595642,0.6293969750404358
villanova,northern-iowa,Villanova,Northern Iowa,8,12,14,19,0.593352198600769,0.35520240664482117,0.6190748959779739,0.38092510402202606
villanova,high-point,Villanova,High Point,8,12,14,20,0.6459270119667053,0.3709908723831177,0.6374680697917938,0.3625319302082062
villanova,kansas,Villanova,Kansas,8,4,14,21,0.3976273536682129,0.5899892449378967,0.4038190543651581,0.5961809456348419
villanova,arkansas,Villanova,Arkansas,8,4,14,22,0.3319028615951538,0.647506058216095,0.3421984016895294,0.6578015983104706
villanova,california-baptist,Villanova,California Baptist,8,13,14,23,0.7993653416633606,0.18926973640918732,0.8050478026270866,0.19495219737291336
villanova,louisville,Villanova,Louisville,8,6,14,24,0.34844911098480225,0.6579659581184387,0.34524157643318176,0.6547584235668182
villanova,hawaii,Villanova,Hawaii,8,13,14,25,0.7457173466682434,0.23119978606700897,0.7572587803006172,0.24274121969938278
villanova,south-florida,Villanova,South Florida,8,11,14,26,0.6149460673332214,0.3879280686378479,0.6135089993476868,0.38649100065231323
villanova,brigham-young,Villanova,Brigham Young,8,6,14,27,0.378377765417099,0.6374900341033936,0.3704438656568527,0.6295561343431473
villanova,michigan-state,Villanova,Michigan State,8,3,14,28,0.2922275960445404,0.7437761425971985,0.27422572672367096,0.725774273276329
villanova,gonzaga,Villanova,Gonzaga,8,3,14,29,0.23343323171138763,0.729499101638794,0.25196706503629684,0.7480329349637032
villanova,north-dakota-state,Villanova,North Dakota State,8,14,14,30,0.7251920104026794,0.28923773765563965,0.7179771363735199,0.2820228636264801
villanova,kennesaw-state,Villanova,Kennesaw State,8,14,14,31,0.7976326942443848,0.2039516419172287,0.796840526163578,0.20315947383642197
villanova,ucla,Villanova,UCLA,8,7,14,32,0.3923927843570709,0.6204087138175964,0.38599203526973724,0.6140079647302628
villanova,miami-fl,Villanova,Miami (FL),8,7,14,33,0.4246842563152313,0.5773966312408447,0.4236438125371933,0.5763561874628067
villanova,central-florida,Villanova,UCF,8,10,14,34,0.5918012857437134,0.4073621332645416,0.5922195762395859,0.4077804237604141
villanova,connecticut,Villanova,Connecticut,8,2,14,35,0.30594074726104736,0.7037182450294495,0.30111125111579895,0.698888748884201
villanova,missouri,Villanova,Missouri,8,10,14,36,0.5330450534820557,0.44475361704826355,0.5441457182168961,0.45585428178310394
villanova,purdue,Villanova,Purdue,8,2,14,37,0.24900630116462708,0.7764163613319397,0.2362949699163437,0.7637050300836563
villanova,furman,Villanova,Furman,8,15,14,38,0.8351675271987915,0.15479658544063568,0.8401854708790779,0.1598145291209221
villanova,queens-nc,Villanova,Queens (NC),8,15,14,39,0.8942797780036926,0.09260532259941101,0.9008372277021408,0.09916277229785919
villanova,florida,Villanova,Florida,8,1,14,40,0.12681956589221954,0.8707789182662964,0.12802032381296158,0.8719796761870384
villanova,michigan,Villanova,Michigan,8,1,14,41,0.14143604040145874,0.8546237945556641,0.14340612292289734,0.8565938770771027
villanova,clemson,Villanova,Clemson,8,8,14,42,0.49041759967803955,0.5227146744728088,0.48385146260261536,0.5161485373973846
villanova,georgia,Villanova,Georgia,8,8,14,43,0.43637433648109436,0.5374879240989685,0.4494432061910629,0.5505567938089371
villanova,iowa,Villanova,Iowa,8,9,14,44,0.47780394554138184,0.5563802123069763,0.46071186661720276,0.5392881333827972
villanova,saint-louis,Villanova,Saint Louis,8,9,14,45,0.47039666771888733,0.5121893882751465,0.4791036397218704,0.5208963602781296
villanova,vanderbilt,Villanova,Vanderbilt,8,5,14,46,0.3164633810520172,0.6582390666007996,0.3291121572256088,0.6708878427743912
villanova,texas-tech,Villanova,Texas Tech,8,5,14,47,0.36664438247680664,0.66571044921875,0.3504669666290283,0.6495330333709717
villanova,mcneese-state,Villanova,McNeese State,8,12,14,48,0.6508863568305969,0.4381031394004822,0.6063916087150574,0.3936083912849426
villanova,akron,Villanova,Akron,8,12,14,49,0.694695770740509,0.2853352725505829,0.7046802490949631,0.2953197509050369
villanova,nebraska,Villanova,Nebraska,8,4,14,50,0.4006515443325043,0.5810675621032715,0.4097919911146164,0.5902080088853836
villanova,alabama,Villanova,Alabama,8,4,14,51,0.24138322472572327,0.7593907117843628,0.24099625647068024,0.7590037435293198
villanova,troy,Villanova,Troy,8,13,14,52,0.7908313274383545,0.22335989773273468,0.7837357148528099,0.2162642851471901
villanova,north-carolina,Villanova,North Carolina,8,6,14,53,0.4042729437351227,0.5801813006401062,0.41204582154750824,0.5879541784524918
villanova,hofstra,Villanova,Hofstra,8,13,14,54,0.7449790239334106,0.2290927767753601,0.7579431235790253,0.24205687642097473
villanova,virginia-commonwealth,Villanova,Virginia Commonwealth,8,11,14,55,0.5147829651832581,0.4467012286186218,0.5340408682823181,0.4659591317176819
villanova,tennessee,Villanova,Tennessee,8,6,14,56,0.3007560968399048,0.7227247357368469,0.28901568055152893,0.7109843194484711
villanova,illinois,Villanova,Illinois,8,3,14,57,0.20224402844905853,0.7949063181877136,0.20366885513067245,0.7963311448693275
villanova,virginia,Villanova,Virginia,8,3,14,58,0.34502267837524414,0.6642502546310425,0.34038621187210083,0.6596137881278992
villanova,pennsylvania,Villanova,Pennsylvania,8,14,14,59,0.863882839679718,0.11021199822425842,0.8768354207277298,0.1231645792722702
villanova,wright-state,Villanova,Wright State,8,14,14,60,0.8557174205780029,0.1385844200849533,0.8585665002465248,0.1414334997534752
villanova,saint-marys-ca,Villanova,Saint Mary's (CA),8,7,14,61,0.3145022988319397,0.6698632836341858,0.32231950759887695,0.677680492401123
villanova,texas-am,Villanova,Texas A&M,8,10,14,62,0.4252411127090454,0.5751728415489197,0.42503413558006287,0.5749658644199371
villanova,houston,Villanova,Houston,8,2,14,63,0.14150480926036835,0.8052390813827515,0.16813286393880844,0.8318671360611916
villanova,idaho,Villanova,Idaho,8,15,14,64,0.8836463093757629,0.11319086700677872,0.8852277211844921,0.11477227881550789
villanova,kentucky,Villanova,Kentucky,8,7,14,65,0.3648568093776703,0.64869225025177,0.35808227956295013,0.6419177204370499
villanova,santa-clara,Villanova,Santa Clara,8,10,14,66,0.40952953696250916,0.5957562327384949,0.40688665211200714,0.5931133478879929
villanova,iowa-state,Villanova,Iowa State,8,2,14,67,0.19838377833366394,0.7883619666099548,0.20501090586185455,0.7949890941381454
villanova,tennessee-state,Villanova,Tennessee State,8,15,14,68,0.9274848699569702,0.09804179519414902,0.9147215373814106,0.0852784626185894
texas-christian,utah-state,TCU,Utah State,9,9,15,16,0.46975040435791016,0.5283100008964539,0.47072020173072815,0.5292797982692719
texas-christian,st-johns-ny,TCU,St. John's (NY),9,5,15,17,0.36633118987083435,0.624358057975769,0.37098656594753265,0.6290134340524673
texas-christian,wisconsin,TCU,Wisconsin,9,5,15,18,0.3716389238834381,0.6275848150253296,0.37202705442905426,0.6279729455709457
texas-christian,northern-iowa,TCU,Northern Iowa,9,12,15,19,0.710101306438446,0.29462435841560364,0.7077384740114212,0.2922615259885788
texas-christian,high-point,TCU,High Point,9,12,15,20,0.7375451922416687,0.26746881008148193,0.7350381910800934,0.2649618089199066
texas-christian,kansas,TCU,Kansas,9,4,15,21,0.4502308666706085,0.5410202741622925,0.454605296254158,0.545394703745842
texas-christian,arkansas,TCU,Arkansas,9,4,15,22,0.37549999356269836,0.5924651622772217,0.39151741564273834,0.6084825843572617
texas-christian,california-baptist,TCU,California Baptist,9,13,15,23,0.8249372839927673,0.13770513236522675,0.8436160758137703,0.1563839241862297
texas-christian,louisville,TCU,Louisville,9,6,15,24,0.413208931684494,0.6204605102539062,0.3963742107152939,0.6036257892847061
texas-christian,hawaii,TCU,Hawaii,9,13,15,25,0.8601073622703552,0.15058498084545135,0.8547611907124519,0.14523880928754807
texas-christian,south-florida,TCU,South Florida,9,11,15,26,0.6890760660171509,0.320917546749115,0.6840792596340179,0.31592074036598206
texas-christian,brigham-young,TCU,Brigham Young,9,6,15,27,0.45755666494369507,0.5655891299247742,0.44598376750946045,0.5540162324905396
texas-christian,michigan-state,TCU,Michigan State,9,3,15,28,0.28682392835617065,0.6903791427612305,0.2982223927974701,0.7017776072025299
texas-christian,gonzaga,TCU,Gonzaga,9,3,15,29,0.2422615885734558,0.6877961158752441,0.27723273634910583,0.7227672636508942
texas-christian,north-dakota-state,TCU,North Dakota State,9,14,15,30,0.8002028465270996,0.2031344175338745,0.7985342144966125,0.20146578550338745
texas-christian,kennesaw-state,TCU,Kennesaw State,9,14,15,31,0.8224207162857056,0.19621263444423676,0.8131040409207344,0.1868959590792656
texas-christian,ucla,TCU,UCLA,9,7,15,32,0.45457780361175537,0.5319457650184631,0.4613160192966461,0.5386839807033539
texas-christian,miami-fl,TCU,Miami (FL),9,7,15,33,0.47257399559020996,0.48087337613105774,0.4958503097295761,0.5041496902704239
texas-christian,central-florida,TCU,UCF,9,10,15,34,0.6325084567070007,0.3604111075401306,0.6360486745834351,0.36395132541656494
texas-christian,connecticut,TCU,Connecticut,9,2,15,35,0.3314524292945862,0.6684374213218689,0.33150750398635864,0.6684924960136414
texas-christian,missouri,TCU,Missouri,9,10,15,36,0.6118091344833374,0.39982834458351135,0.605990394949913,0.394009605050087
texas-christian,purdue,TCU,Purdue,9,2,15,37,0.26970022916793823,0.7408152222633362,0.264442503452301,0.735557496547699
texas-christian,furman,TCU,Furman,9,15,15,38,0.9317781925201416,0.08939199149608612,0.9211931005120277,0.07880689948797226
texas-christian,queens-nc,TCU,Queens (NC),9,15,15,39,0.925137460231781,0.06916635483503342,0.9279855526983738,0.0720144473016262
texas-christian,florida,TCU,Florida,9,1,15,40,0.1274099051952362,0.8214414119720459,0.15298424661159515,0.8470157533884048
texas-christian,michigan,TCU,Michigan,9,1,15,41,0.1627432405948639,0.8003442287445068,0.18119950592517853,0.8188004940748215
texas-christian,clemson,TCU,Clemson,9,8,15,42,0.5127679109573364,0.507425844669342,0.5026710331439972,0.4973289668560028
texas-christian,georgia,TCU,Georgia,9,8,15,43,0.5241451263427734,0.5010899901390076,0.5115275681018829,0.48847243189811707
texas-christian,iowa,TCU,Iowa,9,9,15,44,0.4739612936973572,0.5303574204444885,0.4718019366264343,0.5281980633735657
texas-christian,saint-louis,TCU,Saint Louis,9,9,15,45,0.6371198296546936,0.39794671535491943,0.6195865571498871,0.3804134428501129
texas-christian,vanderbilt,TCU,Vanderbilt,9,5,15,46,0.3604383170604706,0.6387847065925598,0.3608268052339554,0.6391731947660446
texas-christian,texas-tech,TCU,Texas Tech,9,5,15,47,0.4388871490955353,0.5983225107192993,0.420282319188118,0.579717680811882
texas-christian,mcneese-state,TCU,McNeese State,9,12,15,48,0.6561938524246216,0.31132954359054565,0.672432154417038,0.32756784558296204
texas-christian,akron,TCU,Akron,9,12,15,49,0.7701172232627869,0.23454424738883972,0.7677864879369736,0.23221351206302643
texas-christian,nebraska,TCU,Nebraska,9,4,15,50,0.42084604501724243,0.5970052480697632,0.4119203984737396,0.5880796015262604
texas-christian,alabama,TCU,Alabama,9,4,15,51,0.2997256815433502,0.6491225361824036,0.3253015726804733,0.6746984273195267
texas-christian,troy,TCU,Troy,9,13,15,52,0.8001608848571777,0.16023628413677216,0.8199623003602028,0.1800376996397972
texas-christian,north-carolina,TCU,North Carolina,9,6,15,53,0.47974511981010437,0.5447894334793091,0.46747784316539764,0.5325221568346024
texas-christian,hofstra,TCU,Hofstra,9,13,15,54,0.7978857755661011,0.2742006778717041,0.7618425488471985,0.2381574511528015
texas-christian,virginia-commonwealth,TCU,Virginia Commonwealth,9,11,15,55,0.6093713641166687,0.37781473994255066,0.615778312087059,0.384221687912941
texas-christian,tennessee,TCU,Tennessee,9,6,15,56,0.3008125424385071,0.692551851272583,0.30413034558296204,0.695869654417038
texas-christian,illinois,TCU,Illinois,9,3,15,57,0.21687038242816925,0.7640023231506348,0.22643402963876724,0.7735659703612328
texas-christian,virginia,TCU,Virginia,9,3,15,58,0.34520551562309265,0.6327865123748779,0.35620950162410736,0.6437904983758926
texas-christian,pennsylvania,TCU,Pennsylvania,9,14,15,59,0.9263049364089966,0.05789607763290405,0.9342044293880463,0.06579557061195374
texas-christian,wright-state,TCU,Wright State,9,14,15,60,0.8635897040367126,0.1042848601937294,0.8796524219214916,0.12034757807850838
texas-christian,saint-marys-ca,TCU,Saint Mary's (CA),9,7,15,61,0.3487534821033478,0.6098595261573792,0.3694469779729843,0.6305530220270157
texas-christian,texas-am,TCU,Texas A&M,9,10,15,62,0.505954921245575,0.5252873301506042,0.49033379554748535,0.5096662044525146
texas-christian,houston,TCU,Houston,9,2,15,63,0.15051564574241638,0.8378880023956299,0.15631382167339325,0.8436861783266068
texas-christian,idaho,TCU,Idaho,9,15,15,64,0.9496942162513733,0.07241100072860718,0.9386416077613831,0.06135839223861694
texas-christian,kentucky,TCU,Kentucky,9,7,15,65,0.39793816208839417,0.570547342300415,0.41369540989398956,0.5863045901060104
texas-christian,santa-clara,TCU,Santa Clara,9,10,15,66,0.5854806303977966,0.4424593448638916,0.5715106427669525,0.4284893572330475
texas-christian,iowa-state,TCU,Iowa State,9,2,15,67,0.25490155816078186,0.6976327896118164,0.2786343842744827,0.7213656157255173
texas-christian,tennessee-state,TCU,Tennessee State,9,15,15,68,0.9125197529792786,0.09031857550144196,0.9111005887389183,0.0888994112610817
utah-state,st-johns-ny,Utah State,St. John's (NY),9,5,16,17,0.40362849831581116,0.6159982681274414,0.3938151150941849,0.6061848849058151
utah-state,wisconsin,Utah State,Wisconsin,9,5,16,18,0.3959193527698517,0.6172907948493958,0.38931427896022797,0.610685721039772
utah-state,northern-iowa,Utah State,Northern Iowa,9,12,16,19,0.6597211956977844,0.30909085273742676,0.6753151714801788,0.32468482851982117
utah-state,high-point,Utah State,High Point,9,12,16,20,0.6803287863731384,0.3188841640949249,0.6807223111391068,0.31927768886089325
utah-state,kansas,Utah State,Kansas,9,4,16,21,0.45986756682395935,0.5424054265022278,0.4587310701608658,0.5412689298391342
utah-state,arkansas,Utah State,Arkansas,9,4,16,22,0.3905627429485321,0.6070075631141663,0.3917775899171829,0.6082224100828171
utah-state,california-baptist,Utah State,California Baptist,9,13,16,23,0.8416447043418884,0.12963350117206573,0.8560056015849113,0.14399439841508865
utah-state,louisville,Utah State,Louisville,9,6,16,24,0.4239402711391449,0.6257320642471313,0.3991041034460068,0.6008958965539932
utah-state,hawaii,Utah State,Hawaii,9,13,16,25,0.7988202571868896,0.19584012031555176,0.801490068435669,0.19850993156433105
utah-state,south-florida,Utah State,South Florida,9,11,16,26,0.5734838247299194,0.3906974196434021,0.5913932025432587,0.40860679745674133
utah-state,brigham-young,Utah State,Brigham Young,9,6,16,27,0.4620738923549652,0.5550248622894287,0.45352451503276825,0.5464754849672318
utah-state,michigan-state,Utah State,Michigan State,9,3,16,28,0.3349913954734802,0.6698147654533386,0.3325883150100708,0.6674116849899292
utah-state,gonzaga,Utah State,Gonzaga,9,3,16,29,0.31406357884407043,0.6543582081794739,0.3298526853322983,0.6701473146677017
utah-state,north-dakota-state,Utah State,North Dakota State,9,14,16,30,0.7376585006713867,0.2552090585231781,0.7412247210741043,0.2587752789258957
utah-state,kennesaw-state,Utah State,Kennesaw State,9,14,16,31,0.7864231467247009,0.17890925705432892,0.803756944835186,0.196243055164814
utah-state,ucla,Utah State,UCLA,9,7,16,32,0.5069765448570251,0.47809070348739624,0.5144429206848145,0.48555707931518555
utah-state,miami-fl,Utah State,Miami (FL),9,7,16,33,0.5675376057624817,0.44411587715148926,0.5617108643054962,0.4382891356945038
utah-state,central-florida,Utah State,UCF,9,10,16,34,0.6601937413215637,0.34561625123023987,0.6572887450456619,0.3427112549543381
utah-state,connecticut,Utah State,Connecticut,9,2,16,35,0.3312484622001648,0.6390983462333679,0.34607505798339844,0.6539249420166016
utah-state,missouri,Utah State,Missouri,9,10,16,36,0.6246469020843506,0.37849557399749756,0.6230756640434265,0.3769243359565735
utah-state,purdue,Utah State,Purdue,9,2,16,37,0.2860535681247711,0.7508305907249451,0.267611488699913,0.732388511300087
utah-state,furman,Utah State,Furman,9,15,16,38,0.8679221272468567,0.11065147817134857,0.8786353245377541,0.12136467546224594
utah-state,queens-nc,Utah State,Queens (NC),9,15,16,39,0.9149339199066162,0.08578190952539444,0.9145760051906109,0.08542399480938911
utah-state,florida,Utah State,Florida,9,1,16,40,0.1562645584344864,0.822634756565094,0.1668149009346962,0.8331850990653038
utah-state,michigan,Utah State,Michigan,9,1,16,41,0.19047081470489502,0.79936283826828,0.1955539882183075,0.8044460117816925
utah-state,clemson,Utah State,Clemson,9,8,16,42,0.5639828443527222,0.4490663409233093,0.5574582517147064,0.4425417482852936
utah-state,georgia,Utah State,Georgia,9,8,16,43,0.4825333058834076,0.47183912992477417,0.5053470879793167,0.4946529120206833
utah-state,iowa,Utah State,Iowa,9,9,16,44,0.49944907426834106,0.46375811100006104,0.51784548163414,0.48215451836586
utah-state,saint-louis,Utah State,Saint Louis,9,9,16,45,0.5730036497116089,0.39765021204948425,0.5876767188310623,0.4123232811689377
utah-state,vanderbilt,Utah State,Vanderbilt,9,5,16,46,0.3720218539237976,0.6254181861877441,0.37330183386802673,0.6266981661319733
utah-state,texas-tech,Utah State,Texas Tech,9,5,16,47,0.4226173460483551,0.567862331867218,0.42737750709056854,0.5726224929094315
utah-state,mcneese-state,Utah State,McNeese State,9,12,16,48,0.6362106204032898,0.38317176699638367,0.6265194267034531,0.37348057329654694
utah-state,akron,Utah State,Akron,9,12,16,49,0.7463534474372864,0.2583751678466797,0.7439891397953033,0.25601086020469666
utah-state,nebraska,Utah State,Nebraska,9,4,16,50,0.4714130163192749,0.5084841847419739,0.4814644157886505,0.5185355842113495
utah-state,alabama,Utah State,Alabama,9,4,16,51,0.2507360577583313,0.7181589603424072,0.26628854870796204,0.733711451292038
utah-state,troy,Utah State,Troy,9,13,16,52,0.7763224244117737,0.21266917884349823,0.7818266227841377,0.21817337721586227
utah-state,north-carolina,Utah State,North Carolina,9,6,16,53,0.5213099718093872,0.5043731331825256,0.5084684193134308,0.4915315806865692
utah-state,hofstra,Utah State,Hofstra,9,13,16,54,0.7825853824615479,0.20733122527599335,0.7876270785927773,0.21237292140722275
utah-state,virginia-commonwealth,Utah State,Virginia Commonwealth,9,11,16,55,0.5807570815086365,0.43689510226249695,0.5719309896230698,0.42806901037693024
utah-state,tennessee,Utah State,Tennessee,9,6,16,56,0.32934415340423584,0.669263482093811,0.3300403356552124,0.6699596643447876
utah-state,illinois,Utah State,Illinois,9,3,16,57,0.20930299162864685,0.7691968679428101,0.2200530618429184,0.7799469381570816
utah-state,virginia,Utah State,Virginia,9,3,16,58,0.4069508910179138,0.566673219203949,0.4201388359069824,0.5798611640930176
utah-state,pennsylvania,Utah State,Pennsylvania,9,14,16,59,0.9032496809959412,0.0672774612903595,0.9179861098527908,0.08201389014720917
utah-state,wright-state,Utah State,Wright State,9,14,16,60,0.8832094073295593,0.12956330180168152,0.8768230527639389,0.1231769472360611
utah-state,saint-marys-ca,Utah State,Saint Mary's (CA),9,7,16,61,0.38937151432037354,0.5912722945213318,0.3990496098995209,0.6009503901004791
utah-state,texas-am,Utah State,Texas A&M,9,10,16,62,0.48980945348739624,0.5811423659324646,0.4543335437774658,0.5456664562225342
utah-state,houston,Utah State,Houston,9,2,16,63,0.2180890291929245,0.7566800713539124,0.23070447891950607,0.7692955210804939
utah-state,idaho,Utah State,Idaho,9,15,16,64,0.9098016023635864,0.09623009711503983,0.9067857526242733,0.0932142473757267
utah-state,kentucky,Utah State,Kentucky,9,7,16,65,0.3855680525302887,0.6033917665481567,0.391088142991066,0.608911857008934
utah-state,santa-clara,Utah State,Santa Clara,9,10,16,66,0.49847596883773804,0.4876175820827484,0.5054291933774948,0.4945708066225052
utah-state,iowa-state,Utah State,Iowa State,9,2,16,67,0.22667953372001648,0.7291674613952637,0.2487560361623764,0.7512439638376236
utah-state,tennessee-state,Utah State,Tennessee State,9,15,16,68,0.9202889800071716,0.07254870980978012,0.9238701350986958,0.07612986490130424
st-johns-ny,wisconsin,St. John's (NY),Wisconsin,5,5,17,18,0.5069884061813354,0.5078617334365845,0.4995633363723755,0.5004366636276245
st-johns-ny,northern-iowa,St. John's (NY),Northern Iowa,5,12,17,19,0.7898005843162537,0.2340259552001953,0.7778873145580292,0.22211268544197083
st-johns-ny,high-point,St. John's (NY),High Point,5,12,17,20,0.791169285774231,0.15064646303653717,0.8202614113688469,0.1797385886311531
st-johns-ny,kansas,St. John's (NY),Kansas,5,4,17,21,0.5570895671844482,0.44824114441871643,0.5544242113828659,0.4455757886171341
st-johns-ny,arkansas,St. John's (NY),Arkansas,5,4,17,22,0.5292955040931702,0.4547657072544098,0.5372648984193802,0.4627351015806198
st-johns-ny,california-baptist,St. John's (NY),California Baptist,5,13,17,23,0.9357811808586121,0.058914296329021454,0.9384334422647953,0.0615665577352047
st-johns-ny,louisville,St. John's (NY),Louisville,5,6,17,24,0.581906259059906,0.47894757986068726,0.5514793395996094,0.4485206604003906
st-johns-ny,hawaii,St. John's (NY),Hawaii,5,13,17,25,0.9226303696632385,0.0732249990105629,0.9247026853263378,0.07529731467366219
st-johns-ny,south-florida,St. John's (NY),South Florida,5,11,17,26,0.8098301887512207,0.21510612964630127,0.7973620295524597,0.20263797044754028
st-johns-ny,brigham-young,St. John's (NY),Brigham Young,5,6,17,27,0.613233745098114,0.4070143401622772,0.6031097024679184,0.3968902975320816
st-johns-ny,michigan-state,St. John's (NY),Michigan State,5,3,17,28,0.39931637048721313,0.6988685131072998,0.35022392868995667,0.6497760713100433
st-johns-ny,gonzaga,St. John's (NY),Gonzaga,5,3,17,29,0.37266358733177185,0.5913522839546204,0.39065565168857574,0.6093443483114243
st-johns-ny,north-dakota-state,St. John's (NY),North Dakota State,5,14,17,30,0.9023514986038208,0.1191466674208641,0.8916024155914783,0.10839758440852165
st-johns-ny,kennesaw-state,St. John's (NY),Kennesaw State,5,14,17,31,0.9135545492172241,0.07923313975334167,0.9171607047319412,0.08283929526805878
st-johns-ny,ucla,St. John's (NY),UCLA,5,7,17,32,0.5226638913154602,0.4849085211753845,0.5188776850700378,0.48112231492996216
st-johns-ny,miami-fl,St. John's (NY),Miami (FL),5,7,17,33,0.6373853087425232,0.3874131143093109,0.6249860972166061,0.37501390278339386
st-johns-ny,central-florida,St. John's (NY),UCF,5,10,17,34,0.7655426859855652,0.2352571189403534,0.7651427835226059,0.2348572164773941
st-johns-ny,connecticut,St. John's (NY),Connecticut,5,2,17,35,0.4341674745082855,0.5534874796867371,0.44033999741077423,0.5596600025892258
st-johns-ny,missouri,St. John's (NY),Missouri,5,10,17,36,0.7159518003463745,0.31183570623397827,0.7020580470561981,0.2979419529438019
st-johns-ny,purdue,St. John's (NY),Purdue,5,2,17,37,0.4061792194843292,0.7010862231254578,0.35254649817943573,0.6474535018205643
st-johns-ny,furman,St. John's (NY),Furman,5,15,17,38,0.9609426856040955,0.04030180722475052,0.9603204391896725,0.03967956081032753
st-johns-ny,queens-nc,St. John's (NY),Queens (NC),5,15,17,39,0.9667532444000244,0.022549234330654144,0.9721020050346851,0.027897994965314865
st-johns-ny,florida,St. John's (NY),Florida,5,1,17,40,0.22970962524414062,0.7079930901527405,0.2608582675457001,0.7391417324542999
st-johns-ny,michigan,St. John's (NY),Michigan,5,1,17,41,0.24684637784957886,0.7342031002044678,0.25632163882255554,0.7436783611774445
st-johns-ny,clemson,St. John's (NY),Clemson,5,8,17,42,0.6492207050323486,0.38509905338287354,0.6320608258247375,0.36793917417526245
st-johns-ny,georgia,St. John's (NY),Georgia,5,8,17,43,0.6583353877067566,0.43123292922973633,0.6135512292385101,0.38644877076148987
st-johns-ny,iowa,St. John's (NY),Iowa,5,9,17,44,0.629597008228302,0.41242358088493347,0.6085867136716843,0.39141328632831573
st-johns-ny,saint-louis,St. John's (NY),Saint Louis,5,9,17,45,0.7237004637718201,0.32896435260772705,0.6973680555820465,0.3026319444179535
st-johns-ny,vanderbilt,St. John's (NY),Vanderbilt,5,5,17,46,0.5393677353858948,0.5074704885482788,0.515948623418808,0.484051376581192
st-johns-ny,texas-tech,St. John's (NY),Texas Tech,5,5,17,47,0.5782314538955688,0.4946613609790802,0.5417850464582443,0.4582149535417557
st-johns-ny,mcneese-state,St. John's (NY),McNeese State,5,12,17,48,0.7524877786636353,0.25343769788742065,0.7495250403881073,0.2504749596118927
st-johns-ny,akron,St. John's (NY),Akron,5,12,17,49,0.88942551612854,0.12681269645690918,0.8813064098358154,0.11869359016418457
st-johns-ny,nebraska,St. John's (NY),Nebraska,5,4,17,50,0.542210042476654,0.45724961161613464,0.5424802154302597,0.4575197845697403
st-johns-ny,alabama,St. John's (NY),Alabama,5,4,17,51,0.4417899549007416,0.5276681780815125,0.45706088840961456,0.5429391115903854
st-johns-ny,troy,St. John's (NY),Troy,5,13,17,52,0.8938760161399841,0.08141328394412994,0.9062313660979271,0.0937686339020729
st-johns-ny,north-carolina,St. John's (NY),North Carolina,5,6,17,53,0.650305986404419,0.36048057675361633,0.6449127048254013,0.3550872951745987
st-johns-ny,hofstra,St. John's (NY),Hofstra,5,13,17,54,0.920880913734436,0.14383770525455475,0.8885216042399406,0.11147839576005936
st-johns-ny,virginia-commonwealth,St. John's (NY),Virginia Commonwealth,5,11,17,55,0.6826807856559753,0.34115898609161377,0.6707608997821808,0.3292391002178192
st-johns-ny,tennessee,St. John's (NY),Tennessee,5,6,17,56,0.4667142331600189,0.5721367001533508,0.44728876650333405,0.552711233496666
st-johns-ny,illinois,St. John's (NY),Illinois,5,3,17,57,0.33505505323410034,0.645684540271759,0.34468525648117065,0.6553147435188293
st-johns-ny,virginia,St. John's (NY),Virginia,5,3,17,58,0.4802355170249939,0.5535789132118225,0.4633283019065857,0.5366716980934143
st-johns-ny,pennsylvania,St. John's (NY),Pennsylvania,5,14,17,59,0.9534398913383484,0.06865821778774261,0.9423908367753029,0.05760916322469711
st-johns-ny,wright-state,St. John's (NY),Wright State,5,14,17,60,0.9514387249946594,0.04615199193358421,0.9526433665305376,0.047356633469462395
st-johns-ny,saint-marys-ca,St. John's (NY),Saint Mary's (CA),5,7,17,61,0.5145696401596069,0.5181231498718262,0.4982232451438904,0.5017767548561096
st-johns-ny,texas-am,St. John's (NY),Texas A&M,5,10,17,62,0.6407526135444641,0.4462926685810089,0.5972299724817276,0.4027700275182724
st-johns-ny,houston,St. John's (NY),Houston,5,2,17,63,0.26585912704467773,0.6703578233718872,0.29775065183639526,0.7022493481636047
st-johns-ny,idaho,St. John's (NY),Idaho,5,15,17,64,0.9604183435440063,0.03102075681090355,0.9646987933665514,0.0353012066334486
st-johns-ny,kentucky,St. John's (NY),Kentucky,5,7,17,65,0.60771244764328,0.43666332960128784,0.5855245590209961,0.4144754409790039
st-johns-ny,santa-clara,St. John's (NY),Santa Clara,5,10,17,66,0.6199615001678467,0.41661757230758667,0.60167196393013,0.39832803606987
st-johns-ny,iowa-state,St. John's (NY),Iowa State,5,2,17,67,0.39287838339805603,0.6062241196632385,0.39332713186740875,0.6066728681325912
st-johns-ny,tennessee-state,St. John's (NY),Tennessee State,5,15,17,68,0.9499956369400024,0.0443292036652565,0.952833216637373,0.04716678336262703
wisconsin,northern-iowa,Wisconsin,Northern Iowa,5,12,18,19,0.8101027011871338,0.1387961059808731,0.8356532976031303,0.16434670239686966
wisconsin,high-point,Wisconsin,High Point,5,12,18,20,0.7991876006126404,0.12634998559951782,0.8364188075065613,0.16358119249343872
wisconsin,kansas,Wisconsin,Kansas,5,4,18,21,0.48140206933021545,0.4898129999637604,0.49579453468322754,0.5042054653167725
wisconsin,arkansas,Wisconsin,Arkansas,5,4,18,22,0.5187584757804871,0.4605957269668579,0.5290813744068146,0.4709186255931854
wisconsin,california-baptist,Wisconsin,California Baptist,5,13,18,23,0.9349727034568787,0.05483069643378258,0.940071003511548,0.05992899648845196
wisconsin,louisville,Wisconsin,Louisville,5,6,18,24,0.4646678566932678,0.5232269167900085,0.47072046995162964,0.5292795300483704
wisconsin,hawaii,Wisconsin,Hawaii,5,13,18,25,0.9146312475204468,0.07920345664024353,0.9177138954401016,0.08228610455989838
wisconsin,south-florida,Wisconsin,South Florida,5,11,18,26,0.7990549206733704,0.16911004483699799,0.8149724379181862,0.1850275620818138
wisconsin,brigham-young,Wisconsin,Brigham Young,5,6,18,27,0.5734900236129761,0.4240000247955322,0.5747449994087219,0.4252550005912781
wisconsin,michigan-state,Wisconsin,Michigan State,5,3,18,28,0.4324319064617157,0.6087785363197327,0.4118266850709915,0.5881733149290085
wisconsin,gonzaga,Wisconsin,Gonzaga,5,3,18,29,0.3905218541622162,0.5378637313842773,0.4263290613889694,0.5736709386110306
wisconsin,north-dakota-state,Wisconsin,North Dakota State,5,14,18,30,0.9436264634132385,0.07625295221805573,0.9336867555975914,0.0663132444024086
wisconsin,kennesaw-state,Wisconsin,Kennesaw State,5,14,18,31,0.9013535380363464,0.08924853801727295,0.9060525000095367,0.09394749999046326
wisconsin,ucla,Wisconsin,UCLA,5,7,18,32,0.5421201586723328,0.48749321699142456,0.5273134708404541,0.4726865291595459
wisconsin,miami-fl,Wisconsin,Miami (FL),5,7,18,33,0.567279040813446,0.4028037190437317,0.5822376608848572,0.4177623391151428
wisconsin,central-florida,Wisconsin,UCF,5,10,18,34,0.6921038627624512,0.29146304726600647,0.7003204077482224,0.29967959225177765
wisconsin,connecticut,Wisconsin,Connecticut,5,2,18,35,0.4085506200790405,0.5216135382652283,0.44346854090690613,0.5565314590930939
wisconsin,missouri,Wisconsin,Missouri,5,10,18,36,0.681296706199646,0.2981092929840088,0.6915937066078186,0.3084062933921814
wisconsin,purdue,Wisconsin,Purdue,5,2,18,37,0.40391480922698975,0.6163495779037476,0.3937826156616211,0.6062173843383789
wisconsin,furman,Wisconsin,Furman,5,15,18,38,0.9710326194763184,0.04439607635140419,0.9633182715624571,0.036681728437542915
wisconsin,queens-nc,Wisconsin,Queens (NC),5,15,18,39,0.9633839726448059,0.021665776148438454,0.9708590982481837,0.029140901751816273
wisconsin,florida,Wisconsin,Florida,5,1,18,40,0.2280229777097702,0.7171991467475891,0.25541191548109055,0.7445880845189095
wisconsin,michigan,Wisconsin,Michigan,5,1,18,41,0.2467707395553589,0.7622213959693909,0.242274671792984,0.757725328207016
wisconsin,clemson,Wisconsin,Clemson,5,8,18,42,0.6090184450149536,0.37725698947906494,0.6158807277679443,0.38411927223205566
wisconsin,georgia,Wisconsin,Georgia,5,8,18,43,0.5910337567329407,0.42211514711380005,0.5844593048095703,0.4155406951904297
wisconsin,iowa,Wisconsin,Iowa,5,9,18,44,0.5969817042350769,0.4272916615009308,0.5848450213670731,0.41515497863292694
wisconsin,saint-louis,Wisconsin,Saint Louis,5,9,18,45,0.7041425704956055,0.303497850894928,0.7003223598003387,0.29967764019966125
wisconsin,vanderbilt,Wisconsin,Vanderbilt,5,5,18,46,0.45017191767692566,0.5320848226547241,0.45904354751110077,0.5409564524888992
wisconsin,texas-tech,Wisconsin,Texas Tech,5,5,18,47,0.46971750259399414,0.5291643142700195,0.4702765941619873,0.5297234058380127
wisconsin,mcneese-state,Wisconsin,McNeese State,5,12,18,48,0.7662827372550964,0.2152128368616104,0.775534950196743,0.224465049803257
wisconsin,akron,Wisconsin,Akron,5,12,18,49,0.8506472110748291,0.10231377184391022,0.8741667196154594,0.12583328038454056
wisconsin,nebraska,Wisconsin,Nebraska,5,4,18,50,0.5308087468147278,0.43810606002807617,0.5463513433933258,0.4536486566066742
wisconsin,alabama,Wisconsin,Alabama,5,4,18,51,0.43639999628067017,0.5318412184715271,0.45227938890457153,0.5477206110954285
wisconsin,troy,Wisconsin,Troy,5,13,18,52,0.8746541142463684,0.11547841876745224,0.8795878477394581,0.12041215226054192
wisconsin,north-carolina,Wisconsin,North Carolina,5,6,18,53,0.5747447609901428,0.37357041239738464,0.6005871742963791,0.3994128257036209
wisconsin,hofstra,Wisconsin,Hofstra,5,13,18,54,0.9212474226951599,0.09714742749929428,0.9120499975979328,0.08795000240206718
wisconsin,virginia-commonwealth,Wisconsin,Virginia Commonwealth,5,11,18,55,0.7129309177398682,0.2732420563697815,0.7198444306850433,0.28015556931495667
wisconsin,tennessee,Wisconsin,Tennessee,5,6,18,56,0.45377764105796814,0.5596190094947815,0.4470793157815933,0.5529206842184067
wisconsin,illinois,Wisconsin,Illinois,5,3,18,57,0.33612099289894104,0.6684424877166748,0.3338392525911331,0.6661607474088669
wisconsin,virginia,Wisconsin,Virginia,5,3,18,58,0.465048611164093,0.500979483127594,0.4820345640182495,0.5179654359817505
wisconsin,pennsylvania,Wisconsin,Pennsylvania,5,14,18,59,0.941585123538971,0.03273828700184822,0.9544234182685614,0.04557658173143864
wisconsin,wright-state,Wisconsin,Wright State,5,14,18,60,0.934795618057251,0.03384466469287872,0.9504754766821861,0.04952452331781387
wisconsin,saint-marys-ca,Wisconsin,Saint Mary's (CA),5,7,18,61,0.3998790979385376,0.4994431436061859,0.45021797716617584,0.5497820228338242
wisconsin,texas-am,Wisconsin,Texas A&M,5,10,18,62,0.6105775237083435,0.42125892639160156,0.594659298658371,0.40534070134162903
wisconsin,houston,Wisconsin,Houston,5,2,18,63,0.3635503351688385,0.5474003553390503,0.4080749899148941,0.5919250100851059
wisconsin,idaho,Wisconsin,Idaho,5,15,18,64,0.9660853743553162,0.027477703988552094,0.969303835183382,0.030696164816617966
wisconsin,kentucky,Wisconsin,Kentucky,5,7,18,65,0.5702164173126221,0.42210131883621216,0.574057549238205,0.42594245076179504
wisconsin,santa-clara,Wisconsin,Santa Clara,5,10,18,66,0.6061780452728271,0.4241308867931366,0.5910235792398453,0.4089764207601547
wisconsin,iowa-state,Wisconsin,Iowa State,5,2,18,67,0.4212478697299957,0.5352407693862915,0.4430035501718521,0.5569964498281479
wisconsin,tennessee-state,Wisconsin,Tennessee State,5,15,18,68,0.9305246472358704,0.04748295992612839,0.941520843654871,0.05847915634512901
northern-iowa,high-point,Northern Iowa,High Point,12,12,19,20,0.40593287348747253,0.566434919834137,0.4197489768266678,0.5802510231733322
northern-iowa,kansas,Northern Iowa,Kansas,12,4,19,21,0.14190056920051575,0.8017193675041199,0.17009060084819794,0.8299093991518021
northern-iowa,arkansas,Northern Iowa,Arkansas,12,4,19,22,0.17162258923053741,0.8031734824180603,0.18422455340623856,0.8157754465937614
northern-iowa,california-baptist,Northern Iowa,California Baptist,12,13,19,23,0.6592461466789246,0.32730281352996826,0.6659716665744781,0.33402833342552185
northern-iowa,louisville,Northern Iowa,Louisville,12,6,19,24,0.18602976202964783,0.7592990398406982,0.2133653610944748,0.7866346389055252
northern-iowa,hawaii,Northern Iowa,Hawaii,12,13,19,25,0.7182994484901428,0.3326038718223572,0.6928477883338928,0.3071522116661072
northern-iowa,south-florida,Northern Iowa,South Florida,12,11,19,26,0.41843748092651367,0.6296722292900085,0.39438262581825256,0.6056173741817474
northern-iowa,brigham-young,Northern Iowa,Brigham Young,12,6,19,27,0.19870202243328094,0.7998953461647034,0.1994033381342888,0.8005966618657112
northern-iowa,michigan-state,Northern Iowa,Michigan State,12,3,19,28,0.12060044705867767,0.8542367815971375,0.1331818327307701,0.8668181672692299
northern-iowa,gonzaga,Northern Iowa,Gonzaga,12,3,19,29,0.0999436005949974,0.9004001617431641,0.09977171942591667,0.9002282805740833
northern-iowa,north-dakota-state,Northern Iowa,North Dakota State,12,14,19,30,0.47896629571914673,0.4808467924594879,0.4990597516298294,0.5009402483701706
northern-iowa,kennesaw-state,Northern Iowa,Kennesaw State,12,14,19,31,0.667901873588562,0.2743263244628906,0.6967877745628357,0.3032122254371643
northern-iowa,ucla,Northern Iowa,UCLA,12,7,19,32,0.21542592346668243,0.7991095781326294,0.20815817266702652,0.7918418273329735
northern-iowa,miami-fl,Northern Iowa,Miami (FL),12,7,19,33,0.2943442165851593,0.6856186985969543,0.3043627589941025,0.6956372410058975
northern-iowa,central-florida,Northern Iowa,UCF,12,10,19,34,0.3523142635822296,0.6249072551727295,0.36370350420475006,0.6362964957952499
northern-iowa,connecticut,Northern Iowa,Connecticut,12,2,19,35,0.15568651258945465,0.7860074043273926,0.18483955413103104,0.815160445868969
northern-iowa,missouri,Northern Iowa,Missouri,12,10,19,36,0.3493839502334595,0.6559902429580688,0.3466968536376953,0.6533031463623047
northern-iowa,purdue,Northern Iowa,Purdue,12,2,19,37,0.0890272781252861,0.8715299963951111,0.10874864086508751,0.8912513591349125
northern-iowa,furman,Northern Iowa,Furman,12,15,19,38,0.724409818649292,0.23154501616954803,0.746432401239872,0.253567598760128
northern-iowa,queens-nc,Northern Iowa,Queens (NC),12,15,19,39,0.7890452146530151,0.1991065889596939,0.7949693128466606,0.20503068715333939
northern-iowa,florida,Northern Iowa,Florida,12,1,19,40,0.07590346783399582,0.9323150515556335,0.07179420813918114,0.9282057918608189
northern-iowa,michigan,Northern Iowa,Michigan,12,1,19,41,0.07593287527561188,0.9282501935958862,0.07384134083986282,0.9261586591601372
northern-iowa,clemson,Northern Iowa,Clemson,12,8,19,42,0.32377341389656067,0.6835376024246216,0.32011790573596954,0.6798820942640305
northern-iowa,georgia,Northern Iowa,Georgia,12,8,19,43,0.19321058690547943,0.774573802947998,0.2093183919787407,0.7906816080212593
northern-iowa,iowa,Northern Iowa,Iowa,12,9,19,44,0.25417816638946533,0.748704195022583,0.25273698568344116,0.7472630143165588
northern-iowa,saint-louis,Northern Iowa,Saint Louis,12,9,19,45,0.3677953779697418,0.6430022120475769,0.36239658296108246,0.6376034170389175
northern-iowa,vanderbilt,Northern Iowa,Vanderbilt,12,5,19,46,0.21135684847831726,0.7952877879142761,0.20803453028202057,0.7919654697179794
northern-iowa,texas-tech,Northern Iowa,Texas Tech,12,5,19,47,0.11620092391967773,0.8677678108215332,0.12421655654907227,0.8757834434509277
northern-iowa,mcneese-state,Northern Iowa,McNeese State,12,12,19,48,0.43618497252464294,0.5833232998847961,0.4264308363199234,0.5735691636800766
northern-iowa,akron,Northern Iowa,Akron,12,12,19,49,0.4595012068748474,0.5375798940658569,0.46096065640449524,0.5390393435955048
northern-iowa,nebraska,Northern Iowa,Nebraska,12,4,19,50,0.21729877591133118,0.7639054656028748,0.2266966551542282,0.7733033448457718
northern-iowa,alabama,Northern Iowa,Alabama,12,4,19,51,0.0887855663895607,0.9298965334892273,0.0794445164501667,0.9205554835498333
northern-iowa,troy,Northern Iowa,Troy,12,13,19,52,0.6760417819023132,0.2666158676147461,0.7047129571437836,0.29528704285621643
northern-iowa,north-carolina,Northern Iowa,North Carolina,12,6,19,53,0.2675078511238098,0.7383475303649902,0.2645801603794098,0.7354198396205902
northern-iowa,hofstra,Northern Iowa,Hofstra,12,13,19,54,0.5133517980575562,0.47629621624946594,0.5185277909040451,0.4814722090959549
northern-iowa,virginia-commonwealth,Northern Iowa,Virginia Commonwealth,12,11,19,55,0.45102137327194214,0.5460830926895142,0.452469140291214,0.547530859708786
northern-iowa,tennessee,Northern Iowa,Tennessee,12,6,19,56,0.1324901282787323,0.9068034291267395,0.1128433495759964,0.8871566504240036
northern-iowa,illinois,Northern Iowa,Illinois,12,3,19,57,0.1036757379770279,0.8568800687789917,0.1233978345990181,0.8766021654009819
northern-iowa,virginia,Northern Iowa,Virginia,12,3,19,58,0.25023576617240906,0.7529019117355347,0.2486669272184372,0.7513330727815628
northern-iowa,pennsylvania,Northern Iowa,Pennsylvania,12,14,19,59,0.7259566783905029,0.2501044273376465,0.7379261255264282,0.2620738744735718
northern-iowa,wright-state,Northern Iowa,Wright State,12,14,19,60,0.6794567108154297,0.323324054479599,0.6780663281679153,0.32193367183208466
northern-iowa,saint-marys-ca,Northern Iowa,Saint Mary's (CA),12,7,19,61,0.24302031099796295,0.7726553082466125,0.2351825013756752,0.7648174986243248
northern-iowa,texas-am,Northern Iowa,Texas A&M,12,10,19,62,0.1711840182542801,0.8050461411476135,0.18306893855333328,0.8169310614466667
northern-iowa,houston,Northern Iowa,Houston,12,2,19,63,0.05312931910157204,0.9411520957946777,0.05598861165344715,0.9440113883465528
northern-iowa,idaho,Northern Iowa,Idaho,12,15,19,64,0.732528805732727,0.24876262247562408,0.7418830916285515,0.2581169083714485
northern-iowa,kentucky,Northern Iowa,Kentucky,12,7,19,65,0.15508544445037842,0.8287405371665955,0.16317245364189148,0.8368275463581085
northern-iowa,santa-clara,Northern Iowa,Santa Clara,12,10,19,66,0.36936506628990173,0.5985312461853027,0.3854169100522995,0.6145830899477005
northern-iowa,iowa-state,Northern Iowa,Iowa State,12,2,19,67,0.12278001755475998,0.8711968660354614,0.12579157575964928,0.8742084242403507
northern-iowa,tennessee-state,Northern Iowa,Tennessee State,12,15,19,68,0.7324246764183044,0.2703896760940552,0.7310175001621246,0.26898249983787537
high-point,kansas,High Point,Kansas,12,4,20,21,0.15149110555648804,0.7959006428718567,0.17779523134231567,0.8222047686576843
high-point,arkansas,High Point,Arkansas,12,4,20,22,0.14870955049991608,0.8272690773010254,0.16072023659944534,0.8392797634005547
high-point,california-baptist,High Point,California Baptist,12,13,20,23,0.7562633156776428,0.2253388911485672,0.7654622122645378,0.2345377877354622
high-point,louisville,High Point,Louisville,12,6,20,24,0.14678095281124115,0.8159844875335693,0.1653982326388359,0.8346017673611641
high-point,hawaii,High Point,Hawaii,12,13,20,25,0.7430890202522278,0.24075783789157867,0.7511655911803246,0.24883440881967545
high-point,south-florida,High Point,South Florida,12,11,20,26,0.485309362411499,0.5106607675552368,0.4873242974281311,0.5126757025718689
high-point,brigham-young,High Point,Brigham Young,12,6,20,27,0.203813835978508,0.7152392864227295,0.24428727477788925,0.7557127252221107
high-point,michigan-state,High Point,Michigan State,12,3,20,28,0.1282927691936493,0.8582594394683838,0.13501666486263275,0.8649833351373672
high-point,gonzaga,High Point,Gonzaga,12,3,20,29,0.1383959800004959,0.8901923298835754,0.12410182505846024,0.8758981749415398
high-point,north-dakota-state,High Point,North Dakota State,12,14,20,30,0.6381744742393494,0.3363872170448303,0.6508936285972595,0.3491063714027405
high-point,kennesaw-state,High Point,Kennesaw State,12,14,20,31,0.7203959822654724,0.24783815443515778,0.7362789139151573,0.2637210860848427
high-point,ucla,High Point,UCLA,12,7,20,32,0.14451506733894348,0.8736134171485901,0.1354508250951767,0.8645491749048233
high-point,miami-fl,High Point,Miami (FL),12,7,20,33,0.3511691391468048,0.5748066902160645,0.3881812244653702,0.6118187755346298
high-point,central-florida,High Point,UCF,12,10,20,34,0.3105291724205017,0.7077813744544983,0.3013738989830017,0.6986261010169983
high-point,connecticut,High Point,Connecticut,12,2,20,35,0.1558583527803421,0.8252233862876892,0.16531748324632645,0.8346825167536736
high-point,missouri,High Point,Missouri,12,10,20,36,0.3675987422466278,0.805582582950592,0.2810080796480179,0.7189919203519821
high-point,purdue,High Point,Purdue,12,2,20,37,0.14257614314556122,0.8805670142173767,0.13100456446409225,0.8689954355359077
high-point,furman,High Point,Furman,12,15,20,38,0.7992377877235413,0.20986533164978027,0.7946862280368805,0.2053137719631195
high-point,queens-nc,High Point,Queens (NC),12,15,20,39,0.8191199898719788,0.17402087152004242,0.8225495591759682,0.17745044082403183
high-point,florida,High Point,Florida,12,1,20,40,0.038364749401807785,0.9280382990837097,0.055163225159049034,0.944836774840951
high-point,michigan,High Point,Michigan,12,1,20,41,0.06419946998357773,0.9009387493133545,0.08163036033511162,0.9183696396648884
high-point,clemson,High Point,Clemson,12,8,20,42,0.3260743021965027,0.7170495390892029,0.3045123815536499,0.6954876184463501
high-point,georgia,High Point,Georgia,12,8,20,43,0.18639762699604034,0.8343853950500488,0.17600611597299576,0.8239938840270042
high-point,iowa,High Point,Iowa,12,9,20,44,0.30557531118392944,0.7805236577987671,0.2625258266925812,0.7374741733074188
high-point,saint-louis,High Point,Saint Louis,12,9,20,45,0.44977355003356934,0.5362477898597717,0.4567628800868988,0.5432371199131012
high-point,vanderbilt,High Point,Vanderbilt,12,5,20,46,0.18029463291168213,0.8066479563713074,0.18682333827018738,0.8131766617298126
high-point,texas-tech,High Point,Texas Tech,12,5,20,47,0.12621060013771057,0.8611633777618408,0.13252361118793488,0.8674763888120651
high-point,mcneese-state,High Point,McNeese State,12,12,20,48,0.5340659022331238,0.4847639799118042,0.5246509611606598,0.4753490388393402
high-point,akron,High Point,Akron,12,12,20,49,0.569767415523529,0.4336513876914978,0.5680580139160156,0.4319419860839844
high-point,nebraska,High Point,Nebraska,12,4,20,50,0.19374924898147583,0.7457126379013062,0.22401830554008484,0.7759816944599152
high-point,alabama,High Point,Alabama,12,4,20,51,0.12464173138141632,0.8730733394622803,0.12578419595956802,0.874215804040432
high-point,troy,High Point,Troy,12,13,20,52,0.7327783703804016,0.2866710424423218,0.7230536639690399,0.2769463360309601
high-point,north-carolina,High Point,North Carolina,12,6,20,53,0.14974242448806763,0.7807891964912415,0.18447661399841309,0.8155233860015869
high-point,hofstra,High Point,Hofstra,12,13,20,54,0.642055332660675,0.3873468339443207,0.6273542493581772,0.3726457506418228
high-point,virginia-commonwealth,High Point,Virginia Commonwealth,12,11,20,55,0.52304607629776,0.5134057402610779,0.5048201680183411,0.49517983198165894
high-point,tennessee,High Point,Tennessee,12,6,20,56,0.08634167909622192,0.8547691702842712,0.11578625440597534,0.8842137455940247
high-point,illinois,High Point,Illinois,12,3,20,57,0.09829796850681305,0.8707185387611389,0.11378971487283707,0.8862102851271629
high-point,virginia,High Point,Virginia,12,3,20,58,0.23246681690216064,0.6964638233184814,0.2680014967918396,0.7319985032081604
high-point,pennsylvania,High Point,Pennsylvania,12,14,20,59,0.8153162002563477,0.1829720139503479,0.8161720931529999,0.18382790684700012
high-point,wright-state,High Point,Wright State,12,14,20,60,0.7337532639503479,0.2702878415584564,0.7317327111959457,0.26826728880405426
high-point,saint-marys-ca,High Point,Saint Mary's (CA),12,7,20,61,0.21809107065200806,0.7330791354179382,0.2425059676170349,0.7574940323829651
high-point,texas-am,High Point,Texas A&M,12,10,20,62,0.1664876788854599,0.7840969562530518,0.19119536131620407,0.8088046386837959
high-point,houston,High Point,Houston,12,2,20,63,0.06642472743988037,0.9370893239974976,0.0646677017211914,0.9353322982788086
high-point,idaho,High Point,Idaho,12,15,20,64,0.8102847337722778,0.20215629041194916,0.8040642216801643,0.19593577831983566
high-point,kentucky,High Point,Kentucky,12,7,20,65,0.15651290118694305,0.809847891330719,0.17333250492811203,0.826667495071888
high-point,santa-clara,High Point,Santa Clara,12,10,20,66,0.3153415322303772,0.6836865544319153,0.31582748889923096,0.684172511100769
high-point,iowa-state,High Point,Iowa State,12,2,20,67,0.09026458859443665,0.8816741704940796,0.10429520905017853,0.8957047909498215
high-point,tennessee-state,High Point,Tennessee State,12,15,20,68,0.7702609300613403,0.19833818078041077,0.7859613746404648,0.21403862535953522
kansas,arkansas,Kansas,Arkansas,4,4,21,22,0.43714746832847595,0.5088335871696472,0.46415694057941437,0.5358430594205856
kansas,california-baptist,Kansas,California Baptist,4,13,21,23,0.9459090232849121,0.0403154231607914,0.9527968000620604,0.047203199937939644
kansas,louisville,Kansas,Louisville,4,6,21,24,0.4546111226081848,0.569776177406311,0.4424174726009369,0.5575825273990631
kansas,hawaii,Kansas,Hawaii,4,13,21,25,0.9429597854614258,0.057261623442173004,0.9428490810096264,0.05715091899037361
kansas,south-florida,Kansas,South Florida,4,11,21,26,0.7594942450523376,0.17137615382671356,0.794059045612812,0.20594095438718796
kansas,brigham-young,Kansas,Brigham Young,4,6,21,27,0.46893376111984253,0.5342562794685364,0.4673387408256531,0.5326612591743469
kansas,michigan-state,Kansas,Michigan State,4,3,21,28,0.3652972877025604,0.6611009240150452,0.35209818184375763,0.6479018181562424
kansas,gonzaga,Kansas,Gonzaga,4,3,21,29,0.33398255705833435,0.600243330001831,0.36686961352825165,0.6331303864717484
kansas,north-dakota-state,Kansas,North Dakota State,4,14,21,30,0.8710597157478333,0.11283503472805023,0.8791123405098915,0.12088765949010849
kansas,kennesaw-state,Kansas,Kennesaw State,4,14,21,31,0.8865941166877747,0.09480757266283035,0.8958932720124722,0.10410672798752785
kansas,ucla,Kansas,UCLA,4,7,21,32,0.49686843156814575,0.5004305839538574,0.49821892380714417,0.5017810761928558
kansas,miami-fl,Kansas,Miami (FL),4,7,21,33,0.5548542141914368,0.39023104310035706,0.5823115855455399,0.41768841445446014
kansas,central-florida,Kansas,UCF,4,10,21,34,0.6157451868057251,0.31354784965515137,0.6510986685752869,0.34890133142471313
kansas,connecticut,Kansas,Connecticut,4,2,21,35,0.38765063881874084,0.6184231042861938,0.3846137672662735,0.6153862327337265
kansas,missouri,Kansas,Missouri,4,10,21,36,0.6338933110237122,0.30644869804382324,0.6637223064899445,0.33627769351005554
kansas,purdue,Kansas,Purdue,4,2,21,37,0.34068605303764343,0.6760830879211426,0.3323014825582504,0.6676985174417496
kansas,furman,Kansas,Furman,4,15,21,38,0.9349374175071716,0.04594973102211952,0.944493843242526,0.055506156757473946
kansas,queens-nc,Kansas,Queens (NC),4,15,21,39,0.969549834728241,0.019312091171741486,0.9751188717782497,0.02488112822175026
kansas,florida,Kansas,Florida,4,1,21,40,0.1867521107196808,0.8092275261878967,0.18876229226589203,0.811237707734108
kansas,michigan,Kansas,Michigan,4,1,21,41,0.21837972104549408,0.7680302858352661,0.22517471760511398,0.774825282394886
kansas,clemson,Kansas,Clemson,4,8,21,42,0.57829350233078,0.3914625942707062,0.5934154540300369,0.4065845459699631
kansas,georgia,Kansas,Georgia,4,8,21,43,0.5261344313621521,0.48179057240486145,0.5221719294786453,0.4778280705213547
kansas,iowa,Kansas,Iowa,4,9,21,44,0.4780018925666809,0.4818840026855469,0.498058944940567,0.501941055059433
kansas,saint-louis,Kansas,Saint Louis,4,9,21,45,0.6855119466781616,0.31429702043533325,0.6856074631214142,0.3143925368785858
kansas,vanderbilt,Kansas,Vanderbilt,4,5,21,46,0.37317174673080444,0.5629971623420715,0.40508729219436646,0.5949127078056335
kansas,texas-tech,Kansas,Texas Tech,4,5,21,47,0.4550674557685852,0.5574201345443726,0.4488236606121063,0.5511763393878937
kansas,mcneese-state,Kansas,McNeese State,4,12,21,48,0.763694703578949,0.1714979112148285,0.7960983961820602,0.20390160381793976
kansas,akron,Kansas,Akron,4,12,21,49,0.799294114112854,0.158846914768219,0.8202235996723175,0.1797764003276825
kansas,nebraska,Kansas,Nebraska,4,4,21,50,0.4702332615852356,0.4695776402950287,0.5003278106451035,0.49967218935489655
kansas,alabama,Kansas,Alabama,4,4,21,51,0.46218979358673096,0.5493038296699524,0.4564429819583893,0.5435570180416107
kansas,troy,Kansas,Troy,4,13,21,52,0.8887304067611694,0.07044140249490738,0.909144502133131,0.09085549786686897
kansas,north-carolina,Kansas,North Carolina,4,6,21,53,0.5091413855552673,0.48065751791000366,0.5142419338226318,0.48575806617736816
kansas,hofstra,Kansas,Hofstra,4,13,21,54,0.8952627778053284,0.08572918176651001,0.9047667980194092,0.09523320198059082
kansas,virginia-commonwealth,Kansas,Virginia Commonwealth,4,11,21,55,0.6892581582069397,0.27603551745414734,0.7066113203763962,0.2933886796236038
kansas,tennessee,Kansas,Tennessee,4,6,21,56,0.3381231725215912,0.6334553360939026,0.3523339182138443,0.6476660817861557
kansas,illinois,Kansas,Illinois,4,3,21,57,0.2746971547603607,0.7027132511138916,0.28599195182323456,0.7140080481767654
kansas,virginia,Kansas,Virginia,4,3,21,58,0.45078980922698975,0.5561837553977966,0.44730302691459656,0.5526969730854034
kansas,pennsylvania,Kansas,Pennsylvania,4,14,21,59,0.9480981230735779,0.03597736731171608,0.9560603778809309,0.0439396221190691
kansas,wright-state,Kansas,Wright State,4,14,21,60,0.9304925203323364,0.044126056134700775,0.9431832320988178,0.056816767901182175
kansas,saint-marys-ca,Kansas,Saint Mary's (CA),4,7,21,61,0.5620036721229553,0.46650293469429016,0.5477503687143326,0.4522496312856674
kansas,texas-am,Kansas,Texas A&M,4,10,21,62,0.500259518623352,0.4775323271751404,0.5113635957241058,0.48863640427589417
kansas,houston,Kansas,Houston,4,2,21,63,0.22246602177619934,0.7139964699745178,0.25423477590084076,0.7457652240991592
kansas,idaho,Kansas,Idaho,4,15,21,64,0.9518111944198608,0.030382901430130005,0.9607141464948654,0.03928585350513458
kansas,kentucky,Kansas,Kentucky,4,7,21,65,0.42423009872436523,0.5557581782341003,0.43423596024513245,0.5657640397548676
kansas,santa-clara,Kansas,Santa Clara,4,10,21,66,0.5762772560119629,0.4016958475112915,0.5872907042503357,0.4127092957496643
kansas,iowa-state,Kansas,Iowa State,4,2,21,67,0.31075605750083923,0.6258291006088257,0.3424634784460068,0.6575365215539932
kansas,tennessee-state,Kansas,Tennessee State,4,15,21,68,0.9195413589477539,0.04948708042502403,0.9350271392613649,0.06497286073863506
arkansas,california-baptist,Arkansas,California Baptist,4,13,22,23,0.9247942566871643,0.07409341633319855,0.9253504201769829,0.07464957982301712
arkansas,louisville,Arkansas,Louisville,4,6,22,24,0.508267879486084,0.5020087957382202,0.5031295418739319,0.4968704581260681
arkansas,hawaii,Arkansas,Hawaii,4,13,22,25,0.9089860916137695,0.07670234143733978,0.9161418750882149,0.08385812491178513
arkansas,south-florida,Arkansas,South Florida,4,11,22,26,0.8118396997451782,0.17724885046482086,0.8172954246401787,0.18270457535982132
arkansas,brigham-young,Arkansas,Brigham Young,4,6,22,27,0.6144008040428162,0.3888314664363861,0.612784668803215,0.387215331196785
arkansas,michigan-state,Arkansas,Michigan State,4,3,22,28,0.38315916061401367,0.6320315599441528,0.3755638003349304,0.6244361996650696
arkansas,gonzaga,Arkansas,Gonzaga,4,3,22,29,0.38332051038742065,0.5459561944007874,0.41868215799331665,0.5813178420066833
arkansas,north-dakota-state,Arkansas,North Dakota State,4,14,22,30,0.8852363228797913,0.11112792789936066,0.8870541974902153,0.1129458025097847
arkansas,kennesaw-state,Arkansas,Kennesaw State,4,14,22,31,0.8581097722053528,0.11927652359008789,0.8694166243076324,0.13058337569236755
arkansas,ucla,Arkansas,UCLA,4,7,22,32,0.5385022163391113,0.42351263761520386,0.5574947893619537,0.44250521063804626
arkansas,miami-fl,Arkansas,Miami (FL),4,7,22,33,0.5384230017662048,0.4527820646762848,0.54282046854496,0.45717953145504
arkansas,central-florida,Arkansas,UCF,4,10,22,34,0.7090464234352112,0.241916686296463,0.7335648685693741,0.2664351314306259
arkansas,connecticut,Arkansas,Connecticut,4,2,22,35,0.4032137989997864,0.569092869758606,0.4170604646205902,0.5829395353794098
arkansas,missouri,Arkansas,Missouri,4,10,22,36,0.7059680819511414,0.28007715940475464,0.7129454612731934,0.28705453872680664
arkansas,purdue,Arkansas,Purdue,4,2,22,37,0.3472140431404114,0.6778036952018738,0.3347051739692688,0.6652948260307312
arkansas,furman,Arkansas,Furman,4,15,22,38,0.9475067853927612,0.04810945689678192,0.9496986642479897,0.050301335752010345
arkansas,queens-nc,Arkansas,Queens (NC),4,15,22,39,0.9771738052368164,0.021851863712072372,0.977660970762372,0.022339029237627983
arkansas,florida,Arkansas,Florida,4,1,22,40,0.20699426531791687,0.7258259654045105,0.24058414995670319,0.7594158500432968
arkansas,michigan,Arkansas,Michigan,4,1,22,41,0.22902275621891022,0.7067139148712158,0.2611544206738472,0.7388455793261528
arkansas,clemson,Arkansas,Clemson,4,8,22,42,0.6110926270484924,0.37362438440322876,0.6187341213226318,0.38126587867736816
arkansas,georgia,Arkansas,Georgia,4,8,22,43,0.5467420220375061,0.42579424381256104,0.5604738891124725,0.43952611088752747
arkansas,iowa,Arkansas,Iowa,4,9,22,44,0.5890121459960938,0.38447999954223633,0.6022660732269287,0.3977339267730713
arkansas,saint-louis,Arkansas,Saint Louis,4,9,22,45,0.7207629084587097,0.215596541762352,0.7525831833481789,0.24741681665182114
arkansas,vanderbilt,Arkansas,Vanderbilt,4,5,22,46,0.4555039405822754,0.5379384756088257,0.45878273248672485,0.5412172675132751
arkansas,texas-tech,Arkansas,Texas Tech,4,5,22,47,0.4423716068267822,0.5431129932403564,0.4496293067932129,0.5503706932067871
arkansas,mcneese-state,Arkansas,McNeese State,4,12,22,48,0.6609674692153931,0.26835936307907104,0.696304053068161,0.303695946931839
arkansas,akron,Arkansas,Akron,4,12,22,49,0.8194128274917603,0.15524506568908691,0.8320838809013367,0.16791611909866333
arkansas,nebraska,Arkansas,Nebraska,4,4,22,50,0.4925573468208313,0.4570838212966919,0.5177367627620697,0.4822632372379303
arkansas,alabama,Arkansas,Alabama,4,4,22,51,0.44130560755729675,0.5479663610458374,0.4466696232557297,0.5533303767442703
arkansas,troy,Arkansas,Troy,4,13,22,52,0.8310816884040833,0.1035287156701088,0.8637764863669872,0.13622351363301277
arkansas,north-carolina,Arkansas,North Carolina,4,6,22,53,0.5872795581817627,0.4082507789134979,0.5895143896341324,0.4104856103658676
arkansas,hofstra,Arkansas,Hofstra,4,13,22,54,0.8526600003242493,0.20155000686645508,0.8255549967288971,0.1744450032711029
arkansas,virginia-commonwealth,Arkansas,Virginia Commonwealth,4,11,22,55,0.7069461941719055,0.2603956460952759,0.7232752740383148,0.2767247259616852
arkansas,tennessee,Arkansas,Tennessee,4,6,22,56,0.3983904719352722,0.5808708667755127,0.40875980257987976,0.5912401974201202
arkansas,illinois,Arkansas,Illinois,4,3,22,57,0.29537132382392883,0.6677182912826538,0.3138265162706375,0.6861734837293625
arkansas,virginia,Arkansas,Virginia,4,3,22,58,0.4363159239292145,0.4697268307209015,0.4832945466041565,0.5167054533958435
arkansas,pennsylvania,Arkansas,Pennsylvania,4,14,22,59,0.9649835824966431,0.034595079720020294,0.9651942513883114,0.034805748611688614
arkansas,wright-state,Arkansas,Wright State,4,14,22,60,0.9214993715286255,0.053728651255369186,0.9338853601366282,0.06611463986337185
arkansas,saint-marys-ca,Arkansas,Saint Mary's (CA),4,7,22,61,0.4403088390827179,0.5529254078865051,0.4436917155981064,0.5563082844018936
arkansas,texas-am,Arkansas,Texas A&M,4,10,22,62,0.63804692029953,0.3951529264450073,0.6214469969272614,0.37855300307273865
arkansas,houston,Arkansas,Houston,4,2,22,63,0.3508817255496979,0.5590061545372009,0.3959377855062485,0.6040622144937515
arkansas,idaho,Arkansas,Idaho,4,15,22,64,0.9583864212036133,0.040130600333213806,0.9591279104351997,0.04087208956480026
arkansas,kentucky,Arkansas,Kentucky,4,7,22,65,0.5774185657501221,0.40030044317245483,0.5885590612888336,0.4114409387111664
arkansas,santa-clara,Arkansas,Santa Clara,4,10,22,66,0.5816637277603149,0.40168893337249756,0.5899873971939087,0.4100126028060913
arkansas,iowa-state,Arkansas,Iowa State,4,2,22,67,0.37251195311546326,0.5903602242469788,0.39107586443424225,0.6089241355657578
arkansas,tennessee-state,Arkansas,Tennessee State,4,15,22,68,0.912433385848999,0.04369894042611122,0.9343672227114439,0.0656327772885561
california-baptist,louisville,California Baptist,Louisville,13,6,23,24,0.07412227243185043,0.922420084476471,0.07585109397768974,0.9241489060223103
california-baptist,hawaii,California Baptist,Hawaii,13,13,23,25,0.4067791700363159,0.5887595415115356,0.40900981426239014,0.5909901857376099
california-baptist,south-florida,California Baptist,South Florida,13,11,23,26,0.19561484456062317,0.7975593209266663,0.19902776181697845,0.8009722381830215
california-baptist,brigham-young,California Baptist,Brigham Young,13,6,23,27,0.14176401495933533,0.8277056217193604,0.1570291966199875,0.8429708033800125
california-baptist,michigan-state,California Baptist,Michigan State,13,3,23,28,0.035380277782678604,0.9708744883537292,0.03225289471447468,0.9677471052855253
california-baptist,gonzaga,California Baptist,Gonzaga,13,3,23,29,0.0228190366178751,0.963413417339325,0.029702809639275074,0.9702971903607249
california-baptist,north-dakota-state,California Baptist,North Dakota State,13,14,23,30,0.3211292326450348,0.6384868621826172,0.3413211852312088,0.6586788147687912
california-baptist,kennesaw-state,California Baptist,Kennesaw State,13,14,23,31,0.4761366546154022,0.5626803040504456,0.45672817528247833,0.5432718247175217
california-baptist,ucla,California Baptist,UCLA,13,7,23,32,0.07991992682218552,0.9281914234161377,0.07586425170302391,0.9241357482969761
california-baptist,miami-fl,California Baptist,Miami (FL),13,7,23,33,0.17606759071350098,0.7962433099746704,0.18991214036941528,0.8100878596305847
california-baptist,central-florida,California Baptist,UCF,13,10,23,34,0.15867772698402405,0.8192745447158813,0.16970159113407135,0.8302984088659286
california-baptist,connecticut,California Baptist,Connecticut,13,2,23,35,0.042083803564310074,0.9436867237091064,0.049198539927601814,0.9508014600723982
california-baptist,missouri,California Baptist,Missouri,13,10,23,36,0.18856488168239594,0.8445960879325867,0.17198439687490463,0.8280156031250954
california-baptist,purdue,California Baptist,Purdue,13,2,23,37,0.06457014381885529,0.9142282009124756,0.07517097145318985,0.9248290285468102
california-baptist,furman,California Baptist,Furman,13,15,23,38,0.5289207696914673,0.46286138892173767,0.5330296903848648,0.4669703096151352
california-baptist,queens-nc,California Baptist,Queens (NC),13,15,23,39,0.560996949672699,0.4026322066783905,0.5791823714971542,0.42081762850284576
california-baptist,florida,California Baptist,Florida,13,1,23,40,0.014983476139605045,0.9775664210319519,0.01870852755382657,0.9812914724461734
california-baptist,michigan,California Baptist,Michigan,13,1,23,41,0.026128213852643967,0.9578475952148438,0.03414030931890011,0.9658596906810999
california-baptist,clemson,California Baptist,Clemson,13,8,23,42,0.13015389442443848,0.8894326090812683,0.12036064267158508,0.8796393573284149
california-baptist,georgia,California Baptist,Georgia,13,8,23,43,0.12496940046548843,0.8922849297523499,0.11634223535656929,0.8836577646434307
california-baptist,iowa,California Baptist,Iowa,13,9,23,44,0.14014625549316406,0.8596744537353516,0.14023590087890625,0.8597640991210938
california-baptist,saint-louis,California Baptist,Saint Louis,13,9,23,45,0.21286459267139435,0.7653768062591553,0.22374389320611954,0.7762561067938805
california-baptist,vanderbilt,California Baptist,Vanderbilt,13,5,23,46,0.0830288827419281,0.9166105389595032,0.08320917189121246,0.9167908281087875
california-baptist,texas-tech,California Baptist,Texas Tech,13,5,23,47,0.06740982830524445,0.9423662424087524,0.062521792948246,0.937478207051754
california-baptist,mcneese-state,California Baptist,McNeese State,13,12,23,48,0.29120543599128723,0.7390456199645996,0.2760799080133438,0.7239200919866562
california-baptist,akron,California Baptist,Akron,13,12,23,49,0.28307998180389404,0.6987382769584656,0.29217085242271423,0.7078291475772858
california-baptist,nebraska,California Baptist,Nebraska,13,4,23,50,0.0786249190568924,0.8945692777633667,0.09202782064676285,0.9079721793532372
california-baptist,alabama,California Baptist,Alabama,13,4,23,51,0.031243087723851204,0.9326498508453369,0.049296618439257145,0.9507033815607429
california-baptist,troy,California Baptist,Troy,13,13,23,52,0.40693995356559753,0.6079221367835999,0.39950890839099884,0.6004910916090012
california-baptist,north-carolina,California Baptist,North Carolina,13,6,23,53,0.08231053501367569,0.9090288281440735,0.0866408534348011,0.9133591465651989
california-baptist,hofstra,California Baptist,Hofstra,13,13,23,54,0.3408656716346741,0.629744291305542,0.35556069016456604,0.644439309835434
california-baptist,virginia-commonwealth,California Baptist,Virginia Commonwealth,13,11,23,55,0.18930956721305847,0.7840427160263062,0.20263342559337616,0.7973665744066238
california-baptist,tennessee,California Baptist,Tennessee,13,6,23,56,0.030576718971133232,0.9584740400314331,0.03605133946985006,0.9639486605301499
california-baptist,illinois,California Baptist,Illinois,13,3,23,57,0.022212456911802292,0.9684403538703918,0.026886051520705223,0.9731139484792948
california-baptist,virginia,California Baptist,Virginia,13,3,23,58,0.09953171759843826,0.893430769443512,0.10305047407746315,0.8969495259225368
california-baptist,pennsylvania,California Baptist,Pennsylvania,13,14,23,59,0.530555784702301,0.4695877134799957,0.5304840356111526,0.46951596438884735
california-baptist,wright-state,California Baptist,Wright State,13,14,23,60,0.44301220774650574,0.549151599407196,0.44693030416965485,0.5530696958303452
california-baptist,saint-marys-ca,California Baptist,Saint Mary's (CA),13,7,23,61,0.05523676052689552,0.9405573606491089,0.05733969993889332,0.9426603000611067
california-baptist,texas-am,California Baptist,Texas A&M,13,10,23,62,0.08475920557975769,0.929907500743866,0.07742585241794586,0.9225741475820541
california-baptist,houston,California Baptist,Houston,13,2,23,63,0.020533818751573563,0.9713369607925415,0.02459842897951603,0.975401571020484
california-baptist,idaho,California Baptist,Idaho,13,15,23,64,0.5511524677276611,0.5030012130737305,0.5240756273269653,0.47592437267303467
california-baptist,kentucky,California Baptist,Kentucky,13,7,23,65,0.058768380433321,0.9306032061576843,0.06408258713781834,0.9359174128621817
california-baptist,santa-clara,California Baptist,Santa Clara,13,10,23,66,0.15723972022533417,0.8199189305305481,0.16866039484739304,0.831339605152607
california-baptist,iowa-state,California Baptist,Iowa State,13,2,23,67,0.030623598024249077,0.9667509198188782,0.03193633910268545,0.9680636608973145
california-baptist,tennessee-state,California Baptist,Tennessee State,13,15,23,68,0.48983335494995117,0.5021153092384338,0.49385902285575867,0.5061409771442413
louisville,hawaii,Louisville,Hawaii,6,13,24,25,0.9208362102508545,0.07121742516756058,0.924809392541647,0.07519060745835304
louisville,south-florida,Louisville,South Florida,6,11,24,26,0.8195396661758423,0.23565883934497833,0.791940413415432,0.20805958658456802
louisville,brigham-young,Louisville,Brigham Young,6,6,24,27,0.5344856977462769,0.4807429015636444,0.5268713980913162,0.4731286019086838
louisville,michigan-state,Louisville,Michigan State,6,3,24,28,0.446918249130249,0.5393780469894409,0.45377010107040405,0.546229898929596
louisville,gonzaga,Louisville,Gonzaga,6,3,24,29,0.38172996044158936,0.5903282165527344,0.3957008719444275,0.6042991280555725
louisville,north-dakota-state,Louisville,North Dakota State,6,14,24,30,0.8245481848716736,0.12555541098117828,0.8494963869452477,0.15050361305475235
louisville,kennesaw-state,Louisville,Kennesaw State,6,14,24,31,0.9217382669448853,0.08678993582725525,0.917474165558815,0.082525834441185
louisville,ucla,Louisville,UCLA,6,7,24,32,0.539345920085907,0.47550758719444275,0.5319191664457321,0.4680808335542679
louisville,miami-fl,Louisville,Miami (FL),6,7,24,33,0.6636607646942139,0.3630332946777344,0.6503137350082397,0.34968626499176025
louisville,central-florida,Louisville,UCF,6,10,24,34,0.7254417538642883,0.27859941124916077,0.7234211713075638,0.2765788286924362
louisville,connecticut,Louisville,Connecticut,6,2,24,35,0.45823681354522705,0.522135317325592,0.4680507481098175,0.5319492518901825
louisville,missouri,Louisville,Missouri,6,10,24,36,0.767247200012207,0.2333841323852539,0.7669315338134766,0.23306846618652344
louisville,purdue,Louisville,Purdue,6,2,24,37,0.393075168132782,0.5976729989051819,0.39770108461380005,0.6022989153862
louisville,furman,Louisville,Furman,6,15,24,38,0.9544515609741211,0.07226109504699707,0.941095232963562,0.05890476703643799
louisville,queens-nc,Louisville,Queens (NC),6,15,24,39,0.9746321439743042,0.03307617828249931,0.9707779828459024,0.029222017154097557
louisville,florida,Louisville,Florida,6,1,24,40,0.22035054862499237,0.7398965358734131,0.24022700637578964,0.7597729936242104
louisville,michigan,Louisville,Michigan,6,1,24,41,0.29656967520713806,0.6954584717750549,0.30055560171604156,0.6994443982839584
louisville,clemson,Louisville,Clemson,6,8,24,42,0.6518181562423706,0.3647986352443695,0.6435097604990005,0.35649023950099945
louisville,georgia,Louisville,Georgia,6,8,24,43,0.5786113142967224,0.41763943433761597,0.5804859399795532,0.4195140600204468
louisville,iowa,Louisville,Iowa,6,9,24,44,0.6179446578025818,0.40135136246681213,0.6082966476678848,0.3917033523321152
louisville,saint-louis,Louisville,Saint Louis,6,9,24,45,0.7025601267814636,0.3227441608905792,0.6899079829454422,0.3100920170545578
louisville,vanderbilt,Louisville,Vanderbilt,6,5,24,46,0.44972002506256104,0.5080718994140625,0.47082406282424927,0.5291759371757507
louisville,texas-tech,Louisville,Texas Tech,6,5,24,47,0.47689923644065857,0.5077376365661621,0.48458079993724823,0.5154192000627518
louisville,mcneese-state,Louisville,McNeese State,6,12,24,48,0.73209148645401,0.25421857833862305,0.7389364540576935,0.2610635459423065
louisville,akron,Louisville,Akron,6,12,24,49,0.8131527900695801,0.14161987602710724,0.8357664570212364,0.16423354297876358
louisville,nebraska,Louisville,Nebraska,6,4,24,50,0.5376175045967102,0.4705682694911957,0.5335246175527573,0.46647538244724274
louisville,alabama,Louisville,Alabama,6,4,24,51,0.3887646794319153,0.6328080296516418,0.3779783248901367,0.6220216751098633
louisville,troy,Louisville,Troy,6,13,24,52,0.8797826766967773,0.0921395793557167,0.8938215486705303,0.10617845132946968
louisville,north-carolina,Louisville,North Carolina,6,6,24,53,0.6102913022041321,0.4083041846752167,0.6009935587644577,0.3990064412355423
louisville,hofstra,Louisville,Hofstra,6,13,24,54,0.8893176317214966,0.17872868478298187,0.8552944734692574,0.14470552653074265
louisville,virginia-commonwealth,Louisville,Virginia Commonwealth,6,11,24,55,0.6990352272987366,0.32673200964927673,0.6861516088247299,0.3138483911752701
louisville,tennessee,Louisville,Tennessee,6,6,24,56,0.4085555374622345,0.577707827091217,0.41542385518550873,0.5845761448144913
louisville,illinois,Louisville,Illinois,6,3,24,57,0.3414461016654968,0.6430824398994446,0.3491818308830261,0.6508181691169739
louisville,virginia,Louisville,Virginia,6,3,24,58,0.5213301181793213,0.4545680582523346,0.5333810299634933,0.46661897003650665
louisville,pennsylvania,Louisville,Pennsylvania,6,14,24,59,0.9263709187507629,0.030900804325938225,0.9477350572124124,0.05226494278758764
louisville,wright-state,Louisville,Wright State,6,14,24,60,0.9333832263946533,0.04626766964793205,0.9435577783733606,0.056442221626639366
louisville,saint-marys-ca,Louisville,Saint Mary's (CA),6,7,24,61,0.45094069838523865,0.53654944896698,0.45719562470912933,0.5428043752908707
louisville,texas-am,Louisville,Texas A&M,6,10,24,62,0.5769606828689575,0.40820473432540894,0.5843779742717743,0.4156220257282257
louisville,houston,Louisville,Houston,6,2,24,63,0.3036024272441864,0.6564632058143616,0.3235696107149124,0.6764303892850876
louisville,idaho,Louisville,Idaho,6,15,24,64,0.9540765285491943,0.028547393158078194,0.9627645676955581,0.03723543230444193
louisville,kentucky,Louisville,Kentucky,6,7,24,65,0.5470690131187439,0.43878504633903503,0.5541419833898544,0.44585801661014557
louisville,santa-clara,Louisville,Santa Clara,6,10,24,66,0.5789156556129456,0.4542207717895508,0.5623474419116974,0.4376525580883026
louisville,iowa-state,Louisville,Iowa State,6,2,24,67,0.40505868196487427,0.5533246397972107,0.4258670210838318,0.5741329789161682
louisville,tennessee-state,Louisville,Tennessee State,6,15,24,68,0.9622864723205566,0.03505804017186165,0.9636142160743475,0.036385783925652504
hawaii,south-florida,Hawaii,South Florida,13,11,25,26,0.19757534563541412,0.7739807963371277,0.21179727464914322,0.7882027253508568
hawaii,brigham-young,Hawaii,Brigham Young,13,6,25,27,0.09726157784461975,0.8757400512695312,0.11076076328754425,0.8892392367124557
hawaii,michigan-state,Hawaii,Michigan State,13,3,25,28,0.034926656633615494,0.9469221234321594,0.044002266600728035,0.955997733399272
hawaii,gonzaga,Hawaii,Gonzaga,13,3,25,29,0.0476335808634758,0.9522220492362976,0.047705765813589096,0.9522942341864109
hawaii,north-dakota-state,Hawaii,North Dakota State,13,14,25,30,0.39838743209838867,0.5972369909286499,0.4005752205848694,0.5994247794151306
hawaii,kennesaw-state,Hawaii,Kennesaw State,13,14,25,31,0.4479634165763855,0.5307847857475281,0.4585893154144287,0.5414106845855713
hawaii,ucla,Hawaii,UCLA,13,7,25,32,0.09358557313680649,0.8959070444107056,0.09883926436305046,0.9011607356369495
hawaii,miami-fl,Hawaii,Miami (FL),13,7,25,33,0.20482704043388367,0.7705018520355225,0.2171625941991806,0.7828374058008194
hawaii,central-florida,Hawaii,UCF,13,10,25,34,0.2147311419248581,0.7485368847846985,0.2330971285700798,0.7669028714299202
hawaii,connecticut,Hawaii,Connecticut,13,2,25,35,0.04243362694978714,0.9508169293403625,0.045808348804712296,0.9541916511952877
hawaii,missouri,Hawaii,Missouri,13,10,25,36,0.16831490397453308,0.842958927154541,0.16267798840999603,0.837322011590004
hawaii,purdue,Hawaii,Purdue,13,2,25,37,0.033996012061834335,0.9417300224304199,0.04613299481570721,0.9538670051842928
hawaii,furman,Hawaii,Furman,13,15,25,38,0.6089903116226196,0.39007383584976196,0.6094582378864288,0.39054176211357117
hawaii,queens-nc,Hawaii,Queens (NC),13,15,25,39,0.5861100554466248,0.36545196175575256,0.6103290468454361,0.3896709531545639
hawaii,florida,Hawaii,Florida,13,1,25,40,0.02049032598733902,0.976374089717865,0.022058118134737015,0.977941881865263
hawaii,michigan,Hawaii,Michigan,13,1,25,41,0.02533736266195774,0.968579113483429,0.028379124589264393,0.9716208754107356
hawaii,clemson,Hawaii,Clemson,13,8,25,42,0.15734820067882538,0.8918145895004272,0.13276680558919907,0.8672331944108009
hawaii,georgia,Hawaii,Georgia,13,8,25,43,0.11911050975322723,0.8874164819717407,0.11584701389074326,0.8841529861092567
hawaii,iowa,Hawaii,Iowa,13,9,25,44,0.15868835151195526,0.8201513290405273,0.16926851123571396,0.830731488764286
hawaii,saint-louis,Hawaii,Saint Louis,13,9,25,45,0.25307202339172363,0.7228394746780396,0.26511627435684204,0.734883725643158
hawaii,vanderbilt,Hawaii,Vanderbilt,13,5,25,46,0.09369727224111557,0.9098826050758362,0.0919073335826397,0.9080926664173603
hawaii,texas-tech,Hawaii,Texas Tech,13,5,25,47,0.051888275891542435,0.9135683178901672,0.0691599790006876,0.9308400209993124
hawaii,mcneese-state,Hawaii,McNeese State,13,12,25,48,0.28198713064193726,0.734625518321991,0.27368080615997314,0.7263191938400269
hawaii,akron,Hawaii,Akron,13,12,25,49,0.35771557688713074,0.6557525396347046,0.3509815186262131,0.6490184813737869
hawaii,nebraska,Hawaii,Nebraska,13,4,25,50,0.1149154081940651,0.8663604855537415,0.12427746132016182,0.8757225386798382
hawaii,alabama,Hawaii,Alabama,13,4,25,51,0.03381119295954704,0.9535725116729736,0.040119340643286705,0.9598806593567133
hawaii,troy,Hawaii,Troy,13,13,25,52,0.4805038869380951,0.5413408279418945,0.4695815294981003,0.5304184705018997
hawaii,north-carolina,Hawaii,North Carolina,13,6,25,53,0.12800665199756622,0.8504381775856018,0.1387842372059822,0.8612157627940178
hawaii,hofstra,Hawaii,Hofstra,13,13,25,54,0.41952604055404663,0.5570058226585388,0.4312601089477539,0.5687398910522461
hawaii,virginia-commonwealth,Hawaii,Virginia Commonwealth,13,11,25,55,0.20118719339370728,0.8178074955940247,0.1916898488998413,0.8083101511001587
hawaii,tennessee,Hawaii,Tennessee,13,6,25,56,0.03091849386692047,0.946648120880127,0.04213518649339676,0.9578648135066032
hawaii,illinois,Hawaii,Illinois,13,3,25,57,0.023198571056127548,0.958200991153717,0.032498789951205254,0.9675012100487947
hawaii,virginia,Hawaii,Virginia,13,3,25,58,0.09284079819917679,0.9020599126815796,0.0953904427587986,0.9046095572412014
hawaii,pennsylvania,Hawaii,Pennsylvania,13,14,25,59,0.5318185687065125,0.38332661986351013,0.5742459744215012,0.42575402557849884
hawaii,wright-state,Hawaii,Wright State,13,14,25,60,0.5157009959220886,0.48582905530929565,0.5149359703063965,0.4850640296936035
hawaii,saint-marys-ca,Hawaii,Saint Mary's (CA),13,7,25,61,0.0628274530172348,0.9434033036231995,0.05971207469701767,0.9402879253029823
hawaii,texas-am,Hawaii,Texas A&M,13,10,25,62,0.08448192477226257,0.9268624782562256,0.0788097232580185,0.9211902767419815
hawaii,houston,Hawaii,Houston,13,2,25,63,0.020289171487092972,0.9658350944519043,0.027227038517594337,0.9727729614824057
hawaii,idaho,Hawaii,Idaho,13,15,25,64,0.5880506634712219,0.40027084946632385,0.593889907002449,0.40611009299755096
hawaii,kentucky,Hawaii,Kentucky,13,7,25,65,0.041472479701042175,0.9408432245254517,0.05031462758779526,0.9496853724122047
hawaii,santa-clara,Hawaii,Santa Clara,13,10,25,66,0.13929089903831482,0.8205596804618835,0.15936560928821564,0.8406343907117844
hawaii,iowa-state,Hawaii,Iowa State,13,2,25,67,0.02746674045920372,0.9509959816932678,0.03823537938296795,0.961764620617032
hawaii,tennessee-state,Hawaii,Tennessee State,13,15,25,68,0.5434107780456543,0.4447258710861206,0.5493424534797668,0.45065754652023315
south-florida,brigham-young,South Florida,Brigham Young,11,6,26,27,0.22884589433670044,0.7193257808685303,0.2547600567340851,0.7452399432659149
south-florida,michigan-state,South Florida,Michigan State,11,3,26,28,0.10935332626104355,0.8871524333953857,0.1111004464328289,0.8888995535671711
south-florida,gonzaga,South Florida,Gonzaga,11,3,26,29,0.1840430200099945,0.8715489506721497,0.15624703466892242,0.8437529653310776
south-florida,north-dakota-state,South Florida,North Dakota State,11,14,26,30,0.6627904176712036,0.34763142466545105,0.6575794965028763,0.3424205034971237
south-florida,kennesaw-state,South Florida,Kennesaw State,11,14,26,31,0.7771990895271301,0.21554039418697357,0.7808293476700783,0.21917065232992172
south-florida,ucla,South Florida,UCLA,11,7,26,32,0.25068312883377075,0.7735499739646912,0.2385665774345398,0.7614334225654602
south-florida,miami-fl,South Florida,Miami (FL),11,7,26,33,0.42783617973327637,0.5364382863044739,0.44569894671440125,0.5543010532855988
south-florida,central-florida,South Florida,UCF,11,10,26,34,0.47494298219680786,0.5263069272041321,0.4743180274963379,0.5256819725036621
south-florida,connecticut,South Florida,Connecticut,11,2,26,35,0.16085191071033478,0.8410354852676392,0.1599082127213478,0.8400917872786522
south-florida,missouri,South Florida,Missouri,11,10,26,36,0.37390440702438354,0.64687180519104,0.36351630091667175,0.6364836990833282
south-florida,purdue,South Florida,Purdue,11,2,26,37,0.09216628968715668,0.8890494108200073,0.10155843943357468,0.8984415605664253
south-florida,furman,South Florida,Furman,11,15,26,38,0.8071793913841248,0.17617815732955933,0.8155006170272827,0.18449938297271729
south-florida,queens-nc,South Florida,Queens (NC),11,15,26,39,0.8599756360054016,0.1342814862728119,0.8628470748662949,0.13715292513370514
south-florida,florida,South Florida,Florida,11,1,26,40,0.07214617729187012,0.9254135489463806,0.07336631417274475,0.9266336858272552
south-florida,michigan,South Florida,Michigan,11,1,26,41,0.05244693160057068,0.9141391515731812,0.06915389001369476,0.9308461099863052
south-florida,clemson,South Florida,Clemson,11,8,26,42,0.3508227467536926,0.652771532535553,0.3490256071090698,0.6509743928909302
south-florida,georgia,South Florida,Georgia,11,8,26,43,0.26364222168922424,0.7072520852088928,0.2781950682401657,0.7218049317598343
south-florida,iowa,South Florida,Iowa,11,9,26,44,0.26881077885627747,0.7408920526504517,0.2639593631029129,0.7360406368970871
south-florida,saint-louis,South Florida,Saint Louis,11,9,26,45,0.47654980421066284,0.5290058851242065,0.47377195954322815,0.5262280404567719
south-florida,vanderbilt,South Florida,Vanderbilt,11,5,26,46,0.20925521850585938,0.7595117092132568,0.22487175464630127,0.7751282453536987
south-florida,texas-tech,South Florida,Texas Tech,11,5,26,47,0.21390299499034882,0.8115286827087402,0.2011871561408043,0.7988128438591957
south-florida,mcneese-state,South Florida,McNeese State,11,12,26,48,0.5568708181381226,0.4576661288738251,0.5496023446321487,0.45039765536785126
south-florida,akron,South Florida,Akron,11,12,26,49,0.5907765626907349,0.4079781174659729,0.591399222612381,0.408600777387619
south-florida,nebraska,South Florida,Nebraska,11,4,26,50,0.27685168385505676,0.6840943098068237,0.2963786870241165,0.7036213129758835
south-florida,alabama,South Florida,Alabama,11,4,26,51,0.11264049261808395,0.8591747879981995,0.12673285230994225,0.8732671476900578
south-florida,troy,South Florida,Troy,11,13,26,52,0.7443410158157349,0.22965283691883087,0.757344089448452,0.242655910551548
south-florida,north-carolina,South Florida,North Carolina,11,6,26,53,0.31444719433784485,0.6767421960830688,0.318852499127388,0.681147500872612
south-florida,hofstra,South Florida,Hofstra,11,13,26,54,0.6384451985359192,0.4108150005340576,0.6138150990009308,0.3861849009990692
south-florida,virginia-commonwealth,South Florida,Virginia Commonwealth,11,11,26,55,0.5353564023971558,0.5147796273231506,0.5102883875370026,0.48971161246299744
south-florida,tennessee,South Florida,Tennessee,11,6,26,56,0.10159871727228165,0.9009156227111816,0.10034154728055,0.89965845271945
south-florida,illinois,South Florida,Illinois,11,3,26,57,0.06698982417583466,0.9173696637153625,0.07481008023023605,0.925189919769764
south-florida,virginia,South Florida,Virginia,11,3,26,58,0.3370607793331146,0.6541734337806702,0.34144367277622223,0.6585563272237778
south-florida,pennsylvania,South Florida,Pennsylvania,11,14,26,59,0.8199551701545715,0.1731308400630951,0.8234121650457382,0.17658783495426178
south-florida,wright-state,South Florida,Wright State,11,14,26,60,0.7752796411514282,0.2176353484392166,0.7788221463561058,0.2211778536438942
south-florida,saint-marys-ca,South Florida,Saint Mary's (CA),11,7,26,61,0.22010116279125214,0.8036929368972778,0.20820411294698715,0.7917958870530128
south-florida,texas-am,South Florida,Texas A&M,11,10,26,62,0.19336581230163574,0.7710455656051636,0.21116012334823608,0.7888398766517639
south-florida,houston,South Florida,Houston,11,2,26,63,0.08058065176010132,0.9270493388175964,0.07676565647125244,0.9232343435287476
south-florida,idaho,South Florida,Idaho,11,15,26,64,0.8134338855743408,0.18967196345329285,0.811880961060524,0.188119038939476
south-florida,kentucky,South Florida,Kentucky,11,7,26,65,0.18755824863910675,0.8068657517433167,0.19034624844789505,0.809653751552105
south-florida,santa-clara,South Florida,Santa Clara,11,10,26,66,0.42891544103622437,0.5483950972557068,0.4402601718902588,0.5597398281097412
south-florida,iowa-state,South Florida,Iowa State,11,2,26,67,0.10159897804260254,0.8947263360023499,0.10343632102012634,0.8965636789798737
south-florida,tennessee-state,South Florida,Tennessee State,11,15,26,68,0.7920048236846924,0.2136819064617157,0.7891614586114883,0.21083854138851166
brigham-young,michigan-state,Brigham Young,Michigan State,6,3,27,28,0.3710096478462219,0.6590659022331238,0.3559718728065491,0.6440281271934509
brigham-young,gonzaga,Brigham Young,Gonzaga,6,3,27,29,0.31727778911590576,0.6917393207550049,0.31276923418045044,0.6872307658195496
brigham-young,north-dakota-state,Brigham Young,North Dakota State,6,14,27,30,0.8688474893569946,0.10062748938798904,0.8841099999845028,0.11589000001549721
brigham-young,kennesaw-state,Brigham Young,Kennesaw State,6,14,27,31,0.8867788910865784,0.09873273223638535,0.8940230794250965,0.10597692057490349
brigham-young,ucla,Brigham Young,UCLA,6,7,27,32,0.519065260887146,0.48060178756713867,0.5192317366600037,0.48076826333999634
brigham-young,miami-fl,Brigham Young,Miami (FL),6,7,27,33,0.5833778381347656,0.40033406019210815,0.5915218889713287,0.40847811102867126
brigham-young,central-florida,Brigham Young,UCF,6,10,27,34,0.6715062260627747,0.352460116147995,0.6595230549573898,0.34047694504261017
brigham-young,connecticut,Brigham Young,Connecticut,6,2,27,35,0.4920170307159424,0.5382495522499084,0.47688373923301697,0.523116260766983
brigham-young,missouri,Brigham Young,Missouri,6,10,27,36,0.6325202584266663,0.36035770177841187,0.6360812783241272,0.3639187216758728
brigham-young,purdue,Brigham Young,Purdue,6,2,27,37,0.3555763065814972,0.6801310181617737,0.33772264420986176,0.6622773557901382
brigham-young,furman,Brigham Young,Furman,6,15,27,38,0.9341416358947754,0.04924723505973816,0.9424472004175186,0.057552799582481384
brigham-young,queens-nc,Brigham Young,Queens (NC),6,15,27,39,0.95737624168396,0.0459730364382267,0.9557016026228666,0.04429839737713337
brigham-young,florida,Brigham Young,Florida,6,1,27,40,0.2330143004655838,0.7569117546081543,0.23805127292871475,0.7619487270712852
brigham-young,michigan,Brigham Young,Michigan,6,1,27,41,0.2972427308559418,0.8006333112716675,0.24830470979213715,0.7516952902078629
brigham-young,clemson,Brigham Young,Clemson,6,8,27,42,0.5339143872261047,0.42665138840675354,0.5536314994096756,0.4463685005903244
brigham-young,georgia,Brigham Young,Georgia,6,8,27,43,0.4917794167995453,0.4893324077129364,0.5012235045433044,0.49877649545669556
brigham-young,iowa,Brigham Young,Iowa,6,9,27,44,0.5217531323432922,0.4633459150791168,0.5292036086320877,0.4707963913679123
brigham-young,saint-louis,Brigham Young,Saint Louis,6,9,27,45,0.7023731470108032,0.33838599920272827,0.6819935739040375,0.3180064260959625
brigham-young,vanderbilt,Brigham Young,Vanderbilt,6,5,27,46,0.42178964614868164,0.5685575008392334,0.4266160726547241,0.5733839273452759
brigham-young,texas-tech,Brigham Young,Texas Tech,6,5,27,47,0.4756910502910614,0.5336058139801025,0.47104261815547943,0.5289573818445206
brigham-young,mcneese-state,Brigham Young,McNeese State,6,12,27,48,0.6916141510009766,0.330329567193985,0.6806422919034958,0.3193577080965042
brigham-young,akron,Brigham Young,Akron,6,12,27,49,0.8096500635147095,0.14267972111701965,0.8334851711988449,0.1665148288011551
brigham-young,nebraska,Brigham Young,Nebraska,6,4,27,50,0.5080935955047607,0.5003229975700378,0.5038852989673615,0.49611470103263855
brigham-young,alabama,Brigham Young,Alabama,6,4,27,51,0.36949530243873596,0.6282312273979187,0.37063203752040863,0.6293679624795914
brigham-young,troy,Brigham Young,Troy,6,13,27,52,0.8236795663833618,0.17679141461849213,0.8234440758824348,0.17655592411756516
brigham-young,north-carolina,Brigham Young,North Carolina,6,6,27,53,0.5399532318115234,0.456820011138916,0.5415666103363037,0.4584333896636963
brigham-young,hofstra,Brigham Young,Hofstra,6,13,27,54,0.7736980319023132,0.22449727356433868,0.7746003791689873,0.22539962083101273
brigham-young,virginia-commonwealth,Brigham Young,Virginia Commonwealth,6,11,27,55,0.7019211649894714,0.31525710225105286,0.6933320313692093,0.3066679686307907
brigham-young,tennessee,Brigham Young,Tennessee,6,6,27,56,0.34621378779411316,0.6569639444351196,0.34462492167949677,0.6553750783205032
brigham-young,illinois,Brigham Young,Illinois,6,3,27,57,0.29110080003738403,0.6459083557128906,0.3225962221622467,0.6774037778377533
brigham-young,virginia,Brigham Young,Virginia,6,3,27,58,0.4086817502975464,0.5994909405708313,0.40459540486335754,0.5954045951366425
brigham-young,pennsylvania,Brigham Young,Pennsylvania,6,14,27,59,0.8835445642471313,0.046572983264923096,0.9184857904911041,0.08151420950889587
brigham-young,wright-state,Brigham Young,Wright State,6,14,27,60,0.9148675203323364,0.06640123575925827,0.9242331422865391,0.07576685771346092
brigham-young,saint-marys-ca,Brigham Young,Saint Mary's (CA),6,7,27,61,0.5276069045066833,0.5620629787445068,0.48277196288108826,0.5172280371189117
brigham-young,texas-am,Brigham Young,Texas A&M,6,10,27,62,0.603853166103363,0.40873056650161743,0.5975612998008728,0.4024387001991272
brigham-young,houston,Brigham Young,Houston,6,2,27,63,0.22784748673439026,0.7664980292320251,0.23067472875118256,0.7693252712488174
brigham-young,idaho,Brigham Young,Idaho,6,15,27,64,0.8848809599876404,0.04665294662117958,0.9191140066832304,0.0808859933167696
brigham-young,kentucky,Brigham Young,Kentucky,6,7,27,65,0.4989032447338104,0.4942888617515564,0.502307191491127,0.497692808508873
brigham-young,santa-clara,Brigham Young,Santa Clara,6,10,27,66,0.6501757502555847,0.41605082154273987,0.6170624643564224,0.3829375356435776
brigham-young,iowa-state,Brigham Young,Iowa State,6,2,27,67,0.2774869501590729,0.682982861995697,0.2972520440816879,0.7027479559183121
brigham-young,tennessee-state,Brigham Young,Tennessee State,6,15,27,68,0.8750648498535156,0.07407094538211823,0.9004969522356987,0.0995030477643013
michigan-state,gonzaga,Michigan State,Gonzaga,3,3,28,29,0.4866980016231537,0.42931443452835083,0.5286917835474014,0.47130821645259857
michigan-state,north-dakota-state,Michigan State,North Dakota State,3,14,28,30,0.9300878047943115,0.0651247650384903,0.9324815198779106,0.06751848012208939
michigan-state,kennesaw-state,Michigan State,Kennesaw State,3,14,28,31,0.9521951675415039,0.0466172955930233,0.9527889359742403,0.0472110640257597
michigan-state,ucla,Michigan State,UCLA,3,7,28,32,0.6121955513954163,0.3653627634048462,0.623416393995285,0.37658360600471497
michigan-state,miami-fl,Michigan State,Miami (FL),3,7,28,33,0.7677450180053711,0.2164507955312729,0.7756471112370491,0.2243528887629509
michigan-state,central-florida,Michigan State,UCF,3,10,28,34,0.8083316683769226,0.21611109375953674,0.7961102873086929,0.20388971269130707
michigan-state,connecticut,Michigan State,Connecticut,3,2,28,35,0.5396451950073242,0.41912519931793213,0.560259997844696,0.43974000215530396
michigan-state,missouri,Michigan State,Missouri,3,10,28,36,0.7861362099647522,0.19568967819213867,0.7952232658863068,0.20477673411369324
michigan-state,purdue,Michigan State,Purdue,3,2,28,37,0.46739426255226135,0.5327474474906921,0.4673234075307846,0.5326765924692154
michigan-state,furman,Michigan State,Furman,3,15,28,38,0.9623170495033264,0.032335370779037476,0.9649908393621445,0.03500916063785553
michigan-state,queens-nc,Michigan State,Queens (NC),3,15,28,39,0.9668217897415161,0.026163052767515182,0.9703293684870005,0.029670631512999535
michigan-state,florida,Michigan State,Florida,3,1,28,40,0.2888225317001343,0.6326866745948792,0.32806792855262756,0.6719320714473724
michigan-state,michigan,Michigan State,Michigan,3,1,28,41,0.3391466736793518,0.6512353420257568,0.3439556658267975,0.6560443341732025
michigan-state,clemson,Michigan State,Clemson,3,8,28,42,0.6874815821647644,0.2947269082069397,0.6963773369789124,0.30362266302108765
michigan-state,georgia,Michigan State,Georgia,3,8,28,43,0.6331983804702759,0.38914754986763,0.6220254153013229,0.37797458469867706
michigan-state,iowa,Michigan State,Iowa,3,9,28,44,0.6866788864135742,0.3561689555644989,0.6652549654245377,0.33474503457546234
michigan-state,saint-louis,Michigan State,Saint Louis,3,9,28,45,0.8511384725570679,0.18655790388584137,0.8322902843356133,0.16770971566438675
michigan-state,vanderbilt,Michigan State,Vanderbilt,3,5,28,46,0.5517736673355103,0.4463557302951813,0.5527089685201645,0.4472910314798355
michigan-state,texas-tech,Michigan State,Texas Tech,3,5,28,47,0.5387681126594543,0.41125255823135376,0.5637577772140503,0.4362422227859497
michigan-state,mcneese-state,Michigan State,McNeese State,3,12,28,48,0.8357356786727905,0.11695419251918793,0.8593907430768013,0.1406092569231987
michigan-state,akron,Michigan State,Akron,3,12,28,49,0.9022197127342224,0.078680619597435,0.9117695465683937,0.08823045343160629
michigan-state,nebraska,Michigan State,Nebraska,3,4,28,50,0.6282120943069458,0.35716891288757324,0.6355215907096863,0.3644784092903137
michigan-state,alabama,Michigan State,Alabama,3,4,28,51,0.5442875623703003,0.47139617800712585,0.5364456921815872,0.4635543078184128
michigan-state,troy,Michigan State,Troy,3,13,28,52,0.9478392601013184,0.07979732751846313,0.9340209662914276,0.06597903370857239
michigan-state,north-carolina,Michigan State,North Carolina,3,6,28,53,0.6479158401489258,0.34530049562454224,0.6513076722621918,0.3486923277378082
michigan-state,hofstra,Michigan State,Hofstra,3,13,28,54,0.9547221660614014,0.145974263548851,0.9043739512562752,0.09562604874372482
michigan-state,virginia-commonwealth,Michigan State,Virginia Commonwealth,3,11,28,55,0.7522665858268738,0.2352958619594574,0.7584853619337082,0.2415146380662918
michigan-state,tennessee,Michigan State,Tennessee,3,6,28,56,0.45878466963768005,0.5182346105575562,0.47027502954006195,0.529724970459938
michigan-state,illinois,Michigan State,Illinois,3,3,28,57,0.44365766644477844,0.5596759915351868,0.44199083745479584,0.5580091625452042
michigan-state,virginia,Michigan State,Virginia,3,3,28,58,0.5523179173469543,0.43375301361083984,0.5592824518680573,0.44071754813194275
michigan-state,pennsylvania,Michigan State,Pennsylvania,3,14,28,59,0.9678606390953064,0.028269365429878235,0.9697956368327141,0.03020436316728592
michigan-state,wright-state,Michigan State,Wright State,3,14,28,60,0.9626616835594177,0.027310069650411606,0.9676758069545031,0.03232419304549694
michigan-state,saint-marys-ca,Michigan State,Saint Mary's (CA),3,7,28,61,0.5756815671920776,0.43981292843818665,0.5679343193769455,0.4320656806230545
michigan-state,texas-am,Michigan State,Texas A&M,3,10,28,62,0.68631911277771,0.3082869350910187,0.6890160888433456,0.31098391115665436
michigan-state,houston,Michigan State,Houston,3,2,28,63,0.44373857975006104,0.5373443365097046,0.4531971216201782,0.5468028783798218
michigan-state,idaho,Michigan State,Idaho,3,15,28,64,0.9566202759742737,0.02553095854818821,0.9655446587130427,0.034455341286957264
michigan-state,kentucky,Michigan State,Kentucky,3,7,28,65,0.6056938767433167,0.40241149067878723,0.6016411930322647,0.3983588069677353
michigan-state,santa-clara,Michigan State,Santa Clara,3,10,28,66,0.7050421237945557,0.33001479506492615,0.6875136643648148,0.31248633563518524
michigan-state,iowa-state,Michigan State,Iowa State,3,2,28,67,0.48683393001556396,0.44975927472114563,0.5185373276472092,0.48146267235279083
michigan-state,tennessee-state,Michigan State,Tennessee State,3,15,28,68,0.9678232669830322,0.04098568856716156,0.9634187892079353,0.03658121079206467
gonzaga,north-dakota-state,Gonzaga,North Dakota State,3,14,29,30,0.9361026883125305,0.0673818588256836,0.9343604147434235,0.06563958525657654
gonzaga,kennesaw-state,Gonzaga,Kennesaw State,3,14,29,31,0.9546103477478027,0.03213987872004509,0.9612352345138788,0.03876476548612118
gonzaga,ucla,Gonzaga,UCLA,3,7,29,32,0.6462185382843018,0.3085848391056061,0.6688168495893478,0.33118315041065216
gonzaga,miami-fl,Gonzaga,Miami (FL),3,7,29,33,0.7614571452140808,0.20374436676502228,0.7788563892245293,0.22114361077547073
gonzaga,central-florida,Gonzaga,UCF,3,10,29,34,0.8342997431755066,0.17197547852993011,0.8311621323227882,0.16883786767721176
gonzaga,connecticut,Gonzaga,Connecticut,3,2,29,35,0.48999249935150146,0.5182755589485168,0.4858584702014923,0.5141415297985077
gonzaga,missouri,Gonzaga,Missouri,3,10,29,36,0.7800797820091248,0.15498434007167816,0.8125477209687233,0.1874522790312767
gonzaga,purdue,Gonzaga,Purdue,3,2,29,37,0.46012839674949646,0.5469855666160583,0.45657141506671906,0.543428584933281
gonzaga,furman,Gonzaga,Furman,3,15,29,38,0.9704360961914062,0.02482425980269909,0.9728059181943536,0.02719408180564642
gonzaga,queens-nc,Gonzaga,Queens (NC),3,15,29,39,0.9637461304664612,0.021514805033802986,0.9711156627163291,0.028884337283670902
gonzaga,florida,Gonzaga,Florida,3,1,29,40,0.3450039327144623,0.5999316573143005,0.37253613770008087,0.6274638622999191
gonzaga,michigan,Gonzaga,Michigan,3,1,29,41,0.40154343843460083,0.5821835994720459,0.40967991948127747,0.5903200805187225
gonzaga,clemson,Gonzaga,Clemson,3,8,29,42,0.7571593523025513,0.24881739914417267,0.7541709765791893,0.2458290234208107
gonzaga,georgia,Gonzaga,Georgia,3,8,29,43,0.6384908556938171,0.3153166174888611,0.661587119102478,0.338412880897522
gonzaga,iowa,Gonzaga,Iowa,3,9,29,44,0.7200756669044495,0.30933696031570435,0.7053693532943726,0.29463064670562744
gonzaga,saint-louis,Gonzaga,Saint Louis,3,9,29,45,0.8406911492347717,0.18280531466007233,0.8289429172873497,0.1710570827126503
gonzaga,vanderbilt,Gonzaga,Vanderbilt,3,5,29,46,0.5817368626594543,0.4106427729129791,0.5855470448732376,0.4144529551267624
gonzaga,texas-tech,Gonzaga,Texas Tech,3,5,29,47,0.6036199331283569,0.3571382164955139,0.6232408583164215,0.3767591416835785
gonzaga,mcneese-state,Gonzaga,McNeese State,3,12,29,48,0.8055704236030579,0.18692445755004883,0.8093229830265045,0.19067701697349548
gonzaga,akron,Gonzaga,Akron,3,12,29,49,0.9145600199699402,0.09624873846769333,0.9091556407511234,0.09084435924887657
gonzaga,nebraska,Gonzaga,Nebraska,3,4,29,50,0.6056939363479614,0.4068596661090851,0.5994171351194382,0.40058286488056183
gonzaga,alabama,Gonzaga,Alabama,3,4,29,51,0.40510982275009155,0.6326160430908203,0.3862468898296356,0.6137531101703644
gonzaga,troy,Gonzaga,Troy,3,13,29,52,0.9440351128578186,0.052418243139982224,0.9458084348589182,0.05419156514108181
gonzaga,north-carolina,Gonzaga,North Carolina,3,6,29,53,0.6932852268218994,0.2939276099205017,0.6996788084506989,0.30032119154930115
gonzaga,hofstra,Gonzaga,Hofstra,3,13,29,54,0.9088389277458191,0.0684087947010994,0.9202150665223598,0.07978493347764015
gonzaga,virginia-commonwealth,Gonzaga,Virginia Commonwealth,3,11,29,55,0.7676638960838318,0.20935939252376556,0.7791522517800331,0.2208477482199669
gonzaga,tennessee,Gonzaga,Tennessee,3,6,29,56,0.5043233036994934,0.43795621395111084,0.5331835448741913,0.4668164551258087
gonzaga,illinois,Gonzaga,Illinois,3,3,29,57,0.4260375499725342,0.5749668478965759,0.4255353510379791,0.5744646489620209
gonzaga,virginia,Gonzaga,Virginia,3,3,29,58,0.6724067330360413,0.33734726905822754,0.6675297319889069,0.33247026801109314
gonzaga,pennsylvania,Gonzaga,Pennsylvania,3,14,29,59,0.9711486101150513,0.02787632867693901,0.9716361407190561,0.02836385928094387
gonzaga,wright-state,Gonzaga,Wright State,3,14,29,60,0.9524103999137878,0.023896941915154457,0.9642567289993167,0.03574327100068331
gonzaga,saint-marys-ca,Gonzaga,Saint Mary's (CA),3,7,29,61,0.6458009481430054,0.3414061665534973,0.652197390794754,0.34780260920524597
gonzaga,texas-am,Gonzaga,Texas A&M,3,10,29,62,0.670504629611969,0.3283382058143616,0.6710832118988037,0.3289167881011963
gonzaga,houston,Gonzaga,Houston,3,2,29,63,0.43889471888542175,0.5662787556648254,0.43630798161029816,0.5636920183897018
gonzaga,idaho,Gonzaga,Idaho,3,15,29,64,0.9676423072814941,0.02427828311920166,0.9716820120811462,0.02831798791885376
gonzaga,kentucky,Gonzaga,Kentucky,3,7,29,65,0.5246186852455139,0.4378199875354767,0.5433993488550186,0.4566006511449814
gonzaga,santa-clara,Gonzaga,Santa Clara,3,10,29,66,0.7221180200576782,0.2913297712802887,0.7153941243886948,0.28460587561130524
gonzaga,iowa-state,Gonzaga,Iowa State,3,2,29,67,0.4420527219772339,0.5372238755226135,0.4524144232273102,0.5475855767726898
gonzaga,tennessee-state,Gonzaga,Tennessee State,3,15,29,68,0.9731210470199585,0.027326319366693497,0.9728973638266325,0.0271026361733675
north-dakota-state,kennesaw-state,North Dakota State,Kennesaw State,14,14,30,31,0.6109172105789185,0.38506022095680237,0.612928494811058,0.38707150518894196
north-dakota-state,ucla,North Dakota State,UCLA,14,7,30,32,0.1409834623336792,0.8799211978912354,0.13053113222122192,0.8694688677787781
north-dakota-state,miami-fl,North Dakota State,Miami (FL),14,7,30,33,0.2311171591281891,0.77843177318573,0.22634269297122955,0.7736573070287704
north-dakota-state,central-florida,North Dakota State,UCF,14,10,30,34,0.22378315031528473,0.7488343715667725,0.23747438937425613,0.7625256106257439
north-dakota-state,connecticut,North Dakota State,Connecticut,14,2,30,35,0.12449605762958527,0.8730496764183044,0.1257231906056404,0.8742768093943596
north-dakota-state,missouri,North Dakota State,Missouri,14,10,30,36,0.2798633277416229,0.7699281573295593,0.2549675852060318,0.7450324147939682
north-dakota-state,purdue,North Dakota State,Purdue,14,2,30,37,0.07297898083925247,0.9327073097229004,0.07013583555817604,0.929864164441824
north-dakota-state,furman,North Dakota State,Furman,14,15,30,38,0.6754429340362549,0.3164830207824707,0.6794799566268921,0.3205200433731079
north-dakota-state,queens-nc,North Dakota State,Queens (NC),14,15,30,39,0.7238745093345642,0.2535339593887329,0.7351702749729156,0.26482972502708435
north-dakota-state,florida,North Dakota State,Florida,14,1,30,40,0.029119782149791718,0.9597053527832031,0.034707214683294296,0.9652927853167057
north-dakota-state,michigan,North Dakota State,Michigan,14,1,30,41,0.03272620216012001,0.9554949402809143,0.03861563093960285,0.9613843690603971
north-dakota-state,clemson,North Dakota State,Clemson,14,8,30,42,0.19666573405265808,0.7796927094459534,0.20848651230335236,0.7915134876966476
north-dakota-state,georgia,North Dakota State,Georgia,14,8,30,43,0.18799111247062683,0.8722295761108398,0.1578807681798935,0.8421192318201065
north-dakota-state,iowa,North Dakota State,Iowa,14,9,30,44,0.24226310849189758,0.8139576315879822,0.2141527384519577,0.7858472615480423
north-dakota-state,saint-louis,North Dakota State,Saint Louis,14,9,30,45,0.27867957949638367,0.6822026371955872,0.29823847115039825,0.7017615288496017
north-dakota-state,vanderbilt,North Dakota State,Vanderbilt,14,5,30,46,0.10348019748926163,0.8695064783096313,0.11698685958981514,0.8830131404101849
north-dakota-state,texas-tech,North Dakota State,Texas Tech,14,5,30,47,0.08310461044311523,0.9154400825500488,0.0838322639465332,0.9161677360534668
north-dakota-state,mcneese-state,North Dakota State,McNeese State,14,12,30,48,0.42276623845100403,0.6386222839355469,0.3920719772577286,0.6079280227422714
north-dakota-state,akron,North Dakota State,Akron,14,12,30,49,0.4384729862213135,0.5536434054374695,0.442414790391922,0.557585209608078
north-dakota-state,nebraska,North Dakota State,Nebraska,14,4,30,50,0.12124937772750854,0.8222619891166687,0.14949369430541992,0.8505063056945801
north-dakota-state,alabama,North Dakota State,Alabama,14,4,30,51,0.061207111924886703,0.9489942193031311,0.0561064463108778,0.9438935536891222
north-dakota-state,troy,North Dakota State,Troy,14,13,30,52,0.6009518504142761,0.393566757440567,0.6036925464868546,0.39630745351314545
north-dakota-state,north-carolina,North Dakota State,North Carolina,14,6,30,53,0.1353023499250412,0.8080177903175354,0.1636422798037529,0.8363577201962471
north-dakota-state,hofstra,North Dakota State,Hofstra,14,13,30,54,0.46734729409217834,0.5092055797576904,0.47907085716724396,0.520929142832756
north-dakota-state,virginia-commonwealth,North Dakota State,Virginia Commonwealth,14,11,30,55,0.3324834108352661,0.6387537121772766,0.34686484932899475,0.6531351506710052
north-dakota-state,tennessee,North Dakota State,Tennessee,14,6,30,56,0.0629890114068985,0.9448297619819641,0.059079624712467194,0.9409203752875328
north-dakota-state,illinois,North Dakota State,Illinois,14,3,30,57,0.04242204129695892,0.9573909640312195,0.04251553863286972,0.9574844613671303
north-dakota-state,virginia,North Dakota State,Virginia,14,3,30,58,0.1706314980983734,0.8059481382369995,0.18234167993068695,0.817658320069313
north-dakota-state,pennsylvania,North Dakota State,Pennsylvania,14,14,30,59,0.6405688524246216,0.335468590259552,0.6525501310825348,0.3474498689174652
north-dakota-state,wright-state,North Dakota State,Wright State,14,14,30,60,0.6370072960853577,0.38448894023895264,0.6262591779232025,0.3737408220767975
north-dakota-state,saint-marys-ca,North Dakota State,Saint Mary's (CA),14,7,30,61,0.1612362563610077,0.8331964612007141,0.1640198975801468,0.8359801024198532
north-dakota-state,texas-am,North Dakota State,Texas A&M,14,10,30,62,0.10866159200668335,0.9221991300582886,0.09323123097419739,0.9067687690258026
north-dakota-state,houston,North Dakota State,Houston,14,2,30,63,0.033281005918979645,0.963526725769043,0.03487714007496834,0.9651228599250317
north-dakota-state,idaho,North Dakota State,Idaho,14,15,30,64,0.6749739050865173,0.35346129536628723,0.660756304860115,0.33924369513988495
north-dakota-state,kentucky,North Dakota State,Kentucky,14,7,30,65,0.10106956213712692,0.8994738459587097,0.1007978580892086,0.8992021419107914
north-dakota-state,santa-clara,North Dakota State,Santa Clara,14,10,30,66,0.22182679176330566,0.7331196069717407,0.24435359239578247,0.7556464076042175
north-dakota-state,iowa-state,North Dakota State,Iowa State,14,2,30,67,0.04378942772746086,0.9556018114089966,0.04409380815923214,0.9559061918407679
north-dakota-state,tennessee-state,North Dakota State,Tennessee State,14,15,30,68,0.6331747770309448,0.3747372031211853,0.6292187869548798,0.37078121304512024
kennesaw-state,ucla,Kennesaw State,UCLA,14,7,31,32,0.10560178756713867,0.8967773914337158,0.10441219806671143,0.8955878019332886
kennesaw-state,miami-fl,Kennesaw State,Miami (FL),14,7,31,33,0.2016327828168869,0.8071991205215454,0.19721683114767075,0.8027831688523293
kennesaw-state,central-florida,Kennesaw State,UCF,14,10,31,34,0.2889336049556732,0.6952043175697327,0.2968646436929703,0.7031353563070297
kennesaw-state,connecticut,Kennesaw State,Connecticut,14,2,31,35,0.07220863550901413,0.9253515601158142,0.07342853769659996,0.9265714623034
kennesaw-state,missouri,Kennesaw State,Missouri,14,10,31,36,0.18334001302719116,0.7858664989471436,0.1987367570400238,0.8012632429599762
kennesaw-state,purdue,Kennesaw State,Purdue,14,2,31,37,0.03118143416941166,0.9623589515686035,0.03441124130040407,0.9655887586995959
kennesaw-state,furman,Kennesaw State,Furman,14,15,31,38,0.6070898771286011,0.4235186278820038,0.5917856246232986,0.40821437537670135
kennesaw-state,queens-nc,Kennesaw State,Queens (NC),14,15,31,39,0.6262208819389343,0.374072402715683,0.6260742396116257,0.37392576038837433
kennesaw-state,florida,Kennesaw State,Florida,14,1,31,40,0.02368335798382759,0.9748822450637817,0.024400556460022926,0.9755994435399771
kennesaw-state,michigan,Kennesaw State,Michigan,14,1,31,41,0.04816034063696861,0.9709821343421936,0.038589103147387505,0.9614108968526125
kennesaw-state,clemson,Kennesaw State,Clemson,14,8,31,42,0.19474293291568756,0.7931234240531921,0.2008097544312477,0.7991902455687523
kennesaw-state,georgia,Kennesaw State,Georgia,14,8,31,43,0.1622927486896515,0.8001391291618347,0.1810768097639084,0.8189231902360916
kennesaw-state,iowa,Kennesaw State,Iowa,14,9,31,44,0.13308928906917572,0.8412482738494873,0.1459205076098442,0.8540794923901558
kennesaw-state,saint-louis,Kennesaw State,Saint Louis,14,9,31,45,0.20708701014518738,0.7705036401748657,0.21829168498516083,0.7817083150148392
kennesaw-state,vanderbilt,Kennesaw State,Vanderbilt,14,5,31,46,0.11676555871963501,0.8902041912078857,0.11328068375587463,0.8867193162441254
kennesaw-state,texas-tech,Kennesaw State,Texas Tech,14,5,31,47,0.0676409974694252,0.9377491474151611,0.06494592502713203,0.935054074972868
kennesaw-state,mcneese-state,Kennesaw State,McNeese State,14,12,31,48,0.34553220868110657,0.6979227066040039,0.32380475103855133,0.6761952489614487
kennesaw-state,akron,Kennesaw State,Akron,14,12,31,49,0.299052894115448,0.6620531678199768,0.3184998631477356,0.6815001368522644
kennesaw-state,nebraska,Kennesaw State,Nebraska,14,4,31,50,0.11132992058992386,0.877432644367218,0.11694863811135292,0.8830513618886471
kennesaw-state,alabama,Kennesaw State,Alabama,14,4,31,51,0.03528662025928497,0.9416614174842834,0.04681260138750076,0.9531873986124992
kennesaw-state,troy,Kennesaw State,Troy,14,13,31,52,0.5405007600784302,0.5136486291885376,0.5134260654449463,0.4865739345550537
kennesaw-state,north-carolina,Kennesaw State,North Carolina,14,6,31,53,0.18599991500377655,0.8222082257270813,0.18189584463834763,0.8181041553616524
kennesaw-state,hofstra,Kennesaw State,Hofstra,14,13,31,54,0.3727840185165405,0.6411249041557312,0.36582955718040466,0.6341704428195953
kennesaw-state,virginia-commonwealth,Kennesaw State,Virginia Commonwealth,14,11,31,55,0.26058992743492126,0.7334676384925842,0.2635611444711685,0.7364388555288315
kennesaw-state,tennessee,Kennesaw State,Tennessee,14,6,31,56,0.03589277341961861,0.953889012336731,0.041001880541443825,0.9589981194585562
kennesaw-state,illinois,Kennesaw State,Illinois,14,3,31,57,0.04137797653675079,0.9729678630828857,0.034205056726932526,0.9657949432730675
kennesaw-state,virginia,Kennesaw State,Virginia,14,3,31,58,0.09747042506933212,0.9112513065338135,0.09310955926775932,0.9068904407322407
kennesaw-state,pennsylvania,Kennesaw State,Pennsylvania,14,14,31,59,0.5907571911811829,0.3864004909992218,0.6021783500909805,0.39782164990901947
kennesaw-state,wright-state,Kennesaw State,Wright State,14,14,31,60,0.5737709403038025,0.4400860071182251,0.5668424665927887,0.4331575334072113
kennesaw-state,saint-marys-ca,Kennesaw State,Saint Mary's (CA),14,7,31,61,0.07707267999649048,0.9188933968544006,0.07908964157104492,0.9209103584289551
kennesaw-state,texas-am,Kennesaw State,Texas A&M,14,10,31,62,0.12541502714157104,0.8916007876396179,0.11690711975097656,0.8830928802490234
kennesaw-state,houston,Kennesaw State,Houston,14,2,31,63,0.026983041316270828,0.9699209928512573,0.028531024232506752,0.9714689757674932
kennesaw-state,idaho,Kennesaw State,Idaho,14,15,31,64,0.5631585121154785,0.4576704502105713,0.5527440309524536,0.4472559690475464
kennesaw-state,kentucky,Kennesaw State,Kentucky,14,7,31,65,0.0658595860004425,0.9105230569839478,0.07766826450824738,0.9223317354917526
kennesaw-state,santa-clara,Kennesaw State,Santa Clara,14,10,31,66,0.1696203649044037,0.803635835647583,0.18299226462841034,0.8170077353715897
kennesaw-state,iowa-state,Kennesaw State,Iowa State,14,2,31,67,0.04218249022960663,0.9664999842643738,0.037841252982616425,0.9621587470173836
kennesaw-state,tennessee-state,Kennesaw State,Tennessee State,14,15,31,68,0.6480777263641357,0.32661566138267517,0.6607310324907303,0.3392689675092697
ucla,miami-fl,UCLA,Miami (FL),7,7,32,33,0.5563420653343201,0.38715165853500366,0.5845952033996582,0.4154047966003418
ucla,central-florida,UCLA,UCF,7,10,32,34,0.685043215751648,0.3336969316005707,0.6756731420755386,0.32432685792446136
ucla,connecticut,UCLA,Connecticut,7,2,32,35,0.3527866005897522,0.6636670231819153,0.34455978870391846,0.6554402112960815
ucla,missouri,UCLA,Missouri,7,10,32,36,0.6674529910087585,0.33466866612434387,0.6663921624422073,0.33360783755779266
ucla,purdue,UCLA,Purdue,7,2,32,37,0.3456382751464844,0.6628333330154419,0.34140247106552124,0.6585975289344788
ucla,furman,UCLA,Furman,7,15,32,38,0.9340732097625732,0.04965142533183098,0.9422108922153711,0.05778910778462887
ucla,queens-nc,UCLA,Queens (NC),7,15,32,39,0.9729601144790649,0.02410382591187954,0.9744281442835927,0.0255718557164073
ucla,florida,UCLA,Florida,7,1,32,40,0.20573586225509644,0.7600607872009277,0.22283753752708435,0.7771624624729156
ucla,michigan,UCLA,Michigan,7,1,32,41,0.20925574004650116,0.7426269054412842,0.2333144173026085,0.7666855826973915
ucla,clemson,UCLA,Clemson,7,8,32,42,0.6199756860733032,0.3811627924442291,0.619406446814537,0.38059355318546295
ucla,georgia,UCLA,Georgia,7,8,32,43,0.5075704455375671,0.46835964918136597,0.5196053981781006,0.4803946018218994
ucla,iowa,UCLA,Iowa,7,9,32,44,0.5870336294174194,0.4371189475059509,0.5749573409557343,0.42504265904426575
ucla,saint-louis,UCLA,Saint Louis,7,9,32,45,0.6744149327278137,0.30660536885261536,0.6839047819375992,0.3160952180624008
ucla,vanderbilt,UCLA,Vanderbilt,7,5,32,46,0.4224414825439453,0.5510720014572144,0.4356847405433655,0.5643152594566345
ucla,texas-tech,UCLA,Texas Tech,7,5,32,47,0.47014936804771423,0.5657143592834473,0.4522175043821335,0.5477824956178665
ucla,mcneese-state,UCLA,McNeese State,7,12,32,48,0.7217915654182434,0.22012531757354736,0.750833123922348,0.24916687607765198
ucla,akron,UCLA,Akron,7,12,32,49,0.8947466015815735,0.1313442885875702,0.8817011564970016,0.11829884350299835
ucla,nebraska,UCLA,Nebraska,7,4,32,50,0.42247799038887024,0.5667888522148132,0.4278445690870285,0.5721554309129715
ucla,alabama,UCLA,Alabama,7,4,32,51,0.4137881100177765,0.5911422967910767,0.4113229066133499,0.5886770933866501
ucla,troy,UCLA,Troy,7,13,32,52,0.8480391502380371,0.17256492376327515,0.837737113237381,0.16226288676261902
ucla,north-carolina,UCLA,North Carolina,7,6,32,53,0.5485175251960754,0.45567774772644043,0.5464198887348175,0.4535801112651825
ucla,hofstra,UCLA,Hofstra,7,13,32,54,0.903802216053009,0.09516829997301102,0.904316958039999,0.09568304196000099
ucla,virginia-commonwealth,UCLA,Virginia Commonwealth,7,11,32,55,0.6957893967628479,0.2794571816921234,0.7081661075353622,0.29183389246463776
ucla,tennessee,UCLA,Tennessee,7,6,32,56,0.4309230446815491,0.5877851247787476,0.42156895995140076,0.5784310400485992
ucla,illinois,UCLA,Illinois,7,3,32,57,0.26820337772369385,0.7023195624351501,0.28294190764427185,0.7170580923557281
ucla,virginia,UCLA,Virginia,7,3,32,58,0.40382155776023865,0.5752459168434143,0.41428782045841217,0.5857121795415878
ucla,pennsylvania,UCLA,Pennsylvania,7,14,32,59,0.9069622159004211,0.03945774585008621,0.9337522350251675,0.06624776497483253
ucla,wright-state,UCLA,Wright State,7,14,32,60,0.9578766822814941,0.054271113127470016,0.9518027845770121,0.04819721542298794
ucla,saint-marys-ca,UCLA,Saint Mary's (CA),7,7,32,61,0.4037926495075226,0.5947259068489075,0.40453337132930756,0.5954666286706924
ucla,texas-am,UCLA,Texas A&M,7,10,32,62,0.5807422399520874,0.3988547623157501,0.5909437388181686,0.40905626118183136
ucla,houston,UCLA,Houston,7,2,32,63,0.2570638656616211,0.6836655139923096,0.28669917583465576,0.7133008241653442
ucla,idaho,UCLA,Idaho,7,15,32,64,0.9409347176551819,0.03227047994732857,0.9543321188539267,0.04566788114607334
ucla,kentucky,UCLA,Kentucky,7,7,32,65,0.4907349646091461,0.4791363477706909,0.5057993084192276,0.4942006915807724
ucla,santa-clara,UCLA,Santa Clara,7,10,32,66,0.5427576303482056,0.4342007339000702,0.5542784482240677,0.4457215517759323
ucla,iowa-state,UCLA,Iowa State,7,2,32,67,0.27736058831214905,0.6472476720809937,0.3150564581155777,0.6849435418844223
ucla,tennessee-state,UCLA,Tennessee State,7,15,32,68,0.9408652782440186,0.053708143532276154,0.9435785673558712,0.0564214326441288
miami-fl,central-florida,Miami (FL),UCF,7,10,33,34,0.6192896962165833,0.36493995785713196,0.6271748691797256,0.37282513082027435
miami-fl,connecticut,Miami (FL),Connecticut,7,2,33,35,0.27490606904029846,0.6873359084129333,0.29378508031368256,0.7062149196863174
miami-fl,missouri,Miami (FL),Missouri,7,10,33,36,0.6902063488960266,0.2801751494407654,0.7050155997276306,0.2949844002723694
miami-fl,purdue,Miami (FL),Purdue,7,2,33,37,0.25431570410728455,0.7857018113136292,0.2343069463968277,0.7656930536031723
miami-fl,furman,Miami (FL),Furman,7,15,33,38,0.8651768565177917,0.14010894298553467,0.8625339567661285,0.13746604323387146
miami-fl,queens-nc,Miami (FL),Queens (NC),7,15,33,39,0.9029192924499512,0.07703261077404022,0.9129433408379555,0.08705665916204453
miami-fl,florida,Miami (FL),Florida,7,1,33,40,0.12291591614484787,0.8682202100753784,0.12734785303473473,0.8726521469652653
miami-fl,michigan,Miami (FL),Michigan,7,1,33,41,0.12680888175964355,0.8528545498847961,0.1369771659374237,0.8630228340625763
miami-fl,clemson,Miami (FL),Clemson,7,8,33,42,0.5759500861167908,0.4535883367061615,0.5611808747053146,0.43881912529468536
miami-fl,georgia,Miami (FL),Georgia,7,8,33,43,0.42610108852386475,0.5546849966049194,0.43570804595947266,0.5642919540405273
miami-fl,iowa,Miami (FL),Iowa,7,9,33,44,0.4223520755767822,0.547568678855896,0.4373916983604431,0.5626083016395569
miami-fl,saint-louis,Miami (FL),Saint Louis,7,9,33,45,0.5460902452468872,0.4671999216079712,0.539445161819458,0.460554838180542
miami-fl,vanderbilt,Miami (FL),Vanderbilt,7,5,33,46,0.36677590012550354,0.5974649786949158,0.3846554607152939,0.6153445392847061
miami-fl,texas-tech,Miami (FL),Texas Tech,7,5,33,47,0.34533676505088806,0.6975700855255127,0.3238833397626877,0.6761166602373123
miami-fl,mcneese-state,Miami (FL),McNeese State,7,12,33,48,0.6052358746528625,0.31343644857406616,0.6458997130393982,0.3541002869606018
miami-fl,akron,Miami (FL),Akron,7,12,33,49,0.6989029049873352,0.30315229296684265,0.6978753060102463,0.3021246939897537
miami-fl,nebraska,Miami (FL),Nebraska,7,4,33,50,0.33112338185310364,0.6449706554412842,0.34307636320590973,0.6569236367940903
miami-fl,alabama,Miami (FL),Alabama,7,4,33,51,0.2503352165222168,0.7512261867523193,0.24955451488494873,0.7504454851150513
miami-fl,troy,Miami (FL),Troy,7,13,33,52,0.7946030497550964,0.20156623423099518,0.7965184077620506,0.20348159223794937
miami-fl,north-carolina,Miami (FL),North Carolina,7,6,33,53,0.45166024565696716,0.5178820490837097,0.4668890982866287,0.5331109017133713
miami-fl,hofstra,Miami (FL),Hofstra,7,13,33,54,0.7476621866226196,0.250992089509964,0.7483350485563278,0.2516649514436722
miami-fl,virginia-commonwealth,Miami (FL),Virginia Commonwealth,7,11,33,55,0.5867481231689453,0.4241239130496979,0.5813121050596237,0.4186878949403763
miami-fl,tennessee,Miami (FL),Tennessee,7,6,33,56,0.24841268360614777,0.7930824756622314,0.22766510397195816,0.7723348960280418
miami-fl,illinois,Miami (FL),Illinois,7,3,33,57,0.15004223585128784,0.8360286951065063,0.15700677037239075,0.8429932296276093
miami-fl,virginia,Miami (FL),Virginia,7,3,33,58,0.38710281252861023,0.6130695343017578,0.3870166391134262,0.6129833608865738
miami-fl,pennsylvania,Miami (FL),Pennsylvania,7,14,33,59,0.8624681234359741,0.1005583256483078,0.8809548988938332,0.11904510110616684
miami-fl,wright-state,Miami (FL),Wright State,7,14,33,60,0.8168190121650696,0.15758472681045532,0.8296171426773071,0.17038285732269287
miami-fl,saint-marys-ca,Miami (FL),Saint Mary's (CA),7,7,33,61,0.3414757251739502,0.6615589261054993,0.33995839953422546,0.6600416004657745
miami-fl,texas-am,Miami (FL),Texas A&M,7,10,33,62,0.470755398273468,0.4846932291984558,0.4930310845375061,0.5069689154624939
miami-fl,houston,Miami (FL),Houston,7,2,33,63,0.11208476126194,0.851534366607666,0.130275197327137,0.869724802672863
miami-fl,idaho,Miami (FL),Idaho,7,15,33,64,0.8270655870437622,0.14569520950317383,0.8406851887702942,0.1593148112297058
miami-fl,kentucky,Miami (FL),Kentucky,7,7,33,65,0.3781398832798004,0.6488195061683655,0.36466018855571747,0.6353398114442825
miami-fl,santa-clara,Miami (FL),Santa Clara,7,10,33,66,0.5044539570808411,0.47640153765678406,0.5140262097120285,0.4859737902879715
miami-fl,iowa-state,Miami (FL),Iowa State,7,2,33,67,0.20549644529819489,0.8169400095939636,0.19427821785211563,0.8057217821478844
miami-fl,tennessee-state,Miami (FL),Tennessee State,7,15,33,68,0.8639239072799683,0.11813732236623764,0.8728932924568653,0.1271067075431347
central-florida,connecticut,UCF,Connecticut,10,2,34,35,0.20379291474819183,0.8049129247665405,0.19943999499082565,0.8005600050091743
central-florida,missouri,UCF,Missouri,10,10,34,36,0.4778711199760437,0.49774622917175293,0.4900624454021454,0.5099375545978546
central-florida,purdue,UCF,Purdue,10,2,34,37,0.1785898357629776,0.8173665404319763,0.18061164766550064,0.8193883523344994
central-florida,furman,UCF,Furman,10,15,34,38,0.7750853896141052,0.11940230429172516,0.82784154266119,0.17215845733880997
central-florida,queens-nc,UCF,Queens (NC),10,15,34,39,0.9000993967056274,0.09245599806308746,0.90382169932127,0.09617830067873001
central-florida,florida,UCF,Florida,10,1,34,40,0.05382151901721954,0.9488765597343445,0.05247247964143753,0.9475275203585625
central-florida,michigan,UCF,Michigan,10,1,34,41,0.09481509774923325,0.9309260249137878,0.0819445364177227,0.9180554635822773
central-florida,clemson,UCF,Clemson,10,8,34,42,0.3854764699935913,0.5915507674217224,0.39696285128593445,0.6030371487140656
central-florida,georgia,UCF,Georgia,10,8,34,43,0.3193705677986145,0.6339975595474243,0.3426865041255951,0.6573134958744049
central-florida,iowa,UCF,Iowa,10,9,34,44,0.3228122293949127,0.653744101524353,0.33453406393527985,0.6654659360647202
central-florida,saint-louis,UCF,Saint Louis,10,9,34,45,0.5416335463523865,0.4674195349216461,0.5371070057153702,0.4628929942846298
central-florida,vanderbilt,UCF,Vanderbilt,10,5,34,46,0.19062069058418274,0.7554227113723755,0.21759898960590363,0.7824010103940964
central-florida,texas-tech,UCF,Texas Tech,10,5,34,47,0.30686524510383606,0.7203277349472046,0.29326875507831573,0.7067312449216843
central-florida,mcneese-state,UCF,McNeese State,10,12,34,48,0.6388705372810364,0.31133824586868286,0.6637661457061768,0.33623385429382324
central-florida,akron,UCF,Akron,10,12,34,49,0.7178614735603333,0.23041479289531708,0.7437233403325081,0.2562766596674919
central-florida,nebraska,UCF,Nebraska,10,4,34,50,0.2730751633644104,0.6901394724845886,0.2914678454399109,0.7085321545600891
central-florida,alabama,UCF,Alabama,10,4,34,51,0.21628117561340332,0.8126591444015503,0.2018110156059265,0.7981889843940735
central-florida,troy,UCF,Troy,10,13,34,52,0.7219714522361755,0.22534354031085968,0.7483139559626579,0.25168604403734207
central-florida,north-carolina,UCF,North Carolina,10,6,34,53,0.3765120506286621,0.5902611017227173,0.3931254744529724,0.6068745255470276
central-florida,hofstra,UCF,Hofstra,10,13,34,54,0.8410078883171082,0.2267114818096161,0.807148203253746,0.19285179674625397
central-florida,virginia-commonwealth,UCF,Virginia Commonwealth,10,11,34,55,0.5379528999328613,0.45463240146636963,0.5416602492332458,0.45833975076675415
central-florida,tennessee,UCF,Tennessee,10,6,34,56,0.21482515335083008,0.7785953879356384,0.21811488270759583,0.7818851172924042
central-florida,illinois,UCF,Illinois,10,3,34,57,0.11616096645593643,0.8739467263221741,0.12110712006688118,0.8788928799331188
central-florida,virginia,UCF,Virginia,10,3,34,58,0.25104981660842896,0.7670111656188965,0.24201932549476624,0.7579806745052338
central-florida,pennsylvania,UCF,Pennsylvania,10,14,34,59,0.8862500190734863,0.10744799673557281,0.8894010111689568,0.11059898883104324
central-florida,wright-state,UCF,Wright State,10,14,34,60,0.8057389855384827,0.1234772801399231,0.8411308526992798,0.15886914730072021
central-florida,saint-marys-ca,UCF,Saint Mary's (CA),10,7,34,61,0.21646170318126678,0.7719953060150146,0.22223319858312607,0.7777668014168739
central-florida,texas-am,UCF,Texas A&M,10,10,34,62,0.3942687213420868,0.6041988134384155,0.39503495395183563,0.6049650460481644
central-florida,houston,UCF,Houston,10,2,34,63,0.046357784420251846,0.9460902810096741,0.05013375170528889,0.9498662482947111
central-florida,idaho,UCF,Idaho,10,15,34,64,0.9282397031784058,0.09468068927526474,0.9167795069515705,0.08322049304842949
central-florida,kentucky,UCF,Kentucky,10,7,34,65,0.28710034489631653,0.7101466655731201,0.2884768396615982,0.7115231603384018
central-florida,santa-clara,UCF,Santa Clara,10,10,34,66,0.44687238335609436,0.5585153102874756,0.4441785365343094,0.5558214634656906
central-florida,iowa-state,UCF,Iowa State,10,2,34,67,0.11427560448646545,0.8437353372573853,0.1352701336145401,0.8647298663854599
central-florida,tennessee-state,UCF,Tennessee State,10,15,34,68,0.8879476189613342,0.13082684576511383,0.8785603865981102,0.1214396134018898
connecticut,missouri,Connecticut,Missouri,2,10,35,36,0.8037796020507812,0.1835312843322754,0.8101241588592529,0.18987584114074707
connecticut,purdue,Connecticut,Purdue,2,2,35,37,0.47952964901924133,0.518072247505188,0.4807287007570267,0.5192712992429733
connecticut,furman,Connecticut,Furman,2,15,35,38,0.9609987139701843,0.04077552258968353,0.9601115956902504,0.0398884043097496
connecticut,queens-nc,Connecticut,Queens (NC),2,15,35,39,0.9688905477523804,0.022037263959646225,0.9734266418963671,0.026573358103632927
connecticut,florida,Connecticut,Florida,2,1,35,40,0.31478726863861084,0.6817446351051331,0.3165213167667389,0.6834786832332611
connecticut,michigan,Connecticut,Michigan,2,1,35,41,0.343050092458725,0.6684548258781433,0.33729763329029083,0.6627023667097092
connecticut,clemson,Connecticut,Clemson,2,8,35,42,0.6942881345748901,0.29495805501937866,0.6996650397777557,0.30033496022224426
connecticut,georgia,Connecticut,Georgia,2,8,35,43,0.6076037883758545,0.33881309628486633,0.6343953460454941,0.3656046539545059
connecticut,iowa,Connecticut,Iowa,2,9,35,44,0.6837822198867798,0.36415719985961914,0.6598125100135803,0.3401874899864197
connecticut,saint-louis,Connecticut,Saint Louis,2,9,35,45,0.7249584197998047,0.282688170671463,0.7211351245641708,0.27886487543582916
connecticut,vanderbilt,Connecticut,Vanderbilt,2,5,35,46,0.5296865701675415,0.4548517167568207,0.5374174267053604,0.4625825732946396
connecticut,texas-tech,Connecticut,Texas Tech,2,5,35,47,0.5790464878082275,0.4679833948612213,0.5555315464735031,0.4444684535264969
connecticut,mcneese-state,Connecticut,McNeese State,2,12,35,48,0.8145830631256104,0.22453731298446655,0.7950228750705719,0.2049771249294281
connecticut,akron,Connecticut,Akron,2,12,35,49,0.8484458923339844,0.17640084028244019,0.8360225260257721,0.1639774739742279
connecticut,nebraska,Connecticut,Nebraska,2,4,35,50,0.6079954504966736,0.3781910240650177,0.6149022132158279,0.38509778678417206
connecticut,alabama,Connecticut,Alabama,2,4,35,51,0.4183502197265625,0.5431756973266602,0.43758726119995117,0.5624127388000488
connecticut,troy,Connecticut,Troy,2,13,35,52,0.9229118824005127,0.06179279461503029,0.9305595438927412,0.0694404561072588
connecticut,north-carolina,Connecticut,North Carolina,2,6,35,53,0.653724193572998,0.3453299105167389,0.6541971415281296,0.3458028584718704
connecticut,hofstra,Connecticut,Hofstra,2,13,35,54,0.9158898591995239,0.0975915789604187,0.9091491401195526,0.09085085988044739
connecticut,virginia-commonwealth,Connecticut,Virginia Commonwealth,2,11,35,55,0.7384694814682007,0.28333261609077454,0.7275684326887131,0.2724315673112869
connecticut,tennessee,Connecticut,Tennessee,2,6,35,56,0.4788700342178345,0.5353319644927979,0.4717690348625183,0.5282309651374817
connecticut,illinois,Connecticut,Illinois,2,3,35,57,0.3891029357910156,0.598527193069458,0.3952878713607788,0.6047121286392212
connecticut,virginia,Connecticut,Virginia,2,3,35,58,0.5481739044189453,0.4573540985584259,0.5454099029302597,0.4545900970697403
connecticut,pennsylvania,Connecticut,Pennsylvania,2,14,35,59,0.9663880467414856,0.03145216405391693,0.9674679413437843,0.03253205865621567
connecticut,wright-state,Connecticut,Wright State,2,14,35,60,0.9570091366767883,0.040364302694797516,0.9583224169909954,0.04167758300900459
connecticut,saint-marys-ca,Connecticut,Saint Mary's (CA),2,7,35,61,0.5610788464546204,0.4303666949272156,0.5653560757637024,0.4346439242362976
connecticut,texas-am,Connecticut,Texas A&M,2,10,35,62,0.6756535172462463,0.3220328688621521,0.6768103241920471,0.3231896758079529
connecticut,houston,Connecticut,Houston,2,2,35,63,0.3715643882751465,0.577774703502655,0.3968948423862457,0.6031051576137543
connecticut,idaho,Connecticut,Idaho,2,15,35,64,0.9562568068504333,0.03329121693968773,0.9614827949553728,0.03851720504462719
connecticut,kentucky,Connecticut,Kentucky,2,7,35,65,0.59032142162323,0.3903692066669464,0.5999761074781418,0.4000238925218582
connecticut,santa-clara,Connecticut,Santa Clara,2,10,35,66,0.6714798212051392,0.3557436466217041,0.6578680872917175,0.34213191270828247
connecticut,iowa-state,Connecticut,Iowa State,2,2,35,67,0.4167539179325104,0.5872271656990051,0.4147633761167526,0.5852366238832474
connecticut,tennessee-state,Connecticut,Tennessee State,2,15,35,68,0.9565659761428833,0.03078066185116768,0.9628926571458578,0.03710734285414219
missouri,purdue,Missouri,Purdue,10,2,36,37,0.20054031908512115,0.7895833253860474,0.2054784968495369,0.7945215031504631
missouri,furman,Missouri,Furman,10,15,36,38,0.8598254323005676,0.14210504293441772,0.858860194683075,0.14113980531692505
missouri,queens-nc,Missouri,Queens (NC),10,15,36,39,0.9526749849319458,0.08309230953454971,0.934791337698698,0.06520866230130196
missouri,florida,Missouri,Florida,10,1,36,40,0.09652768820524216,0.9200785160064697,0.08822458609938622,0.9117754139006138
missouri,michigan,Missouri,Michigan,10,1,36,41,0.12288524955511093,0.8772227764129639,0.12283123657107353,0.8771687634289265
missouri,clemson,Missouri,Clemson,10,8,36,42,0.44414398074150085,0.5243251323699951,0.45990942418575287,0.5400905758142471
missouri,georgia,Missouri,Georgia,10,8,36,43,0.3964000344276428,0.6056892275810242,0.3953554034233093,0.6046445965766907
missouri,iowa,Missouri,Iowa,10,9,36,44,0.3846678137779236,0.5872114300727844,0.3987281918525696,0.6012718081474304
missouri,saint-louis,Missouri,Saint Louis,10,9,36,45,0.5321053862571716,0.4665403366088867,0.5327825248241425,0.46721747517585754
missouri,vanderbilt,Missouri,Vanderbilt,10,5,36,46,0.23018743097782135,0.7673317193984985,0.2314278557896614,0.7685721442103386
missouri,texas-tech,Missouri,Texas Tech,10,5,36,47,0.22503919899463654,0.7196099162101746,0.252714641392231,0.747285358607769
missouri,mcneese-state,Missouri,McNeese State,10,12,36,48,0.625275194644928,0.32112014293670654,0.6520775258541107,0.3479224741458893
missouri,akron,Missouri,Akron,10,12,36,49,0.7127310037612915,0.3428121507167816,0.6849594265222549,0.31504057347774506
missouri,nebraska,Missouri,Nebraska,10,4,36,50,0.2608923017978668,0.6580455303192139,0.3014233857393265,0.6985766142606735
missouri,alabama,Missouri,Alabama,10,4,36,51,0.26097503304481506,0.7292927503585815,0.26584114134311676,0.7341588586568832
missouri,troy,Missouri,Troy,10,13,36,52,0.7058267593383789,0.27001285552978516,0.7179069519042969,0.2820930480957031
missouri,north-carolina,Missouri,North Carolina,10,6,36,53,0.41207438707351685,0.5880947113037109,0.41198983788490295,0.588010162115097
missouri,hofstra,Missouri,Hofstra,10,13,36,54,0.7140019536018372,0.3652357757091522,0.6743830889463425,0.32561691105365753
missouri,virginia-commonwealth,Missouri,Virginia Commonwealth,10,11,36,55,0.5813729166984558,0.42924806475639343,0.5760624259710312,0.4239375740289688
missouri,tennessee,Missouri,Tennessee,10,6,36,56,0.17186258733272552,0.7694789171218872,0.20119183510541916,0.7988081648945808
missouri,illinois,Missouri,Illinois,10,3,36,57,0.16017842292785645,0.8473647832870483,0.15640681982040405,0.843593180179596
missouri,virginia,Missouri,Virginia,10,3,36,58,0.18733727931976318,0.7528882622718811,0.21722450852394104,0.782775491476059
missouri,pennsylvania,Missouri,Pennsylvania,10,14,36,59,0.833879292011261,0.10889041423797607,0.8624944388866425,0.13750556111335754
missouri,wright-state,Missouri,Wright State,10,14,36,60,0.8587680459022522,0.1325065791606903,0.863130733370781,0.13686926662921906
missouri,saint-marys-ca,Missouri,Saint Mary's (CA),10,7,36,61,0.20809374749660492,0.7623733282089233,0.2228602096438408,0.7771397903561592
missouri,texas-am,Missouri,Texas A&M,10,10,36,62,0.42545855045318604,0.5534335970878601,0.43601247668266296,0.563987523317337
missouri,houston,Missouri,Houston,10,2,36,63,0.13769662380218506,0.8565386533737183,0.1405789852142334,0.8594210147857666
missouri,idaho,Missouri,Idaho,10,15,36,64,0.8794821500778198,0.18742209672927856,0.8460300266742706,0.15396997332572937
missouri,kentucky,Missouri,Kentucky,10,7,36,65,0.34350818395614624,0.6374979019165039,0.35300514101982117,0.6469948589801788
missouri,santa-clara,Missouri,Santa Clara,10,10,36,66,0.35400235652923584,0.6285722851753235,0.3627150356769562,0.6372849643230438
missouri,iowa-state,Missouri,Iowa State,10,2,36,67,0.14338348805904388,0.8347453474998474,0.15431907027959824,0.8456809297204018
missouri,tennessee-state,Missouri,Tennessee State,10,15,36,68,0.898171067237854,0.18778274953365326,0.8551941588521004,0.14480584114789963
purdue,furman,Purdue,Furman,2,15,37,38,0.9692294001579285,0.030297860503196716,0.9694657698273659,0.030534230172634125
purdue,queens-nc,Purdue,Queens (NC),2,15,37,39,0.9789729714393616,0.026774706318974495,0.9760991325601935,0.02390086743980646
purdue,florida,Purdue,Florida,2,1,37,40,0.37283483147621155,0.6494259834289551,0.36170442402362823,0.6382955759763718
purdue,michigan,Purdue,Michigan,2,1,37,41,0.3837255835533142,0.6409773826599121,0.37137410044670105,0.628625899553299
purdue,clemson,Purdue,Clemson,2,8,37,42,0.7020223736763,0.26655128598213196,0.717735543847084,0.28226445615291595
purdue,georgia,Purdue,Georgia,2,8,37,43,0.7021751403808594,0.296440988779068,0.7028670758008957,0.2971329241991043
purdue,iowa,Purdue,Iowa,2,9,37,44,0.7246319651603699,0.2797214984893799,0.722455233335495,0.277544766664505
purdue,saint-louis,Purdue,Saint Louis,2,9,37,45,0.7695385813713074,0.19424518942832947,0.787646695971489,0.21235330402851105
purdue,vanderbilt,Purdue,Vanderbilt,2,5,37,46,0.6005988121032715,0.37835046648979187,0.6111241728067398,0.3888758271932602
purdue,texas-tech,Purdue,Texas Tech,2,5,37,47,0.6286039352416992,0.3990180790424347,0.6147929280996323,0.38520707190036774
purdue,mcneese-state,Purdue,McNeese State,2,12,37,48,0.7992954850196838,0.19450005888938904,0.8023977130651474,0.1976022869348526
purdue,akron,Purdue,Akron,2,12,37,49,0.8937878012657166,0.08077672868967056,0.906505536288023,0.093494463711977
purdue,nebraska,Purdue,Nebraska,2,4,37,50,0.6516579985618591,0.35478904843330383,0.6484344750642776,0.35156552493572235
purdue,alabama,Purdue,Alabama,2,4,37,51,0.588651180267334,0.43027204275131226,0.5791895687580109,0.42081043124198914
purdue,troy,Purdue,Troy,2,13,37,52,0.9584094285964966,0.09200377762317657,0.93320282548666,0.06679717451334
purdue,north-carolina,Purdue,North Carolina,2,6,37,53,0.6896353363990784,0.31042858958244324,0.6896033734083176,0.31039662659168243
purdue,hofstra,Purdue,Hofstra,2,13,37,54,0.9079254269599915,0.10275258123874664,0.9025864228606224,0.0974135771393776
purdue,virginia-commonwealth,Purdue,Virginia Commonwealth,2,11,37,55,0.7855340242385864,0.21261191368103027,0.7864610552787781,0.21353894472122192
purdue,tennessee,Purdue,Tennessee,2,6,37,56,0.5530563592910767,0.4243335723876953,0.5643613934516907,0.4356386065483093
purdue,illinois,Purdue,Illinois,2,3,37,57,0.4209907650947571,0.5732254981994629,0.4238826334476471,0.5761173665523529
purdue,virginia,Purdue,Virginia,2,3,37,58,0.640136182308197,0.4012764096260071,0.619429886341095,0.38057011365890503
purdue,pennsylvania,Purdue,Pennsylvania,2,14,37,59,0.9644224047660828,0.028402674943208694,0.968009864911437,0.031990135088562965
purdue,wright-state,Purdue,Wright State,2,14,37,60,0.9625741839408875,0.028840694576501846,0.9668667446821928,0.0331332553178072
purdue,saint-marys-ca,Purdue,Saint Mary's (CA),2,7,37,61,0.5596784353256226,0.4420566260814667,0.5588109046220779,0.44118909537792206
purdue,texas-am,Purdue,Texas A&M,2,10,37,62,0.7151809334754944,0.245934396982193,0.7346232682466507,0.2653767317533493
purdue,houston,Purdue,Houston,2,2,37,63,0.4679999053478241,0.5396784543991089,0.4641607254743576,0.5358392745256424
purdue,idaho,Purdue,Idaho,2,15,37,64,0.972754180431366,0.02699156291782856,0.9728813087567687,0.027118691243231297
purdue,kentucky,Purdue,Kentucky,2,7,37,65,0.6938045024871826,0.3104662597179413,0.6916691213846207,0.30833087861537933
purdue,santa-clara,Purdue,Santa Clara,2,10,37,66,0.7387869358062744,0.2810988426208496,0.7288440465927124,0.2711559534072876
purdue,iowa-state,Purdue,Iowa State,2,2,37,67,0.6633853316307068,0.4776347279548645,0.5928753018379211,0.40712469816207886
purdue,tennessee-state,Purdue,Tennessee State,2,15,37,68,0.9641464352607727,0.02760007232427597,0.9682731814682484,0.03172681853175163
furman,queens-nc,Furman,Queens (NC),15,15,38,39,0.4964292645454407,0.48468029499053955,0.5058744847774506,0.49412551522254944
furman,florida,Furman,Florida,15,1,38,40,0.021557871252298355,0.9811940789222717,0.020181896165013313,0.9798181038349867
furman,michigan,Furman,Michigan,15,1,38,41,0.02695070393383503,0.9699876308441162,0.02848153654485941,0.9715184634551406
furman,clemson,Furman,Clemson,15,8,38,42,0.11446157842874527,0.8921400308609009,0.1111607737839222,0.8888392262160778
furman,georgia,Furman,Georgia,15,8,38,43,0.0660216212272644,0.8984668850898743,0.08377736806869507,0.9162226319313049
furman,iowa,Furman,Iowa,15,9,38,44,0.08284284919500351,0.8718980550765991,0.1054723970592022,0.8945276029407978
furman,saint-louis,Furman,Saint Louis,15,9,38,45,0.1380665898323059,0.8393598198890686,0.14935338497161865,0.8506466150283813
furman,vanderbilt,Furman,Vanderbilt,15,5,38,46,0.06458871066570282,0.9402973651885986,0.062145672738552094,0.9378543272614479
furman,texas-tech,Furman,Texas Tech,15,5,38,47,0.04902767017483711,0.9595314860343933,0.0447480920702219,0.9552519079297781
furman,mcneese-state,Furman,McNeese State,15,12,38,48,0.2175384908914566,0.777935266494751,0.2198016121983528,0.7801983878016472
furman,akron,Furman,Akron,15,12,38,49,0.20695528388023376,0.7797588109970093,0.21359823644161224,0.7864017635583878
furman,nebraska,Furman,Nebraska,15,4,38,50,0.07018405944108963,0.9107329249382019,0.07972556725144386,0.9202744327485561
furman,alabama,Furman,Alabama,15,4,38,51,0.026488211005926132,0.9710573554039001,0.027715427801012993,0.972284572198987
furman,troy,Furman,Troy,15,13,38,52,0.3941445052623749,0.6218953728675842,0.3861245661973953,0.6138754338026047
furman,north-carolina,Furman,North Carolina,15,6,38,53,0.08469844609498978,0.8994818329811096,0.09260830655694008,0.9073916934430599
furman,hofstra,Furman,Hofstra,15,13,38,54,0.24698978662490845,0.7275711894035339,0.25970929861068726,0.7402907013893127
furman,virginia-commonwealth,Furman,Virginia Commonwealth,15,11,38,55,0.14725729823112488,0.8398686647415161,0.15369431674480438,0.8463056832551956
furman,tennessee,Furman,Tennessee,15,6,38,56,0.024050429463386536,0.9672088027000427,0.028420813381671906,0.9715791866183281
furman,illinois,Furman,Illinois,15,3,38,57,0.025707799941301346,0.9733564853668213,0.02617565728724003,0.97382434271276
furman,virginia,Furman,Virginia,15,3,38,58,0.05309126898646355,0.9329166412353516,0.06008731387555599,0.939912686124444
furman,pennsylvania,Furman,Pennsylvania,15,14,38,59,0.5225164294242859,0.480140745639801,0.5211878418922424,0.47881215810775757
furman,wright-state,Furman,Wright State,15,14,38,60,0.3949066996574402,0.6088739633560181,0.39301636815071106,0.6069836318492889
furman,saint-marys-ca,Furman,Saint Mary's (CA),15,7,38,61,0.03884520009160042,0.9531198740005493,0.04286266304552555,0.9571373369544744
furman,texas-am,Furman,Texas A&M,15,10,38,62,0.06797009706497192,0.9378998279571533,0.0650351345539093,0.9349648654460907
furman,houston,Furman,Houston,15,2,38,63,0.022113047540187836,0.9814110398292542,0.020351003855466843,0.9796489961445332
furman,idaho,Furman,Idaho,15,15,38,64,0.4804988205432892,0.5318918824195862,0.4743034690618515,0.5256965309381485
furman,kentucky,Furman,Kentucky,15,7,38,65,0.038102902472019196,0.9509972333908081,0.043552834540605545,0.9564471654593945
furman,santa-clara,Furman,Santa Clara,15,10,38,66,0.12510162591934204,0.8730087876319885,0.12604641914367676,0.8739535808563232
furman,iowa-state,Furman,Iowa State,15,2,38,67,0.03678398206830025,0.9639471173286438,0.036418432369828224,0.9635815676301718
furman,tennessee-state,Furman,Tennessee State,15,15,38,68,0.4285740256309509,0.5267974138259888,0.4508883059024811,0.5491116940975189
queens-nc,florida,Queens (NC),Florida,15,1,39,40,0.012466114945709705,0.983336329460144,0.014564892742782831,0.9854351072572172
queens-nc,michigan,Queens (NC),Michigan,15,1,39,41,0.016964120790362358,0.9878476858139038,0.014558217488229275,0.9854417825117707
queens-nc,clemson,Queens (NC),Clemson,15,8,39,42,0.06896926462650299,0.9323478937149048,0.0683106854557991,0.9316893145442009
queens-nc,georgia,Queens (NC),Georgia,15,8,39,43,0.050879109650850296,0.9588988423347473,0.04599013365805149,0.9540098663419485
queens-nc,iowa,Queens (NC),Iowa,15,9,39,44,0.05481897294521332,0.9526430368423462,0.05108796805143356,0.9489120319485664
queens-nc,saint-louis,Queens (NC),Saint Louis,15,9,39,45,0.10998823493719101,0.8465986847877502,0.13169477507472038,0.8683052249252796
queens-nc,vanderbilt,Queens (NC),Vanderbilt,15,5,39,46,0.025671768933534622,0.9798857569694519,0.02289300598204136,0.9771069940179586
queens-nc,texas-tech,Queens (NC),Texas Tech,15,5,39,47,0.025586195290088654,0.9754780530929565,0.025054071098566055,0.974945928901434
queens-nc,mcneese-state,Queens (NC),McNeese State,15,12,39,48,0.15118788182735443,0.8598111271858215,0.14568837732076645,0.8543116226792336
queens-nc,akron,Queens (NC),Akron,15,12,39,49,0.2195379137992859,0.7731356620788574,0.22320112586021423,0.7767988741397858
queens-nc,nebraska,Queens (NC),Nebraska,15,4,39,50,0.03636130690574646,0.9670699834823608,0.03464566171169281,0.9653543382883072
queens-nc,alabama,Queens (NC),Alabama,15,4,39,51,0.023691372945904732,0.9747553467750549,0.0244680130854249,0.9755319869145751
queens-nc,troy,Queens (NC),Troy,15,13,39,52,0.3771686255931854,0.6428002715110779,0.36718417704105377,0.6328158229589462
queens-nc,north-carolina,Queens (NC),North Carolina,15,6,39,53,0.0316961370408535,0.9654032588005066,0.033146439120173454,0.9668535608798265
queens-nc,hofstra,Queens (NC),Hofstra,15,13,39,54,0.23384913802146912,0.7180906534194946,0.25787924230098724,0.7421207576990128
queens-nc,virginia-commonwealth,Queens (NC),Virginia Commonwealth,15,11,39,55,0.11719430238008499,0.8753931522369385,0.12090057507157326,0.8790994249284267
queens-nc,tennessee,Queens (NC),Tennessee,15,6,39,56,0.017520323395729065,0.9724304676055908,0.022544927895069122,0.9774550721049309
queens-nc,illinois,Queens (NC),Illinois,15,3,39,57,0.028791941702365875,0.9828870892524719,0.022952426224946976,0.977047573775053
queens-nc,virginia,Queens (NC),Virginia,15,3,39,58,0.05796730890870094,0.9238266944885254,0.06707030721008778,0.9329296927899122
queens-nc,pennsylvania,Queens (NC),Pennsylvania,15,14,39,59,0.42994001507759094,0.5883578658103943,0.4207910746335983,0.5792089253664017
queens-nc,wright-state,Queens (NC),Wright State,15,14,39,60,0.4053163528442383,0.5855686068534851,0.4098738729953766,0.5901261270046234
queens-nc,saint-marys-ca,Queens (NC),Saint Mary's (CA),15,7,39,61,0.032205481082201004,0.9627095460891724,0.03474796749651432,0.9652520325034857
queens-nc,texas-am,Queens (NC),Texas A&M,15,10,39,62,0.027373937889933586,0.9467020034790039,0.04033596720546484,0.9596640327945352
queens-nc,houston,Queens (NC),Houston,15,2,39,63,0.018162142485380173,0.9854554533958435,0.016353344544768333,0.9836466554552317
queens-nc,idaho,Queens (NC),Idaho,15,15,39,64,0.46798256039619446,0.5225986242294312,0.47269196808338165,0.5273080319166183
queens-nc,kentucky,Queens (NC),Kentucky,15,7,39,65,0.024376364424824715,0.9688300490379333,0.027773157693445683,0.9722268423065543
queens-nc,santa-clara,Queens (NC),Santa Clara,15,10,39,66,0.05874696746468544,0.9206862449645996,0.06903036125004292,0.9309696387499571
queens-nc,iowa-state,Queens (NC),Iowa State,15,2,39,67,0.020223870873451233,0.9794458746910095,0.020388998091220856,0.9796110019087791
queens-nc,tennessee-state,Queens (NC),Tennessee State,15,15,39,68,0.46305304765701294,0.46948280930519104,0.49678511917591095,0.503214880824089
florida,michigan,Florida,Michigan,1,1,40,41,0.5252565145492554,0.45398807525634766,0.5356342196464539,0.46436578035354614
florida,clemson,Florida,Clemson,1,8,40,42,0.841436505317688,0.13674159348011017,0.8523474559187889,0.1476525440812111
florida,georgia,Florida,Georgia,1,8,40,43,0.8214458227157593,0.17680349946022034,0.8223211616277695,0.17767883837223053
florida,iowa,Florida,Iowa,1,9,40,44,0.7589632868766785,0.20181488990783691,0.7785741984844208,0.22142580151557922
florida,saint-louis,Florida,Saint Louis,1,9,40,45,0.9130028486251831,0.0711708813905716,0.9209159836173058,0.07908401638269424
florida,vanderbilt,Florida,Vanderbilt,1,5,40,46,0.7061580419540405,0.24756230413913727,0.7292978689074516,0.27070213109254837
florida,texas-tech,Florida,Texas Tech,1,5,40,47,0.7027632594108582,0.26037678122520447,0.7211932390928268,0.27880676090717316
florida,mcneese-state,Florida,McNeese State,1,12,40,48,0.9439713358879089,0.04239789396524429,0.9507867209613323,0.04921327903866768
florida,akron,Florida,Akron,1,12,40,49,0.9459368586540222,0.028505243360996246,0.958715807646513,0.041284192353487015
florida,nebraska,Florida,Nebraska,1,4,40,50,0.7673920392990112,0.26317116618156433,0.7521104365587234,0.24788956344127655
florida,alabama,Florida,Alabama,1,4,40,51,0.7101163864135742,0.27028852701187134,0.7199139297008514,0.28008607029914856
florida,troy,Florida,Troy,1,13,40,52,0.9819892644882202,0.020657695829868317,0.980665784329176,0.01933421567082405
florida,north-carolina,Florida,North Carolina,1,6,40,53,0.8071005940437317,0.18114817142486572,0.812976211309433,0.18702378869056702
florida,hofstra,Florida,Hofstra,1,13,40,54,0.965201735496521,0.036614157259464264,0.9642937891185284,0.035706210881471634
florida,virginia-commonwealth,Florida,Virginia Commonwealth,1,11,40,55,0.8851020932197571,0.08227376639842987,0.9014141634106636,0.0985858365893364
florida,tennessee,Florida,Tennessee,1,6,40,56,0.7061933279037476,0.3109602630138397,0.6976165324449539,0.3023834675550461
florida,illinois,Florida,Illinois,1,3,40,57,0.6097532510757446,0.3599679470062256,0.6248926520347595,0.3751073479652405
florida,virginia,Florida,Virginia,1,3,40,58,0.8056337833404541,0.21285627782344818,0.796388752758503,0.20361124724149704
florida,pennsylvania,Florida,Pennsylvania,1,14,40,59,0.9681614637374878,0.016634920611977577,0.9757632715627551,0.024236728437244892
florida,wright-state,Florida,Wright State,1,14,40,60,0.9665655493736267,0.014766110107302666,0.975899719633162,0.02410028036683798
florida,saint-marys-ca,Florida,Saint Mary's (CA),1,7,40,61,0.7580605149269104,0.24352841079235077,0.7572660520672798,0.24273394793272018
florida,texas-am,Florida,Texas A&M,1,10,40,62,0.8168794512748718,0.1450812965631485,0.8358990773558617,0.16410092264413834
florida,houston,Florida,Houston,1,2,40,63,0.5881872177124023,0.3961870074272156,0.5960001051425934,0.4039998948574066
florida,idaho,Florida,Idaho,1,15,40,64,0.9769565463066101,0.018322912976145744,0.9793168166652322,0.02068318333476782
florida,kentucky,Florida,Kentucky,1,7,40,65,0.812185525894165,0.16172821819782257,0.8252286538481712,0.17477134615182877
florida,santa-clara,Florida,Santa Clara,1,10,40,66,0.8477393388748169,0.15908677875995636,0.8443262800574303,0.15567371994256973
florida,iowa-state,Florida,Iowa State,1,2,40,67,0.6129412055015564,0.3619840145111084,0.625478595495224,0.374521404504776
florida,tennessee-state,Florida,Tennessee State,1,15,40,68,0.968090295791626,0.02386460267007351,0.9721128465607762,0.027887153439223766
michigan,clemson,Michigan,Clemson,1,8,41,42,0.8419960737228394,0.14339135587215424,0.8493023589253426,0.15069764107465744
michigan,georgia,Michigan,Georgia,1,8,41,43,0.8328716158866882,0.1743393838405609,0.8292661160230637,0.17073388397693634
michigan,iowa,Michigan,Iowa,1,9,41,44,0.8256980776786804,0.24243085086345673,0.7916336134076118,0.20836638659238815
michigan,saint-louis,Michigan,Saint Louis,1,9,41,45,0.8515447378158569,0.12194760888814926,0.8647985644638538,0.13520143553614616
michigan,vanderbilt,Michigan,Vanderbilt,1,5,41,46,0.683026134967804,0.2669029235839844,0.7080616056919098,0.2919383943080902
michigan,texas-tech,Michigan,Texas Tech,1,5,41,47,0.7016893029212952,0.2836003601551056,0.7090444713830948,0.2909555286169052
michigan,mcneese-state,Michigan,McNeese State,1,12,41,48,0.895926833152771,0.06264474242925644,0.9166410453617573,0.08335895463824272
michigan,akron,Michigan,Akron,1,12,41,49,0.9096445441246033,0.05554947629570961,0.9270475339144468,0.07295246608555317
michigan,nebraska,Michigan,Nebraska,1,4,41,50,0.7265560030937195,0.2385830283164978,0.7439864873886108,0.25601351261138916
michigan,alabama,Michigan,Alabama,1,4,41,51,0.6755792498588562,0.28337129950523376,0.6961039751768112,0.3038960248231888
michigan,troy,Michigan,Troy,1,13,41,52,0.9736338257789612,0.055532053112983704,0.9590508863329887,0.04094911366701126
michigan,north-carolina,Michigan,North Carolina,1,6,41,53,0.8113009333610535,0.17183689773082733,0.8197320178151131,0.18026798218488693
michigan,hofstra,Michigan,Hofstra,1,13,41,54,0.9734372496604919,0.030215628445148468,0.9716108106076717,0.028389189392328262
michigan,virginia-commonwealth,Michigan,Virginia Commonwealth,1,11,41,55,0.8844050168991089,0.12021993100643158,0.8820925429463387,0.11790745705366135
michigan,tennessee,Michigan,Tennessee,1,6,41,56,0.6700139045715332,0.31411150097846985,0.6779512017965317,0.3220487982034683
michigan,illinois,Michigan,Illinois,1,3,41,57,0.5877948999404907,0.4462132751941681,0.5707908123731613,0.4292091876268387
michigan,virginia,Michigan,Virginia,1,3,41,58,0.6914708614349365,0.2804796099662781,0.7054956257343292,0.2945043742656708
michigan,pennsylvania,Michigan,Pennsylvania,1,14,41,59,0.9741398096084595,0.019114909693598747,0.9775124499574304,0.022487550042569637
michigan,wright-state,Michigan,Wright State,1,14,41,60,0.9570325016975403,0.020145544782280922,0.9684434784576297,0.03155652154237032
michigan,saint-marys-ca,Michigan,Saint Mary's (CA),1,7,41,61,0.6834238171577454,0.3082152307033539,0.6876042932271957,0.31239570677280426
michigan,texas-am,Michigan,Texas A&M,1,10,41,62,0.8325656056404114,0.17111167311668396,0.8307269662618637,0.1692730337381363
michigan,houston,Michigan,Houston,1,2,41,63,0.5770153999328613,0.42188504338264465,0.5775651782751083,0.42243482172489166
michigan,idaho,Michigan,Idaho,1,15,41,64,0.9848563075065613,0.01648600958287716,0.9841851489618421,0.01581485103815794
michigan,kentucky,Michigan,Kentucky,1,7,41,65,0.7892933487892151,0.20074790716171265,0.7942727208137512,0.20572727918624878
michigan,santa-clara,Michigan,Santa Clara,1,10,41,66,0.7990822196006775,0.182444766163826,0.8083187267184258,0.19168127328157425
michigan,iowa-state,Michigan,Iowa State,1,2,41,67,0.6121613383293152,0.40083250403404236,0.6056644171476364,0.3943355828523636
michigan,tennessee-state,Michigan,Tennessee State,1,15,41,68,0.9643566608428955,0.02484099566936493,0.9697578325867653,0.03024216741323471
clemson,georgia,Clemson,Georgia,8,8,42,43,0.45839041471481323,0.5163595080375671,0.47101545333862305,0.528984546661377
clemson,iowa,Clemson,Iowa,8,9,42,44,0.45772749185562134,0.5483899712562561,0.4546687602996826,0.5453312397003174
clemson,saint-louis,Clemson,Saint Louis,8,9,42,45,0.4994591474533081,0.49311378598213196,0.5031726807355881,0.4968273192644119
clemson,vanderbilt,Clemson,Vanderbilt,8,5,42,46,0.351363867521286,0.6189035773277283,0.36623014509677887,0.6337698549032211
clemson,texas-tech,Clemson,Texas Tech,8,5,42,47,0.31634294986724854,0.6581801772117615,0.32908138632774353,0.6709186136722565
clemson,mcneese-state,Clemson,McNeese State,8,12,42,48,0.5915175080299377,0.4312148094177246,0.5801513493061066,0.41984865069389343
clemson,akron,Clemson,Akron,8,12,42,49,0.7293539643287659,0.2963961660861969,0.7164788991212845,0.2835211008787155
clemson,nebraska,Clemson,Nebraska,8,4,42,50,0.40389543771743774,0.5713883638381958,0.41625353693962097,0.583746463060379
clemson,alabama,Clemson,Alabama,8,4,42,51,0.36876165866851807,0.7162210941314697,0.32627028226852417,0.6737297177314758
clemson,troy,Clemson,Troy,8,13,42,52,0.8151357173919678,0.20710882544517517,0.8040134459733963,0.1959865540266037
clemson,north-carolina,Clemson,North Carolina,8,6,42,53,0.43687063455581665,0.5828580856323242,0.4270062744617462,0.5729937255382538
clemson,hofstra,Clemson,Hofstra,8,13,42,54,0.772493302822113,0.2524493336677551,0.760021984577179,0.23997801542282104
clemson,virginia-commonwealth,Clemson,Virginia Commonwealth,8,11,42,55,0.5731148719787598,0.4005884528160095,0.5862632095813751,0.4137367904186249
clemson,tennessee,Clemson,Tennessee,8,6,42,56,0.3373245894908905,0.6737772822380066,0.33177365362644196,0.668226346373558
clemson,illinois,Clemson,Illinois,8,3,42,57,0.21849466860294342,0.7713795304298401,0.22355756908655167,0.7764424309134483
clemson,virginia,Clemson,Virginia,8,3,42,58,0.34394556283950806,0.6442214250564575,0.34986206889152527,0.6501379311084747
clemson,pennsylvania,Clemson,Pennsylvania,8,14,42,59,0.8469588160514832,0.09566353261470795,0.8756476417183876,0.1243523582816124
clemson,wright-state,Clemson,Wright State,8,14,42,60,0.9027721285820007,0.11940927803516388,0.8916814252734184,0.10831857472658157
clemson,saint-marys-ca,Clemson,Saint Mary's (CA),8,7,42,61,0.3390413820743561,0.6739487648010254,0.33254630863666534,0.6674536913633347
clemson,texas-am,Clemson,Texas A&M,8,10,42,62,0.5031412839889526,0.49450308084487915,0.5043191015720367,0.49568089842796326
clemson,houston,Clemson,Houston,8,2,42,63,0.17274878919124603,0.7883180975914001,0.19221534579992294,0.8077846542000771
clemson,idaho,Clemson,Idaho,8,15,42,64,0.9037427306175232,0.07475492358207703,0.9144939035177231,0.08550609648227692
clemson,kentucky,Clemson,Kentucky,8,7,42,65,0.4203271269798279,0.593244194984436,0.4135414659976959,0.5864585340023041
clemson,santa-clara,Clemson,Santa Clara,8,10,42,66,0.4633057415485382,0.5169463157653809,0.4731797128915787,0.5268202871084213
clemson,iowa-state,Clemson,Iowa State,8,2,42,67,0.2572312355041504,0.7527549862861633,0.25223812460899353,0.7477618753910065
clemson,tennessee-state,Clemson,Tennessee State,8,15,42,68,0.960909366607666,0.03841361403465271,0.9612478762865067,0.03875212371349335
georgia,iowa,Georgia,Iowa,8,9,43,44,0.49833983182907104,0.505460262298584,0.49643978476524353,0.5035602152347565
georgia,saint-louis,Georgia,Saint Louis,8,9,43,45,0.6883238554000854,0.27706751227378845,0.7056281715631485,0.2943718284368515
georgia,vanderbilt,Georgia,Vanderbilt,8,5,43,46,0.3853727877140045,0.5758930444717407,0.4047398716211319,0.5952601283788681
georgia,texas-tech,Georgia,Texas Tech,8,5,43,47,0.4225125312805176,0.5829122066497803,0.41980016231536865,0.5801998376846313
georgia,mcneese-state,Georgia,McNeese State,8,12,43,48,0.6321924924850464,0.2853376865386963,0.673427402973175,0.32657259702682495
georgia,akron,Georgia,Akron,8,12,43,49,0.8998996615409851,0.23402439057826996,0.8329376354813576,0.16706236451864243
georgia,nebraska,Georgia,Nebraska,8,4,43,50,0.38531917333602905,0.5370463132858276,0.4241364300251007,0.5758635699748993
georgia,alabama,Georgia,Alabama,8,4,43,51,0.37064388394355774,0.6067912578582764,0.3819263130426407,0.6180736869573593
georgia,troy,Georgia,Troy,8,13,43,52,0.8352991938591003,0.1597553789615631,0.8377719074487686,0.16222809255123138
georgia,north-carolina,Georgia,North Carolina,8,6,43,53,0.5316283702850342,0.4481496214866638,0.5417393743991852,0.4582606256008148
georgia,hofstra,Georgia,Hofstra,8,13,43,54,0.8850800395011902,0.27182072401046753,0.8066296577453613,0.19337034225463867
georgia,virginia-commonwealth,Georgia,Virginia Commonwealth,8,11,43,55,0.6489067077636719,0.3321469724178314,0.6583798676729202,0.3416201323270798
georgia,tennessee,Georgia,Tennessee,8,6,43,56,0.31655243039131165,0.6693416237831116,0.32360540330410004,0.6763945966959
georgia,illinois,Georgia,Illinois,8,3,43,57,0.23259758949279785,0.7109273076057434,0.2608351409435272,0.7391648590564728
georgia,virginia,Georgia,Virginia,8,3,43,58,0.41445788741111755,0.5752875208854675,0.419585183262825,0.580414816737175
georgia,pennsylvania,Georgia,Pennsylvania,8,14,43,59,0.926629900932312,0.06808436661958694,0.9292727671563625,0.07072723284363747
georgia,wright-state,Georgia,Wright State,8,14,43,60,0.9599955081939697,0.06072688475251198,0.9496343117207289,0.050365688279271126
georgia,saint-marys-ca,Georgia,Saint Mary's (CA),8,7,43,61,0.4008715748786926,0.5703971982002258,0.4152371883392334,0.5847628116607666
georgia,texas-am,Georgia,Texas A&M,8,10,43,62,0.466651052236557,0.4990851879119873,0.48378293216228485,0.5162170678377151
georgia,houston,Georgia,Houston,8,2,43,63,0.23788167536258698,0.7479358911514282,0.24497289210557938,0.7550271078944206
georgia,idaho,Georgia,Idaho,8,15,43,64,0.9547249674797058,0.08572067320346832,0.9345021471381187,0.06549785286188126
georgia,kentucky,Georgia,Kentucky,8,7,43,65,0.4737141728401184,0.4859069287776947,0.49390362203121185,0.5060963779687881
georgia,santa-clara,Georgia,Santa Clara,8,10,43,66,0.5704848766326904,0.40339395403862,0.5835454612970352,0.4164545387029648
georgia,iowa-state,Georgia,Iowa State,8,2,43,67,0.2925189137458801,0.6806467175483704,0.3059360980987549,0.6940639019012451
georgia,tennessee-state,Georgia,Tennessee State,8,15,43,68,0.9332093596458435,0.08730388432741165,0.9229527376592159,0.07704726234078407
iowa,saint-louis,Iowa,Saint Louis,9,9,44,45,0.6411421895027161,0.40732526779174805,0.616908460855484,0.383091539144516
iowa,vanderbilt,Iowa,Vanderbilt,9,5,44,46,0.3723556101322174,0.6412279009819031,0.36556385457515717,0.6344361454248428
iowa,texas-tech,Iowa,Texas Tech,9,5,44,47,0.41204479336738586,0.5996259450912476,0.40620942413806915,0.5937905758619308
iowa,mcneese-state,Iowa,McNeese State,9,12,44,48,0.6734462380409241,0.32594940066337585,0.6737484186887741,0.3262515813112259
iowa,akron,Iowa,Akron,9,12,44,49,0.7674773931503296,0.2844744324684143,0.7415014803409576,0.25849851965904236
iowa,nebraska,Iowa,Nebraska,9,4,44,50,0.47824954986572266,0.5709095001220703,0.45367002487182617,0.5463299751281738
iowa,alabama,Iowa,Alabama,9,4,44,51,0.31015580892562866,0.678299069404602,0.3159283697605133,0.6840716302394867
iowa,troy,Iowa,Troy,9,13,44,52,0.7702410817146301,0.2028207927942276,0.7837101444602013,0.21628985553979874
iowa,north-carolina,Iowa,North Carolina,9,6,44,53,0.4824081063270569,0.504085123538971,0.48916149139404297,0.510838508605957
iowa,hofstra,Iowa,Hofstra,9,13,44,54,0.7335724234580994,0.2560618221759796,0.7387553006410599,0.2612446993589401
iowa,virginia-commonwealth,Iowa,Virginia Commonwealth,9,11,44,55,0.648740291595459,0.35346928238868713,0.6476355046033859,0.3523644953966141
iowa,tennessee,Iowa,Tennessee,9,6,44,56,0.2974490821361542,0.685502290725708,0.3059733957052231,0.6940266042947769
iowa,illinois,Iowa,Illinois,9,3,44,57,0.27230560779571533,0.7770026922225952,0.24765145778656006,0.7523485422134399
iowa,virginia,Iowa,Virginia,9,3,44,58,0.3768543004989624,0.6185665130615234,0.3791438937187195,0.6208561062812805
iowa,pennsylvania,Iowa,Pennsylvania,9,14,44,59,0.8963227868080139,0.07337882369756699,0.9114719815552235,0.08852801844477654
iowa,wright-state,Iowa,Wright State,9,14,44,60,0.9043664336204529,0.08093877136707306,0.9117138311266899,0.08828616887331009
iowa,saint-marys-ca,Iowa,Saint Mary's (CA),9,7,44,61,0.49226856231689453,0.6109895706176758,0.4406394958496094,0.5593605041503906
iowa,texas-am,Iowa,Texas A&M,9,10,44,62,0.5577682256698608,0.45288002490997314,0.5524441003799438,0.44755589962005615
iowa,houston,Iowa,Houston,9,2,44,63,0.18783068656921387,0.7984513640403748,0.19468966126441956,0.8053103387355804
iowa,idaho,Iowa,Idaho,9,15,44,64,0.8820512294769287,0.13146592676639557,0.8752926513552666,0.12470734864473343
iowa,kentucky,Iowa,Kentucky,9,7,44,65,0.4799230694770813,0.5334895849227905,0.4732167422771454,0.5267832577228546
iowa,santa-clara,Iowa,Santa Clara,9,10,44,66,0.5125217437744141,0.5272367000579834,0.49264252185821533,0.5073574781417847
iowa,iowa-state,Iowa,Iowa State,9,2,44,67,0.2596485912799835,0.739983856678009,0.25983236730098724,0.7401676326990128
iowa,tennessee-state,Iowa,Tennessee State,9,15,44,68,0.9464991688728333,0.12079611420631409,0.9128515273332596,0.08714847266674042
saint-louis,vanderbilt,Saint Louis,Vanderbilt,9,5,45,46,0.31010058522224426,0.7119728922843933,0.2990638464689255,0.7009361535310745
saint-louis,texas-tech,Saint Louis,Texas Tech,9,5,45,47,0.3427671194076538,0.7742644548416138,0.28425133228302,0.71574866771698
saint-louis,mcneese-state,Saint Louis,McNeese State,9,12,45,48,0.5283735394477844,0.4625742435455322,0.5328996479511261,0.4671003520488739
saint-louis,akron,Saint Louis,Akron,9,12,45,49,0.6089492440223694,0.3811826705932617,0.6138832867145538,0.38611671328544617
saint-louis,nebraska,Saint Louis,Nebraska,9,4,45,50,0.3560386598110199,0.6534475684165955,0.3512955456972122,0.6487044543027878
saint-louis,alabama,Saint Louis,Alabama,9,4,45,51,0.13806641101837158,0.8498474359512329,0.14410948753356934,0.8558905124664307
saint-louis,troy,Saint Louis,Troy,9,13,45,52,0.7455602288246155,0.22955414652824402,0.7580030411481857,0.24199695885181427
saint-louis,north-carolina,Saint Louis,North Carolina,9,6,45,53,0.34783294796943665,0.6195960640907288,0.36411844193935394,0.6358815580606461
saint-louis,hofstra,Saint Louis,Hofstra,9,13,45,54,0.6462153196334839,0.3314442038536072,0.6573855578899384,0.34261444211006165
saint-louis,virginia-commonwealth,Saint Louis,Virginia Commonwealth,9,11,45,55,0.5508511662483215,0.46133115887641907,0.5447600036859512,0.45523999631404877
saint-louis,tennessee,Saint Louis,Tennessee,9,6,45,56,0.21060793101787567,0.8406586050987244,0.18497466295957565,0.8150253370404243
saint-louis,illinois,Saint Louis,Illinois,9,3,45,57,0.1654505729675293,0.8684051632881165,0.14852270483970642,0.8514772951602936
saint-louis,virginia,Saint Louis,Virginia,9,3,45,58,0.3515421152114868,0.6397935152053833,0.35587430000305176,0.6441256999969482
saint-louis,pennsylvania,Saint Louis,Pennsylvania,9,14,45,59,0.8093212842941284,0.1591409593820572,0.8250901624560356,0.17490983754396439
saint-louis,wright-state,Saint Louis,Wright State,9,14,45,60,0.7438912987709045,0.22156697511672974,0.7611621618270874,0.2388378381729126
saint-louis,saint-marys-ca,Saint Louis,Saint Mary's (CA),9,7,45,61,0.27062585949897766,0.663615882396698,0.30350498855113983,0.6964950114488602
saint-louis,texas-am,Saint Louis,Texas A&M,9,10,45,62,0.4079537093639374,0.6689876914024353,0.36948300898075104,0.630516991019249
saint-louis,houston,Saint Louis,Houston,9,2,45,63,0.087649866938591,0.8968988656997681,0.09537550061941147,0.9046244993805885
saint-louis,idaho,Saint Louis,Idaho,9,15,45,64,0.8169537782669067,0.1717906892299652,0.8225815445184708,0.17741845548152924
saint-louis,kentucky,Saint Louis,Kentucky,9,7,45,65,0.2214411050081253,0.7647140622138977,0.2283635213971138,0.7716364786028862
saint-louis,santa-clara,Saint Louis,Santa Clara,9,10,45,66,0.4616715908050537,0.5210062861442566,0.47033265233039856,0.5296673476696014
saint-louis,iowa-state,Saint Louis,Iowa State,9,2,45,67,0.18854427337646484,0.7707386016845703,0.20890283584594727,0.7910971641540527
saint-louis,tennessee-state,Saint Louis,Tennessee State,9,15,45,68,0.7538443207740784,0.16335256397724152,0.7952458783984184,0.20475412160158157
vanderbilt,texas-tech,Vanderbilt,Texas Tech,5,5,46,47,0.5065440535545349,0.5096203088760376,0.49846187233924866,0.5015381276607513
vanderbilt,mcneese-state,Vanderbilt,McNeese State,5,12,46,48,0.713466465473175,0.2738056480884552,0.7198304086923599,0.2801695913076401
vanderbilt,akron,Vanderbilt,Akron,5,12,46,49,0.8163532018661499,0.14368651807308197,0.836333341896534,0.16366665810346603
vanderbilt,nebraska,Vanderbilt,Nebraska,5,4,46,50,0.5168450474739075,0.4440210461616516,0.5364120006561279,0.46358799934387207
vanderbilt,alabama,Vanderbilt,Alabama,5,4,46,51,0.40467068552970886,0.568587601184845,0.41804154217243195,0.581958457827568
vanderbilt,troy,Vanderbilt,Troy,5,13,46,52,0.8952735066413879,0.1072462648153305,0.8940136209130287,0.10598637908697128
vanderbilt,north-carolina,Vanderbilt,North Carolina,5,6,46,53,0.6410026550292969,0.36890995502471924,0.6360463500022888,0.3639536499977112
vanderbilt,hofstra,Vanderbilt,Hofstra,5,13,46,54,0.9058893918991089,0.1228506788611412,0.8915193565189838,0.10848064348101616
vanderbilt,virginia-commonwealth,Vanderbilt,Virginia Commonwealth,5,11,46,55,0.7360568642616272,0.28610894083976746,0.7249739617109299,0.27502603828907013
vanderbilt,tennessee,Vanderbilt,Tennessee,5,6,46,56,0.4364868998527527,0.5504710078239441,0.4430079460144043,0.5569920539855957
vanderbilt,illinois,Vanderbilt,Illinois,5,3,46,57,0.34717226028442383,0.611034631729126,0.3680688142776489,0.6319311857223511
vanderbilt,virginia,Vanderbilt,Virginia,5,3,46,58,0.5137193202972412,0.4513278007507324,0.5311957597732544,0.4688042402267456
vanderbilt,pennsylvania,Vanderbilt,Pennsylvania,5,14,46,59,0.957284688949585,0.02839162014424801,0.9644465344026685,0.035553465597331524
vanderbilt,wright-state,Vanderbilt,Wright State,5,14,46,60,0.9397343397140503,0.05493392422795296,0.9424002077430487,0.05759979225695133
vanderbilt,saint-marys-ca,Vanderbilt,Saint Mary's (CA),5,7,46,61,0.48771873116493225,0.4847848117351532,0.5014669597148895,0.4985330402851105
vanderbilt,texas-am,Vanderbilt,Texas A&M,5,10,46,62,0.6157996654510498,0.3581790030002594,0.6288103312253952,0.3711896687746048
vanderbilt,houston,Vanderbilt,Houston,5,2,46,63,0.32746654748916626,0.6595011949539185,0.3339826762676239,0.6660173237323761
vanderbilt,idaho,Vanderbilt,Idaho,5,15,46,64,0.9640597701072693,0.034569766372442245,0.9647450018674135,0.03525499813258648
vanderbilt,kentucky,Vanderbilt,Kentucky,5,7,46,65,0.5987280011177063,0.3962434232234955,0.6012422889471054,0.3987577110528946
vanderbilt,santa-clara,Vanderbilt,Santa Clara,5,10,46,66,0.5852582454681396,0.43950799107551575,0.572875127196312,0.42712487280368805
vanderbilt,iowa-state,Vanderbilt,Iowa State,5,2,46,67,0.4136216640472412,0.4993203580379486,0.4571506530046463,0.5428493469953537
vanderbilt,tennessee-state,Vanderbilt,Tennessee State,5,15,46,68,0.9529500007629395,0.05387124419212341,0.949539378285408,0.05046062171459198
texas-tech,mcneese-state,Texas Tech,McNeese State,5,12,47,48,0.6967436075210571,0.20564386248588562,0.7455498725175858,0.25445012748241425
texas-tech,akron,Texas Tech,Akron,5,12,47,49,0.870959460735321,0.12581110000610352,0.8725741803646088,0.12742581963539124
texas-tech,nebraska,Texas Tech,Nebraska,5,4,47,50,0.47392332553863525,0.5007091164588928,0.4866071045398712,0.5133928954601288
texas-tech,alabama,Texas Tech,Alabama,5,4,47,51,0.502676248550415,0.48928195238113403,0.5066971480846405,0.4933028519153595
texas-tech,troy,Texas Tech,Troy,5,13,47,52,0.8972823023796082,0.10094819217920303,0.8981670551002026,0.10183294489979744
texas-tech,north-carolina,Texas Tech,North Carolina,5,6,47,53,0.6107301115989685,0.40060219168663025,0.6050639599561691,0.39493604004383087
texas-tech,hofstra,Texas Tech,Hofstra,5,13,47,54,0.885905921459198,0.16995732486248016,0.8579742982983589,0.14202570170164108
texas-tech,virginia-commonwealth,Texas Tech,Virginia Commonwealth,5,11,47,55,0.7223796844482422,0.24770696461200714,0.7373363599181175,0.2626636400818825
texas-tech,tennessee,Texas Tech,Tennessee,5,6,47,56,0.3746030926704407,0.5984578728675842,0.3880726099014282,0.6119273900985718
texas-tech,illinois,Texas Tech,Illinois,5,3,47,57,0.29280686378479004,0.6700378060340881,0.31138452887535095,0.688615471124649
texas-tech,virginia,Texas Tech,Virginia,5,3,47,58,0.47238418459892273,0.4745522141456604,0.49891598522663116,0.5010840147733688
texas-tech,pennsylvania,Texas Tech,Pennsylvania,5,14,47,59,0.9454631805419922,0.05020657554268837,0.9476283024996519,0.05237169750034809
texas-tech,wright-state,Texas Tech,Wright State,5,14,47,60,0.9291237592697144,0.05834636464715004,0.9353886973112822,0.06461130268871784
texas-tech,saint-marys-ca,Texas Tech,Saint Mary's (CA),5,7,47,61,0.4707350730895996,0.5499582290649414,0.4603884220123291,0.5396115779876709
texas-tech,texas-am,Texas Tech,Texas A&M,5,10,47,62,0.6583552360534668,0.3699621558189392,0.6441965401172638,0.3558034598827362
texas-tech,houston,Texas Tech,Houston,5,2,47,63,0.4079429805278778,0.6229856610298157,0.39247865974903107,0.6075213402509689
texas-tech,idaho,Texas Tech,Idaho,5,15,47,64,0.945881724357605,0.053164392709732056,0.9463586658239365,0.05364133417606354
texas-tech,kentucky,Texas Tech,Kentucky,5,7,47,65,0.5444545745849609,0.4717005789279938,0.5363769978284836,0.4636230021715164
texas-tech,santa-clara,Texas Tech,Santa Clara,5,10,47,66,0.6400728225708008,0.42671406269073486,0.606679379940033,0.39332062005996704
texas-tech,iowa-state,Texas Tech,Iowa State,5,2,47,67,0.3710259795188904,0.5420735478401184,0.414476215839386,0.585523784160614
texas-tech,tennessee-state,Texas Tech,Tennessee State,5,15,47,68,0.9466231465339661,0.06737871468067169,0.9396222159266472,0.060377784073352814
mcneese-state,akron,McNeese State,Akron,12,12,48,49,0.6142894625663757,0.42596590518951416,0.5941617786884308,0.4058382213115692
mcneese-state,nebraska,McNeese State,Nebraska,12,4,48,50,0.3018937110900879,0.6859790086746216,0.30795735120773315,0.6920426487922668
mcneese-state,alabama,McNeese State,Alabama,12,4,48,51,0.12711769342422485,0.801177442073822,0.16297012567520142,0.8370298743247986
mcneese-state,troy,McNeese State,Troy,12,13,48,52,0.6960418820381165,0.30751726031303406,0.6942623108625412,0.3057376891374588
mcneese-state,north-carolina,McNeese State,North Carolina,12,6,48,53,0.3288414180278778,0.6496753692626953,0.33958302438259125,0.6604169756174088
mcneese-state,hofstra,McNeese State,Hofstra,12,13,48,54,0.6145102381706238,0.36832261085510254,0.6230938136577606,0.3769061863422394
mcneese-state,virginia-commonwealth,McNeese State,Virginia Commonwealth,12,11,48,55,0.5044506788253784,0.5030624866485596,0.5006940960884094,0.4993059039115906
mcneese-state,tennessee,McNeese State,Tennessee,12,6,48,56,0.10991937667131424,0.838517427444458,0.13570097461342812,0.8642990253865719
mcneese-state,illinois,McNeese State,Illinois,12,3,48,57,0.08193271607160568,0.899440348148346,0.09124618396162987,0.9087538160383701
mcneese-state,virginia,McNeese State,Virginia,12,3,48,58,0.2122546285390854,0.7653340101242065,0.22346030920743942,0.7765396907925606
mcneese-state,pennsylvania,McNeese State,Pennsylvania,12,14,48,59,0.83760005235672,0.1832064837217331,0.8271967843174934,0.17280321568250656
mcneese-state,wright-state,McNeese State,Wright State,12,14,48,60,0.7595465183258057,0.23003381490707397,0.7647563517093658,0.23524364829063416
mcneese-state,saint-marys-ca,McNeese State,Saint Mary's (CA),12,7,48,61,0.2450462430715561,0.7519513368606567,0.24654745310544968,0.7534525468945503
mcneese-state,texas-am,McNeese State,Texas A&M,12,10,48,62,0.1750299036502838,0.837940514087677,0.1685446947813034,0.8314553052186966
mcneese-state,houston,McNeese State,Houston,12,2,48,63,0.07645990699529648,0.9386259317398071,0.06891698762774467,0.9310830123722553
mcneese-state,idaho,McNeese State,Idaho,12,15,48,64,0.7755362391471863,0.24858352541923523,0.7634763568639755,0.23652364313602448
mcneese-state,kentucky,McNeese State,Kentucky,12,7,48,65,0.1490299105644226,0.789837658405304,0.17959612607955933,0.8204038739204407
mcneese-state,santa-clara,McNeese State,Santa Clara,12,10,48,66,0.4311657249927521,0.5895494818687439,0.4208081215620041,0.5791918784379959
mcneese-state,iowa-state,McNeese State,Iowa State,12,2,48,67,0.1392039805650711,0.8448684811592102,0.14716774970293045,0.8528322502970695
mcneese-state,tennessee-state,McNeese State,Tennessee State,12,15,48,68,0.7566605806350708,0.23486033082008362,0.7609001249074936,0.2390998750925064
akron,nebraska,Akron,Nebraska,12,4,49,50,0.1830420345067978,0.7745497822761536,0.2042461261153221,0.7957538738846779
akron,alabama,Akron,Alabama,12,4,49,51,0.09857220947742462,0.9028551578521729,0.09785852581262589,0.9021414741873741
akron,troy,Akron,Troy,12,13,49,52,0.6559943556785583,0.3634122908115387,0.6462910324335098,0.3537089675664902
akron,north-carolina,Akron,North Carolina,12,6,49,53,0.14989861845970154,0.8293174505233765,0.16029058396816254,0.8397094160318375
akron,hofstra,Akron,Hofstra,12,13,49,54,0.5866730809211731,0.4442152976989746,0.5712288916110992,0.42877110838890076
akron,virginia-commonwealth,Akron,Virginia Commonwealth,12,11,49,55,0.3989141583442688,0.5824010968208313,0.40825653076171875,0.5917434692382812
akron,tennessee,Akron,Tennessee,12,6,49,56,0.07452725619077682,0.9400871396064758,0.0672200582921505,0.9327799417078495
akron,illinois,Akron,Illinois,12,3,49,57,0.06766075640916824,0.9169163107872009,0.07537222281098366,0.9246277771890163
akron,virginia,Akron,Virginia,12,3,49,58,0.24101942777633667,0.7236074805259705,0.2587059736251831,0.7412940263748169
akron,pennsylvania,Akron,Pennsylvania,12,14,49,59,0.7164942026138306,0.2868005633354187,0.7148468196392059,0.28515318036079407
akron,wright-state,Akron,Wright State,12,14,49,60,0.6709621548652649,0.32806146144866943,0.6714503467082977,0.32854965329170227
akron,saint-marys-ca,Akron,Saint Mary's (CA),12,7,49,61,0.17550818622112274,0.8141329884529114,0.18068759888410568,0.8193124011158943
akron,texas-am,Akron,Texas A&M,12,10,49,62,0.12810018658638,0.8835989832878113,0.12225060164928436,0.8777493983507156
akron,houston,Akron,Houston,12,2,49,63,0.044486865401268005,0.9536826610565186,0.045402102172374725,0.9545978978276253
akron,idaho,Akron,Idaho,12,15,49,64,0.739208459854126,0.2827645540237427,0.7282219529151917,0.27177804708480835
akron,kentucky,Akron,Kentucky,12,7,49,65,0.134921595454216,0.847217857837677,0.1438518688082695,0.8561481311917305
akron,santa-clara,Akron,Santa Clara,12,10,49,66,0.3013506829738617,0.7152637839317322,0.29304344952106476,0.7069565504789352
akron,iowa-state,Akron,Iowa State,12,2,49,67,0.06745977699756622,0.9162741303443909,0.07559282332658768,0.9244071766734123
akron,tennessee-state,Akron,Tennessee State,12,15,49,68,0.6609973907470703,0.3032611608505249,0.6788681149482727,0.3211318850517273
nebraska,alabama,Nebraska,Alabama,4,4,50,51,0.38739973306655884,0.6036124229431152,0.3918936550617218,0.6081063449382782
nebraska,troy,Nebraska,Troy,4,13,50,52,0.8705816864967346,0.12511615455150604,0.8727327659726143,0.1272672340273857
nebraska,north-carolina,Nebraska,North Carolina,4,6,50,53,0.5118968486785889,0.4733598232269287,0.5192685127258301,0.4807314872741699
nebraska,hofstra,Nebraska,Hofstra,4,13,50,54,0.8566174507141113,0.20437408983707428,0.8261216804385185,0.17387831956148148
nebraska,virginia-commonwealth,Nebraska,Virginia Commonwealth,4,11,50,55,0.5959055423736572,0.3555881679058075,0.6201586872339249,0.37984131276607513
nebraska,tennessee,Nebraska,Tennessee,4,6,50,56,0.4008484184741974,0.6013175845146179,0.39976541697978973,0.6002345830202103
nebraska,illinois,Nebraska,Illinois,4,3,50,57,0.3271767795085907,0.6724688410758972,0.32735396921634674,0.6726460307836533
nebraska,virginia,Nebraska,Virginia,4,3,50,58,0.4383699893951416,0.5237450003623962,0.4573124945163727,0.5426875054836273
nebraska,pennsylvania,Nebraska,Pennsylvania,4,14,50,59,0.9389888644218445,0.03206972777843475,0.9534595683217049,0.046540431678295135
nebraska,wright-state,Nebraska,Wright State,4,14,50,60,0.9094235897064209,0.055230703204870224,0.9270964432507753,0.07290355674922466
nebraska,saint-marys-ca,Nebraska,Saint Mary's (CA),4,7,50,61,0.44260746240615845,0.5554203391075134,0.4435935616493225,0.5564064383506775
nebraska,texas-am,Nebraska,Texas A&M,4,10,50,62,0.5368503928184509,0.4295346736907959,0.5536578595638275,0.4463421404361725
nebraska,houston,Nebraska,Houston,4,2,50,63,0.2854068875312805,0.6856801509857178,0.29986336827278137,0.7001366317272186
nebraska,idaho,Nebraska,Idaho,4,15,50,64,0.936712920665741,0.05133626610040665,0.9426883272826672,0.05731167271733284
nebraska,kentucky,Nebraska,Kentucky,4,7,50,65,0.4729621410369873,0.499817430973053,0.48657235503196716,0.5134276449680328
nebraska,santa-clara,Nebraska,Santa Clara,4,10,50,66,0.5730804800987244,0.4049808382987976,0.5840498208999634,0.4159501791000366
nebraska,iowa-state,Nebraska,Iowa State,4,2,50,67,0.29915687441825867,0.7025148272514343,0.29832102358341217,0.7016789764165878
nebraska,tennessee-state,Nebraska,Tennessee State,4,15,50,68,0.9514859914779663,0.04373393580317497,0.9538760278373957,0.04612397216260433
alabama,troy,Alabama,Troy,4,13,51,52,0.9320566654205322,0.07663822174072266,0.9277092218399048,0.07229077816009521
alabama,north-carolina,Alabama,North Carolina,4,6,51,53,0.6462876200675964,0.3688943088054657,0.6386966556310654,0.36130334436893463
alabama,hofstra,Alabama,Hofstra,4,13,51,54,0.9072872400283813,0.09706122428178787,0.9051130078732967,0.09488699212670326
alabama,virginia-commonwealth,Alabama,Virginia Commonwealth,4,11,51,55,0.8316190838813782,0.1428551971912384,0.8443819433450699,0.15561805665493011
alabama,tennessee,Alabama,Tennessee,4,6,51,56,0.45688918232917786,0.5231102108955383,0.46688948571681976,0.5331105142831802
alabama,illinois,Alabama,Illinois,4,3,51,57,0.34186360239982605,0.6396146416664124,0.35112448036670685,0.6488755196332932
alabama,virginia,Alabama,Virginia,4,3,51,58,0.6425619721412659,0.35292166471481323,0.6448201537132263,0.3551798462867737
alabama,pennsylvania,Alabama,Pennsylvania,4,14,51,59,0.960641622543335,0.028679322451353073,0.9659811500459909,0.034018849954009056
alabama,wright-state,Alabama,Wright State,4,14,51,60,0.9014757871627808,0.03438377380371094,0.9335460066795349,0.06645399332046509
alabama,saint-marys-ca,Alabama,Saint Mary's (CA),4,7,51,61,0.6073498725891113,0.41993844509124756,0.5937057137489319,0.4062942862510681
alabama,texas-am,Alabama,Texas A&M,4,10,51,62,0.6731894016265869,0.3358117341995239,0.6686888337135315,0.3313111662864685
alabama,houston,Alabama,Houston,4,2,51,63,0.4062337875366211,0.5905817747116089,0.4078260064125061,0.5921739935874939
alabama,idaho,Alabama,Idaho,4,15,51,64,0.9600085020065308,0.04266123101115227,0.9586736354976892,0.04132636450231075
alabama,kentucky,Alabama,Kentucky,4,7,51,65,0.6076453328132629,0.41466400027275085,0.596490666270256,0.40350933372974396
alabama,santa-clara,Alabama,Santa Clara,4,10,51,66,0.7552318572998047,0.21228757500648499,0.7714721411466599,0.22852785885334015
alabama,iowa-state,Alabama,Iowa State,4,2,51,67,0.4210396111011505,0.5592154860496521,0.4309120625257492,0.5690879374742508
alabama,tennessee-state,Alabama,Tennessee State,4,15,51,68,0.9264640808105469,0.03927046060562134,0.9435968101024628,0.05640318989753723
troy,north-carolina,Troy,North Carolina,13,6,52,53,0.1995123326778412,0.8441118597984314,0.1777002364397049,0.8222997635602951
troy,hofstra,Troy,Hofstra,13,13,52,54,0.402736634016037,0.6240180134773254,0.3893593102693558,0.6106406897306442
troy,virginia-commonwealth,Troy,Virginia Commonwealth,13,11,52,55,0.2651505172252655,0.757058322429657,0.25404609739780426,0.7459539026021957
troy,tennessee,Troy,Tennessee,13,6,52,56,0.05443975701928139,0.9738490581512451,0.040295349434018135,0.9597046505659819
troy,illinois,Troy,Illinois,13,3,52,57,0.03987349197268486,0.9747126698493958,0.032580411061644554,0.9674195889383554
troy,virginia,Troy,Virginia,13,3,52,58,0.10000070929527283,0.8951970934867859,0.10240180790424347,0.8975981920957565
troy,pennsylvania,Troy,Pennsylvania,13,14,52,59,0.5999793410301208,0.4125522971153259,0.5937135219573975,0.40628647804260254
troy,wright-state,Troy,Wright State,13,14,52,60,0.5695359706878662,0.40534815192222595,0.5820939093828201,0.41790609061717987
troy,saint-marys-ca,Troy,Saint Mary's (CA),13,7,52,61,0.08462626487016678,0.8987199664115906,0.0929531492292881,0.9070468507707119
troy,texas-am,Troy,Texas A&M,13,10,52,62,0.10032910853624344,0.8843585848808289,0.10798526182770729,0.8920147381722927
troy,houston,Troy,Houston,13,2,52,63,0.025443630293011665,0.9760511517524719,0.02469623927026987,0.9753037607297301
troy,idaho,Troy,Idaho,13,15,52,64,0.5794928073883057,0.47514668107032776,0.552173063158989,0.44782693684101105
troy,kentucky,Troy,Kentucky,13,7,52,65,0.07602515071630478,0.89844810962677,0.08878852054476738,0.9112114794552326
troy,santa-clara,Troy,Santa Clara,13,10,52,66,0.21632924675941467,0.8037292957305908,0.20629997551441193,0.7937000244855881
troy,iowa-state,Troy,Iowa State,13,2,52,67,0.05348667502403259,0.9454213380813599,0.054032668471336365,0.9459673315286636
troy,tennessee-state,Troy,Tennessee State,13,15,52,68,0.622253954410553,0.4017486870288849,0.610252633690834,0.38974736630916595
north-carolina,hofstra,North Carolina,Hofstra,6,13,53,54,0.8985584378242493,0.10212652385234833,0.8982159569859505,0.10178404301404953
north-carolina,virginia-commonwealth,North Carolina,Virginia Commonwealth,6,11,53,55,0.6142005920410156,0.3684077560901642,0.6228964179754257,0.3771035820245743
north-carolina,tennessee,North Carolina,Tennessee,6,6,53,56,0.3685985207557678,0.6350300908088684,0.3667842149734497,0.6332157850265503
north-carolina,illinois,North Carolina,Illinois,6,3,53,57,0.23297880589962006,0.7542687058448792,0.23935505002737045,0.7606449499726295
north-carolina,virginia,North Carolina,Virginia,6,3,53,58,0.4162392318248749,0.5685266852378845,0.4238562732934952,0.5761437267065048
north-carolina,pennsylvania,North Carolina,Pennsylvania,6,14,53,59,0.9185846447944641,0.04543287307024002,0.936575885862112,0.06342411413788795
north-carolina,wright-state,North Carolina,Wright State,6,14,53,60,0.921904981136322,0.057197123765945435,0.9323539286851883,0.0676460713148117
north-carolina,saint-marys-ca,North Carolina,Saint Mary's (CA),6,7,53,61,0.3865202069282532,0.6078659296035767,0.38932713866233826,0.6106728613376617
north-carolina,texas-am,North Carolina,Texas A&M,6,10,53,62,0.5591771006584167,0.46621716022491455,0.5464799702167511,0.4535200297832489
north-carolina,houston,North Carolina,Houston,6,2,53,63,0.22457574307918549,0.7610716819763184,0.23175203055143356,0.7682479694485664
north-carolina,idaho,North Carolina,Idaho,6,15,53,64,0.9462262392044067,0.03781786561012268,0.954204186797142,0.04579581320285797
north-carolina,kentucky,North Carolina,Kentucky,6,7,53,65,0.4352756440639496,0.5548893213272095,0.44019316136837006,0.5598068386316299
north-carolina,santa-clara,North Carolina,Santa Clara,6,10,53,66,0.515824019908905,0.48882606625556946,0.5134989768266678,0.4865010231733322
north-carolina,iowa-state,North Carolina,Iowa State,6,2,53,67,0.26074445247650146,0.693148136138916,0.2837981581687927,0.7162018418312073
north-carolina,tennessee-state,North Carolina,Tennessee State,6,15,53,68,0.9540552496910095,0.05202336981892586,0.9510159399360418,0.04898406006395817
hofstra,virginia-commonwealth,Hofstra,Virginia Commonwealth,13,11,54,55,0.3173958361148834,0.708756685256958,0.3043195754289627,0.6956804245710373
hofstra,tennessee,Hofstra,Tennessee,13,6,54,56,0.08595648407936096,0.9486583471298218,0.06864906847476959,0.9313509315252304
hofstra,illinois,Hofstra,Illinois,13,3,54,57,0.05084683373570442,0.9505677223205566,0.05013955570757389,0.9498604442924261
hofstra,virginia,Hofstra,Virginia,13,3,54,58,0.15689179301261902,0.8171303868293762,0.1698807030916214,0.8301192969083786
hofstra,pennsylvania,Hofstra,Pennsylvania,13,14,54,59,0.6922730803489685,0.3490871787071228,0.6715929508209229,0.32840704917907715
hofstra,wright-state,Hofstra,Wright State,13,14,54,60,0.6301124691963196,0.3528071939945221,0.6386526376008987,0.36134736239910126
hofstra,saint-marys-ca,Hofstra,Saint Mary's (CA),13,7,54,61,0.1079602837562561,0.9028229117393494,0.10256868600845337,0.8974313139915466
hofstra,texas-am,Hofstra,Texas A&M,13,10,54,62,0.10500946640968323,0.8930108547210693,0.10599930584430695,0.894000694155693
hofstra,houston,Hofstra,Houston,13,2,54,63,0.030738426372408867,0.9521037340164185,0.039317346177995205,0.9606826538220048
hofstra,idaho,Hofstra,Idaho,13,15,54,64,0.6784505248069763,0.28741711378097534,0.6955167055130005,0.3044832944869995
hofstra,kentucky,Hofstra,Kentucky,13,7,54,65,0.1761481761932373,0.8877277970314026,0.14421018958091736,0.8557898104190826
hofstra,santa-clara,Hofstra,Santa Clara,13,10,54,66,0.28718113899230957,0.6744099855422974,0.3063855767250061,0.6936144232749939
hofstra,iowa-state,Hofstra,Iowa State,13,2,54,67,0.04827963560819626,0.934881329536438,0.056699153035879135,0.9433008469641209
hofstra,tennessee-state,Hofstra,Tennessee State,13,15,54,68,0.6286541819572449,0.3583221733570099,0.6351660043001175,0.3648339956998825
virginia-commonwealth,tennessee,Virginia Commonwealth,Tennessee,11,6,55,56,0.2172824591398239,0.7720012664794922,0.22264059633016586,0.7773594036698341
virginia-commonwealth,illinois,Virginia Commonwealth,Illinois,11,3,55,57,0.177743598818779,0.7872560024261475,0.19524379819631577,0.8047562018036842
virginia-commonwealth,virginia,Virginia Commonwealth,Virginia,11,3,55,58,0.29501765966415405,0.6499600410461426,0.32252880930900574,0.6774711906909943
virginia-commonwealth,pennsylvania,Virginia Commonwealth,Pennsylvania,11,14,55,59,0.8783547282218933,0.09569123387336731,0.891331747174263,0.108668252825737
virginia-commonwealth,wright-state,Virginia Commonwealth,Wright State,11,14,55,60,0.8152084946632385,0.17449478805065155,0.8203568533062935,0.1796431466937065
virginia-commonwealth,saint-marys-ca,Virginia Commonwealth,Saint Mary's (CA),11,7,55,61,0.30736425518989563,0.6912695169448853,0.3080473691225052,0.6919526308774948
virginia-commonwealth,texas-am,Virginia Commonwealth,Texas A&M,11,10,55,62,0.3069568872451782,0.6655524373054504,0.3207022249698639,0.6792977750301361
virginia-commonwealth,houston,Virginia Commonwealth,Houston,11,2,55,63,0.11811406165361404,0.8610619306564331,0.12852606549859047,0.8714739345014095
virginia-commonwealth,idaho,Virginia Commonwealth,Idaho,11,15,55,64,0.8992969989776611,0.12403804808855057,0.8876294754445553,0.11237052455544472
virginia-commonwealth,kentucky,Virginia Commonwealth,Kentucky,11,7,55,65,0.2801508605480194,0.7461902499198914,0.266980305314064,0.733019694685936
virginia-commonwealth,santa-clara,Virginia Commonwealth,Santa Clara,11,10,55,66,0.3924327492713928,0.6256571412086487,0.38338780403137207,0.6166121959686279
virginia-commonwealth,iowa-state,Virginia Commonwealth,Iowa State,11,2,55,67,0.19631457328796387,0.7929157018661499,0.20169943571090698,0.798300564289093
virginia-commonwealth,tennessee-state,Virginia Commonwealth,Tennessee State,11,15,55,68,0.8849541544914246,0.12067382037639618,0.8821401670575142,0.11785983294248581
tennessee,illinois,Tennessee,Illinois,6,3,56,57,0.4294377565383911,0.5580469965934753,0.4356953799724579,0.5643046200275421
tennessee,virginia,Tennessee,Virginia,6,3,56,58,0.6388586759567261,0.33385300636291504,0.6525028347969055,0.3474971652030945
tennessee,pennsylvania,Tennessee,Pennsylvania,6,14,56,59,0.9700835347175598,0.024922657757997513,0.9725804384797812,0.02741956152021885
tennessee,wright-state,Tennessee,Wright State,6,14,56,60,0.948083758354187,0.02701631374657154,0.9605337223038077,0.039466277696192265
tennessee,saint-marys-ca,Tennessee,Saint Mary's (CA),6,7,56,61,0.6133787035942078,0.3451433479785919,0.6341176778078079,0.3658823221921921
tennessee,texas-am,Tennessee,Texas A&M,6,10,56,62,0.665618360042572,0.34272241592407227,0.6614479720592499,0.3385520279407501
tennessee,houston,Tennessee,Houston,6,2,56,63,0.38641345500946045,0.6121570467948914,0.38712820410728455,0.6128717958927155
tennessee,idaho,Tennessee,Idaho,6,15,56,64,0.9612547755241394,0.02225947193801403,0.9694976517930627,0.030502348206937313
tennessee,kentucky,Tennessee,Kentucky,6,7,56,65,0.5978712439537048,0.3757586181163788,0.611056312918663,0.388943687081337
tennessee,santa-clara,Tennessee,Santa Clara,6,10,56,66,0.7359070777893066,0.24789194762706757,0.7440075650811195,0.25599243491888046
tennessee,iowa-state,Tennessee,Iowa State,6,2,56,67,0.4270865321159363,0.5472385883331299,0.4399239718914032,0.5600760281085968
tennessee,tennessee-state,Tennessee,Tennessee State,6,15,56,68,0.9453334212303162,0.04065508022904396,0.9523391705006361,0.0476608294993639
illinois,virginia,Illinois,Virginia,3,3,57,58,0.6858524084091187,0.3126832842826843,0.6865845620632172,0.31341543793678284
illinois,pennsylvania,Illinois,Pennsylvania,3,14,57,59,0.973558783531189,0.024073699489235878,0.9747425420209765,0.025257457979023457
illinois,wright-state,Illinois,Wright State,3,14,57,60,0.9624404907226562,0.027863042429089546,0.9672887241467834,0.03271127585321665
illinois,saint-marys-ca,Illinois,Saint Mary's (CA),3,7,57,61,0.5963428616523743,0.3974675238132477,0.5994376689195633,0.4005623310804367
illinois,texas-am,Illinois,Texas A&M,3,10,57,62,0.8020440340042114,0.1976213902235031,0.8022113218903542,0.19778867810964584
illinois,houston,Illinois,Houston,3,2,57,63,0.520447313785553,0.4306756556034088,0.5448858290910721,0.4551141709089279
illinois,idaho,Illinois,Idaho,3,15,57,64,0.9791514873504639,0.02234073542058468,0.9784053759649396,0.021594624035060406
illinois,kentucky,Illinois,Kentucky,3,7,57,65,0.7284170985221863,0.2643904387950897,0.7320133298635483,0.2679866701364517
illinois,santa-clara,Illinois,Santa Clara,3,10,57,66,0.7412410378456116,0.2702194154262543,0.7355108112096786,0.26448918879032135
illinois,iowa-state,Illinois,Iowa State,3,2,57,67,0.6098810434341431,0.3401325047016144,0.6348742693662643,0.36512573063373566
illinois,tennessee-state,Illinois,Tennessee State,3,15,57,68,0.9718701839447021,0.034875042736530304,0.9684975706040859,0.03150242939591408
virginia,pennsylvania,Virginia,Pennsylvania,3,14,58,59,0.9152697324752808,0.05838475748896599,0.9284424874931574,0.07155751250684261
virginia,wright-state,Virginia,Wright State,3,14,58,60,0.8949700593948364,0.09067894518375397,0.9021455571055412,0.09785444289445877
virginia,saint-marys-ca,Virginia,Saint Mary's (CA),3,7,58,61,0.4922572076320648,0.5252423882484436,0.4835074096918106,0.5164925903081894
virginia,texas-am,Virginia,Texas A&M,3,10,58,62,0.6875017881393433,0.3169345557689667,0.6852836161851883,0.3147163838148117
virginia,houston,Virginia,Houston,3,2,58,63,0.2657318115234375,0.7851018905639648,0.24031496047973633,0.7596850395202637
virginia,idaho,Virginia,Idaho,3,15,58,64,0.9192705750465393,0.06776076555252075,0.9257549047470093,0.07424509525299072
virginia,kentucky,Virginia,Kentucky,3,7,58,65,0.46020254492759705,0.4536135494709015,0.5032944977283478,0.4967055022716522
virginia,santa-clara,Virginia,Santa Clara,3,10,58,66,0.5842981338500977,0.4298795759677887,0.5772092789411545,0.4227907210588455
virginia,iowa-state,Virginia,Iowa State,3,2,58,67,0.32293981313705444,0.6539131999015808,0.3345133066177368,0.6654866933822632
virginia,tennessee-state,Virginia,Tennessee State,3,15,58,68,0.9460604190826416,0.061380401253700256,0.9423400089144707,0.05765999108552933
pennsylvania,wright-state,Pennsylvania,Wright State,14,14,59,60,0.4545137286186218,0.5360886454582214,0.4592125415802002,0.5407874584197998
pennsylvania,saint-marys-ca,Pennsylvania,Saint Mary's (CA),14,7,59,61,0.029742270708084106,0.9549033045768738,0.037419483065605164,0.9625805169343948
pennsylvania,texas-am,Pennsylvania,Texas A&M,14,10,59,62,0.05441237986087799,0.9528539776802063,0.050779201090335846,0.9492207989096642
pennsylvania,houston,Pennsylvania,Houston,14,2,59,63,0.016453923657536507,0.9853904247283936,0.015531749464571476,0.9844682505354285
pennsylvania,idaho,Pennsylvania,Idaho,14,15,59,64,0.5195122957229614,0.5052885413169861,0.5071118772029877,0.49288812279701233
pennsylvania,kentucky,Pennsylvania,Kentucky,14,7,59,65,0.038797665387392044,0.9483116865158081,0.04524298943579197,0.954757010564208
pennsylvania,santa-clara,Pennsylvania,Santa Clara,14,10,59,66,0.09060276299715042,0.8788946270942688,0.10585406795144081,0.8941459320485592
pennsylvania,iowa-state,Pennsylvania,Iowa State,14,2,59,67,0.02164520137012005,0.9739406108856201,0.023852295242249966,0.97614770475775
pennsylvania,tennessee-state,Pennsylvania,Tennessee State,14,15,59,68,0.4723111093044281,0.5014663338661194,0.48542238771915436,0.5145776122808456
wright-state,saint-marys-ca,Wright State,Saint Mary's (CA),14,7,60,61,0.04432040825486183,0.9555073976516724,0.044406505301594734,0.9555934946984053
wright-state,texas-am,Wright State,Texas A&M,14,10,60,62,0.06862302124500275,0.9436599016189575,0.062481559813022614,0.9375184401869774
wright-state,houston,Wright State,Houston,14,2,60,63,0.025123033672571182,0.9644833207130432,0.030319856479763985,0.969680143520236
wright-state,idaho,Wright State,Idaho,14,15,60,64,0.5574961304664612,0.44783663749694824,0.5548297464847565,0.44517025351524353
wright-state,kentucky,Wright State,Kentucky,14,7,60,65,0.04124904051423073,0.9317606687545776,0.054744185879826546,0.9452558141201735
wright-state,santa-clara,Wright State,Santa Clara,14,10,60,66,0.12401371449232101,0.8710647821426392,0.12647446617484093,0.8735255338251591
wright-state,iowa-state,Wright State,Iowa State,14,2,60,67,0.022343115881085396,0.9582383036613464,0.03205240610986948,0.9679475938901305
wright-state,tennessee-state,Wright State,Tennessee State,14,15,60,68,0.5195299386978149,0.3985086977481842,0.5605106204748154,0.43948937952518463
saint-marys-ca,texas-am,Saint Mary's (CA),Texas A&M,7,10,61,62,0.5306041240692139,0.491388201713562,0.5196079611778259,0.4803920388221741
saint-marys-ca,houston,Saint Mary's (CA),Houston,7,2,61,63,0.3434174656867981,0.6500093340873718,0.34670406579971313,0.6532959342002869
saint-marys-ca,idaho,Saint Mary's (CA),Idaho,7,15,61,64,0.9545244574546814,0.034758590161800385,0.9598829336464405,0.040117066353559494
saint-marys-ca,kentucky,Saint Mary's (CA),Kentucky,7,7,61,65,0.421138197183609,0.5874885320663452,0.4168248325586319,0.5831751674413681
saint-marys-ca,santa-clara,Saint Mary's (CA),Santa Clara,7,10,61,66,0.6091626286506653,0.36624544858932495,0.6214585900306702,0.37854140996932983
saint-marys-ca,iowa-state,Saint Mary's (CA),Iowa State,7,2,61,67,0.40695372223854065,0.6117875576019287,0.39758308231830597,0.602416917681694
saint-marys-ca,tennessee-state,Saint Mary's (CA),Tennessee State,7,15,61,68,0.9708959460258484,0.028073018416762352,0.971411463804543,0.02858853619545698
texas-am,houston,Texas A&M,Houston,10,2,62,63,0.1792428344488144,0.7970828413963318,0.1910799965262413,0.8089200034737587
texas-am,idaho,Texas A&M,Idaho,10,15,62,64,0.9427543878555298,0.04210319742560387,0.950325595214963,0.04967440478503704
texas-am,kentucky,Texas A&M,Kentucky,10,7,62,65,0.4598069190979004,0.5345762968063354,0.46261531114578247,0.5373846888542175
texas-am,santa-clara,Texas A&M,Santa Clara,10,10,62,66,0.5902084112167358,0.45193490386009216,0.5691367536783218,0.43086324632167816
texas-am,iowa-state,Texas A&M,Iowa State,10,2,62,67,0.2559380829334259,0.7140070199966431,0.2709655314683914,0.7290344685316086
texas-am,tennessee-state,Texas A&M,Tennessee State,10,15,62,68,0.9504000544548035,0.04035956412553787,0.9550202451646328,0.0449797548353672
houston,idaho,Houston,Idaho,2,15,63,64,0.9836892485618591,0.018431395292282104,0.9826289266347885,0.017371073365211487
houston,kentucky,Houston,Kentucky,2,7,63,65,0.7263826131820679,0.2517874240875244,0.7372975945472717,0.26270240545272827
houston,santa-clara,Houston,Santa Clara,2,10,63,66,0.79191654920578,0.17064286768436432,0.8106368407607079,0.18936315923929214
houston,iowa-state,Houston,Iowa State,2,2,63,67,0.46280035376548767,0.5021809339523315,0.48030970990657806,0.5196902900934219
houston,tennessee-state,Houston,Tennessee State,2,15,63,68,0.9761232733726501,0.02442205511033535,0.9758506091311574,0.024149390868842602
idaho,kentucky,Idaho,Kentucky,15,7,64,65,0.03422677889466286,0.9473569393157959,0.04343491978943348,0.9565650802105665
idaho,santa-clara,Idaho,Santa Clara,15,10,64,66,0.08637242019176483,0.9129282236099243,0.08672209829092026,0.9132779017090797
idaho,iowa-state,Idaho,Iowa State,15,2,64,67,0.025350285694003105,0.9632660150527954,0.031042135320603848,0.9689578646793962
idaho,tennessee-state,Idaho,Tennessee State,15,15,64,68,0.46554329991340637,0.5342296957969666,0.4656568020582199,0.5343431979417801
kentucky,santa-clara,Kentucky,Santa Clara,7,10,65,66,0.6149773001670837,0.3792926073074341,0.6178423464298248,0.38215765357017517
kentucky,iowa-state,Kentucky,Iowa State,7,2,65,67,0.282387375831604,0.6745830178260803,0.30390217900276184,0.6960978209972382
kentucky,tennessee-state,Kentucky,Tennessee State,7,15,65,68,0.9154589176177979,0.04641210660338402,0.9345234055072069,0.06547659449279308
santa-clara,iowa-state,Santa Clara,Iowa State,10,2,66,67,0.30205193161964417,0.7247768640518188,0.28863753378391266,0.7113624662160873
santa-clara,tennessee-state,Santa Clara,Tennessee State,10,15,66,68,0.9252367615699768,0.07921919226646423,0.9230087846517563,0.07699121534824371
iowa-state,tennessee-state,Iowa State,Tennessee State,2,15,67,68,0.9738828539848328,0.024142323061823845,0.9748702654615045,0.02512973453849554
