team_a,team_b,raw_prob_team_a_beats_team_b,team_a_name,team_b_name,seed_a,seed_b,field_order_a,field_order_b
akron,alabama,0.09857221,Akron,Alabama,12,4,49,51
akron,arizona,0.037705492,Akron,Arizona,12,1,49,10
akron,arkansas,0.15524507,Akron,Arkansas,12,4,49,22
akron,brigham-young,0.14267972,Akron,Brigham Young,12,6,49,27
akron,california-baptist,0.6987383,Akron,California Baptist,12,13,49,23
akron,central-florida,0.2304148,Akron,UCF,12,10,49,34
akron,clemson,0.29639617,Akron,Clemson,12,8,49,42
akron,connecticut,0.17640084,Akron,Connecticut,12,2,49,35
akron,duke,0.021662349,Akron,Duke,12,1,49,9
akron,florida,0.028505243,Akron,Florida,12,1,49,40
akron,furman,0.7797588,Akron,Furman,12,15,49,38
akron,georgia,0.23402439,Akron,Georgia,12,8,49,43
akron,gonzaga,0.09624874,Akron,Gonzaga,12,3,49,29
akron,hawaii,0.65575254,Akron,Hawaii,12,13,49,25
akron,high-point,0.4336514,Akron,High Point,12,12,49,20
akron,hofstra,0.5866731,Akron,Hofstra,12,13,49,54
akron,houston,0.044486865,Akron,Houston,12,2,49,63
akron,howard,0.7068657,Akron,Howard,12,16,49,2
akron,idaho,0.73920846,Akron,Idaho,12,15,49,64
akron,illinois,0.06766076,Akron,Illinois,12,3,49,57
akron,iowa,0.28447443,Akron,Iowa,12,9,49,44
akron,iowa-state,0.06745978,Akron,Iowa State,12,2,49,67
akron,kansas,0.15884691,Akron,Kansas,12,4,49,21
akron,kennesaw-state,0.66205317,Akron,Kennesaw State,12,14,49,31
akron,kentucky,0.1349216,Akron,Kentucky,12,7,49,65
akron,lehigh,0.90736395,Akron,Lehigh,12,16,49,6
akron,long-island-university,0.8206881,Akron,Long Island University,12,16,49,12
akron,louisville,0.14161988,Akron,Louisville,12,6,49,24
akron,maryland-baltimore-county,0.74970144,Akron,Maryland-Baltimore County,12,16,49,1
akron,mcneese-state,0.4259659,Akron,McNeese State,12,12,49,48
akron,miami-fl,0.3031523,Akron,Miami (FL),12,7,49,33
akron,miami-oh,0.5912881,Akron,Miami (OH),12,11,49,5
akron,michigan,0.055549476,Akron,Michigan,12,1,49,41
akron,michigan-state,0.07868062,Akron,Michigan State,12,3,49,28
akron,missouri,0.34281215,Akron,Missouri,12,10,49,36
akron,nebraska,0.18304203,Akron,Nebraska,12,4,49,50
akron,north-carolina,0.14989862,Akron,North Carolina,12,6,49,53
akron,north-carolina-state,0.329834,Akron,NC State,12,11,49,8
akron,north-dakota-state,0.5536434,Akron,North Dakota State,12,14,49,30
akron,northern-iowa,0.5375799,Akron,Northern Iowa,12,12,49,19
akron,ohio-state,0.22901317,Akron,Ohio State,12,8,49,13
akron,pennsylvania,0.7164942,Akron,Pennsylvania,12,14,49,59
akron,prairie-view,0.9534769,Akron,Prairie View,12,16,49,4
akron,purdue,0.08077673,Akron,Purdue,12,2,49,37
akron,queens-nc,0.77313566,Akron,Queens (NC),12,15,49,39
akron,saint-louis,0.38118267,Akron,Saint Louis,12,9,49,45
akron,saint-marys-ca,0.17550819,Akron,Saint Mary's (CA),12,7,49,61
akron,santa-clara,0.30135068,Akron,Santa Clara,12,10,49,66
akron,siena,0.8050481,Akron,Siena,12,16,49,11
akron,south-florida,0.40797812,Akron,South Florida,12,11,49,26
akron,southern-methodist,0.29872683,Akron,Southern Methodist,12,11,49,7
akron,st-johns-ny,0.1268127,Akron,St. John's (NY),12,5,49,17
akron,tennessee,0.074527256,Akron,Tennessee,12,6,49,56
akron,tennessee-state,0.6609974,Akron,Tennessee State,12,15,49,68
akron,texas,0.18450508,Akron,Texas,12,11,49,3
akron,texas-am,0.12810019,Akron,Texas A&M,12,10,49,62
akron,texas-christian,0.23454425,Akron,TCU,12,9,49,15
akron,texas-tech,0.1258111,Akron,Texas Tech,12,5,49,47
akron,troy,0.65599436,Akron,Troy,12,13,49,52
akron,ucla,0.13134429,Akron,UCLA,12,7,49,32
akron,utah-state,0.25837517,Akron,Utah State,12,9,49,16
akron,vanderbilt,0.14368652,Akron,Vanderbilt,12,5,49,46
akron,villanova,0.28533527,Akron,Villanova,12,8,49,14
akron,virginia,0.24101943,Akron,Virginia,12,3,49,58
akron,virginia-commonwealth,0.39891416,Akron,Virginia Commonwealth,12,11,49,55
akron,wisconsin,0.10231377,Akron,Wisconsin,12,5,49,18
akron,wright-state,0.67096215,Akron,Wright State,12,14,49,60
alabama,akron,0.90285516,Alabama,Akron,4,12,51,49
alabama,arizona,0.27786902,Alabama,Arizona,4,1,51,10
alabama,arkansas,0.54796636,Alabama,Arkansas,4,4,51,22
alabama,brigham-young,0.6282312,Alabama,Brigham Young,4,6,51,27
alabama,california-baptist,0.93264985,Alabama,California Baptist,4,13,51,23
alabama,central-florida,0.81265914,Alabama,UCF,4,10,51,34
alabama,clemson,0.7162211,Alabama,Clemson,4,8,51,42
alabama,connecticut,0.5431757,Alabama,Connecticut,4,2,51,35
alabama,duke,0.18257527,Alabama,Duke,4,1,51,9
alabama,florida,0.27028853,Alabama,Florida,4,1,51,40
alabama,furman,0.97105736,Alabama,Furman,4,15,51,38
alabama,georgia,0.60679126,Alabama,Georgia,4,8,51,43
alabama,gonzaga,0.63261604,Alabama,Gonzaga,4,3,51,29
alabama,hawaii,0.9535725,Alabama,Hawaii,4,13,51,25
alabama,high-point,0.87307334,Alabama,High Point,4,12,51,20
alabama,hofstra,0.90728724,Alabama,Hofstra,4,13,51,54
alabama,houston,0.4062338,Alabama,Houston,4,2,51,63
alabama,howard,0.92750156,Alabama,Howard,4,16,51,2
alabama,idaho,0.9600085,Alabama,Idaho,4,15,51,64
alabama,illinois,0.3418636,Alabama,Illinois,4,3,51,57
alabama,iowa,0.67829907,Alabama,Iowa,4,9,51,44
alabama,iowa-state,0.4210396,Alabama,Iowa State,4,2,51,67
alabama,kansas,0.5493038,Alabama,Kansas,4,4,51,21
alabama,kennesaw-state,0.9416614,Alabama,Kennesaw State,4,14,51,31
alabama,kentucky,0.60764533,Alabama,Kentucky,4,7,51,65
alabama,lehigh,0.9794571,Alabama,Lehigh,4,16,51,6
alabama,long-island-university,0.9525752,Alabama,Long Island University,4,16,51,12
alabama,louisville,0.632808,Alabama,Louisville,4,6,51,24
alabama,maryland-baltimore-county,0.94679964,Alabama,Maryland-Baltimore County,4,16,51,1
alabama,mcneese-state,0.80117744,Alabama,McNeese State,4,12,51,48
alabama,miami-fl,0.7512262,Alabama,Miami (FL),4,7,51,33
alabama,miami-oh,0.9559262,Alabama,Miami (OH),4,11,51,5
alabama,michigan,0.2833713,Alabama,Michigan,4,1,51,41
alabama,michigan-state,0.47139618,Alabama,Michigan State,4,3,51,28
alabama,missouri,0.72929275,Alabama,Missouri,4,10,51,36
alabama,nebraska,0.6036124,Alabama,Nebraska,4,4,51,50
alabama,north-carolina,0.6462876,Alabama,North Carolina,4,6,51,53
alabama,north-carolina-state,0.82976526,Alabama,NC State,4,11,51,8
alabama,north-dakota-state,0.9489942,Alabama,North Dakota State,4,14,51,30
alabama,northern-iowa,0.92989653,Alabama,Northern Iowa,4,12,51,19
alabama,ohio-state,0.6313193,Alabama,Ohio State,4,8,51,13
alabama,pennsylvania,0.9606416,Alabama,Pennsylvania,4,14,51,59
alabama,prairie-view,0.9720293,Alabama,Prairie View,4,16,51,4
alabama,purdue,0.43027204,Alabama,Purdue,4,2,51,37
alabama,queens-nc,0.97475535,Alabama,Queens (NC),4,15,51,39
alabama,saint-louis,0.84984744,Alabama,Saint Louis,4,9,51,45
alabama,saint-marys-ca,0.6073499,Alabama,Saint Mary's (CA),4,7,51,61
alabama,santa-clara,0.75523186,Alabama,Santa Clara,4,10,51,66
alabama,siena,0.9725664,Alabama,Siena,4,16,51,11
alabama,south-florida,0.8591748,Alabama,South Florida,4,11,51,26
alabama,southern-methodist,0.7754944,Alabama,Southern Methodist,4,11,51,7
alabama,st-johns-ny,0.5276682,Alabama,St. John's (NY),4,5,51,17
alabama,tennessee,0.45688918,Alabama,Tennessee,4,6,51,56
alabama,tennessee-state,0.9264641,Alabama,Tennessee State,4,15,51,68
alabama,texas,0.7218481,Alabama,Texas,4,11,51,3
alabama,texas-am,0.6731894,Alabama,Texas A&M,4,10,51,62
alabama,texas-christian,0.64912254,Alabama,TCU,4,9,51,15
alabama,texas-tech,0.48928195,Alabama,Texas Tech,4,5,51,47
alabama,troy,0.93205667,Alabama,Troy,4,13,51,52
alabama,ucla,0.5911423,Alabama,UCLA,4,7,51,32
alabama,utah-state,0.71815896,Alabama,Utah State,4,9,51,16
alabama,vanderbilt,0.5685876,Alabama,Vanderbilt,4,5,51,46
alabama,villanova,0.7593907,Alabama,Villanova,4,8,51,14
alabama,virginia,0.642562,Alabama,Virginia,4,3,51,58
alabama,virginia-commonwealth,0.8316191,Alabama,Virginia Commonwealth,4,11,51,55
alabama,wisconsin,0.5318412,Alabama,Wisconsin,4,5,51,18
alabama,wright-state,0.9014758,Alabama,Wright State,4,14,51,60
arizona,akron,0.94249046,Arizona,Akron,1,12,10,49
arizona,alabama,0.6949219,Arizona,Alabama,1,4,10,51
arizona,arkansas,0.71046114,Arizona,Arkansas,1,4,10,22
arizona,brigham-young,0.7275607,Arizona,Brigham Young,1,6,10,27
arizona,california-baptist,0.9734301,Arizona,California Baptist,1,13,10,23
arizona,central-florida,0.9458939,Arizona,UCF,1,10,10,34
arizona,clemson,0.8045412,Arizona,Clemson,1,8,10,42
arizona,connecticut,0.63634014,Arizona,Connecticut,1,2,10,35
arizona,duke,0.3982557,Arizona,Duke,1,1,10,9
arizona,florida,0.4239048,Arizona,Florida,1,1,10,40
arizona,furman,0.97822714,Arizona,Furman,1,15,10,38
arizona,georgia,0.78606313,Arizona,Georgia,1,8,10,43
arizona,gonzaga,0.5284995,Arizona,Gonzaga,1,3,10,29
arizona,hawaii,0.97100013,Arizona,Hawaii,1,13,10,25
arizona,high-point,0.8724113,Arizona,High Point,1,12,10,20
arizona,hofstra,0.9342201,Arizona,Hofstra,1,13,10,54
arizona,houston,0.5390722,Arizona,Houston,1,2,10,63
arizona,howard,0.95813674,Arizona,Howard,1,16,10,2
arizona,idaho,0.9827324,Arizona,Idaho,1,15,10,64
arizona,illinois,0.5577554,Arizona,Illinois,1,3,10,57
arizona,iowa,0.716026,Arizona,Iowa,1,9,10,44
arizona,iowa-state,0.5874582,Arizona,Iowa State,1,2,10,67
arizona,kansas,0.78955644,Arizona,Kansas,1,4,10,21
arizona,kennesaw-state,0.9759269,Arizona,Kennesaw State,1,14,10,31
arizona,kentucky,0.80121773,Arizona,Kentucky,1,7,10,65
arizona,lehigh,0.98607314,Arizona,Lehigh,1,16,10,6
arizona,long-island-university,0.9618729,Arizona,Long Island University,1,16,10,12
arizona,louisville,0.7068319,Arizona,Louisville,1,6,10,24
arizona,maryland-baltimore-county,0.9664582,Arizona,Maryland-Baltimore County,1,16,10,1
arizona,mcneese-state,0.90396535,Arizona,McNeese State,1,12,10,48
arizona,miami-fl,0.87005866,Arizona,Miami (FL),1,7,10,33
arizona,miami-oh,0.9708708,Arizona,Miami (OH),1,11,10,5
arizona,michigan,0.47254983,Arizona,Michigan,1,1,10,41
arizona,michigan-state,0.6413293,Arizona,Michigan State,1,3,10,28
arizona,missouri,0.87751377,Arizona,Missouri,1,10,10,36
arizona,nebraska,0.72560245,Arizona,Nebraska,1,4,10,50
arizona,north-carolina,0.7644823,Arizona,North Carolina,1,6,10,53
arizona,north-carolina-state,0.867541,Arizona,NC State,1,11,10,8
arizona,north-dakota-state,0.95779467,Arizona,North Dakota State,1,14,10,30
arizona,northern-iowa,0.91523284,Arizona,Northern Iowa,1,12,10,19
arizona,ohio-state,0.8003803,Arizona,Ohio State,1,8,10,13
arizona,pennsylvania,0.9726815,Arizona,Pennsylvania,1,14,10,59
arizona,prairie-view,0.983575,Arizona,Prairie View,1,16,10,4
arizona,purdue,0.59210086,Arizona,Purdue,1,2,10,37
arizona,queens-nc,0.9847231,Arizona,Queens (NC),1,15,10,39
arizona,saint-louis,0.89505446,Arizona,Saint Louis,1,9,10,45
arizona,saint-marys-ca,0.69473034,Arizona,Saint Mary's (CA),1,7,10,61
arizona,santa-clara,0.77758986,Arizona,Santa Clara,1,10,10,66
arizona,siena,0.98431116,Arizona,Siena,1,16,10,11
arizona,south-florida,0.9345813,Arizona,South Florida,1,11,10,26
arizona,southern-methodist,0.8577891,Arizona,Southern Methodist,1,11,10,7
arizona,st-johns-ny,0.69166905,Arizona,St. John's (NY),1,5,10,17
arizona,tennessee,0.6400123,Arizona,Tennessee,1,6,10,56
arizona,tennessee-state,0.96824104,Arizona,Tennessee State,1,15,10,68
arizona,texas,0.79473597,Arizona,Texas,1,11,10,3
arizona,texas-am,0.81072885,Arizona,Texas A&M,1,10,10,62
arizona,texas-christian,0.8252684,Arizona,TCU,1,9,10,15
arizona,texas-tech,0.7000541,Arizona,Texas Tech,1,5,10,47
arizona,troy,0.9766371,Arizona,Troy,1,13,10,52
arizona,ucla,0.7239015,Arizona,UCLA,1,7,10,32
arizona,utah-state,0.7699942,Arizona,Utah State,1,9,10,16
arizona,vanderbilt,0.620382,Arizona,Vanderbilt,1,5,10,46
arizona,villanova,0.84588075,Arizona,Villanova,1,8,10,14
arizona,virginia,0.7189095,Arizona,Virginia,1,3,10,58
arizona,virginia-commonwealth,0.85968935,Arizona,Virginia Commonwealth,1,11,10,55
arizona,wisconsin,0.7312984,Arizona,Wisconsin,1,5,10,18
arizona,wright-state,0.972002,Arizona,Wright State,1,14,10,60
arkansas,akron,0.8194128,Arkansas,Akron,4,12,22,49
arkansas,alabama,0.4413056,Arkansas,Alabama,4,4,22,51
arkansas,arizona,0.22086905,Arkansas,Arizona,4,1,22,10
arkansas,brigham-young,0.6144008,Arkansas,Brigham Young,4,6,22,27
arkansas,california-baptist,0.92479426,Arkansas,California Baptist,4,13,22,23
arkansas,central-florida,0.7090464,Arkansas,UCF,4,10,22,34
arkansas,clemson,0.6110926,Arkansas,Clemson,4,8,22,42
arkansas,connecticut,0.4032138,Arkansas,Connecticut,4,2,22,35
arkansas,duke,0.12718572,Arkansas,Duke,4,1,22,9
arkansas,florida,0.20699427,Arkansas,Florida,4,1,22,40
arkansas,furman,0.9475068,Arkansas,Furman,4,15,22,38
arkansas,georgia,0.546742,Arkansas,Georgia,4,8,22,43
arkansas,gonzaga,0.3833205,Arkansas,Gonzaga,4,3,22,29
arkansas,hawaii,0.9089861,Arkansas,Hawaii,4,13,22,25
arkansas,high-point,0.8272691,Arkansas,High Point,4,12,22,20
arkansas,hofstra,0.85266,Arkansas,Hofstra,4,13,22,54
arkansas,houston,0.35088173,Arkansas,Houston,4,2,22,63
arkansas,howard,0.937224,Arkansas,Howard,4,16,22,2
arkansas,idaho,0.9583864,Arkansas,Idaho,4,15,22,64
arkansas,illinois,0.29537132,Arkansas,Illinois,4,3,22,57
arkansas,iowa,0.58901215,Arkansas,Iowa,4,9,22,44
arkansas,iowa-state,0.37251195,Arkansas,Iowa State,4,2,22,67
arkansas,kansas,0.5088336,Arkansas,Kansas,4,4,22,21
arkansas,kennesaw-state,0.8581098,Arkansas,Kennesaw State,4,14,22,31
arkansas,kentucky,0.57741857,Arkansas,Kentucky,4,7,22,65
arkansas,lehigh,0.97850627,Arkansas,Lehigh,4,16,22,6
arkansas,long-island-university,0.92778355,Arkansas,Long Island University,4,16,22,12
arkansas,louisville,0.5082679,Arkansas,Louisville,4,6,22,24
arkansas,maryland-baltimore-county,0.9472791,Arkansas,Maryland-Baltimore County,4,16,22,1
arkansas,mcneese-state,0.66096747,Arkansas,McNeese State,4,12,22,48
arkansas,miami-fl,0.538423,Arkansas,Miami (FL),4,7,22,33
arkansas,miami-oh,0.9339398,Arkansas,Miami (OH),4,11,22,5
arkansas,michigan,0.22902276,Arkansas,Michigan,4,1,22,41
arkansas,michigan-state,0.38315916,Arkansas,Michigan State,4,3,22,28
arkansas,missouri,0.7059681,Arkansas,Missouri,4,10,22,36
arkansas,nebraska,0.49255735,Arkansas,Nebraska,4,4,22,50
arkansas,north-carolina,0.58727956,Arkansas,North Carolina,4,6,22,53
arkansas,north-carolina-state,0.72592276,Arkansas,NC State,4,11,22,8
arkansas,north-dakota-state,0.8852363,Arkansas,North Dakota State,4,14,22,30
arkansas,northern-iowa,0.8031735,Arkansas,Northern Iowa,4,12,22,19
arkansas,ohio-state,0.5764295,Arkansas,Ohio State,4,8,22,13
arkansas,pennsylvania,0.9649836,Arkansas,Pennsylvania,4,14,22,59
arkansas,prairie-view,0.9728958,Arkansas,Prairie View,4,16,22,4
arkansas,purdue,0.34721404,Arkansas,Purdue,4,2,22,37
arkansas,queens-nc,0.9771738,Arkansas,Queens (NC),4,15,22,39
arkansas,saint-louis,0.7207629,Arkansas,Saint Louis,4,9,22,45
arkansas,saint-marys-ca,0.44030884,Arkansas,Saint Mary's (CA),4,7,22,61
arkansas,santa-clara,0.5816637,Arkansas,Santa Clara,4,10,22,66
arkansas,siena,0.96321833,Arkansas,Siena,4,16,22,11
arkansas,south-florida,0.8118397,Arkansas,South Florida,4,11,22,26
arkansas,southern-methodist,0.656924,Arkansas,Southern Methodist,4,11,22,7
arkansas,st-johns-ny,0.4547657,Arkansas,St. John's (NY),4,5,22,17
arkansas,tennessee,0.39839047,Arkansas,Tennessee,4,6,22,56
arkansas,tennessee-state,0.9124334,Arkansas,Tennessee State,4,15,22,68
arkansas,texas,0.629688,Arkansas,Texas,4,11,22,3
arkansas,texas-am,0.6380469,Arkansas,Texas A&M,4,10,22,62
arkansas,texas-christian,0.59246516,Arkansas,TCU,4,9,22,15
arkansas,texas-tech,0.4423716,Arkansas,Texas Tech,4,5,22,47
arkansas,troy,0.8310817,Arkansas,Troy,4,13,22,52
arkansas,ucla,0.5385022,Arkansas,UCLA,4,7,22,32
arkansas,utah-state,0.60700756,Arkansas,Utah State,4,9,22,16
arkansas,vanderbilt,0.45550394,Arkansas,Vanderbilt,4,5,22,46
arkansas,villanova,0.64750606,Arkansas,Villanova,4,8,22,14
arkansas,virginia,0.43631592,Arkansas,Virginia,4,3,22,58
arkansas,virginia-commonwealth,0.7069462,Arkansas,Virginia Commonwealth,4,11,22,55
arkansas,wisconsin,0.46059573,Arkansas,Wisconsin,4,5,22,18
arkansas,wright-state,0.9214994,Arkansas,Wright State,4,14,22,60
brigham-young,akron,0.80965006,Brigham Young,Akron,6,12,27,49
brigham-young,alabama,0.3694953,Brigham Young,Alabama,6,4,27,51
brigham-young,arizona,0.25710255,Brigham Young,Arizona,6,1,27,10
brigham-young,arkansas,0.38883147,Brigham Young,Arkansas,6,4,27,22
brigham-young,california-baptist,0.8277056,Brigham Young,California Baptist,6,13,27,23
brigham-young,central-florida,0.6715062,Brigham Young,UCF,6,10,27,34
brigham-young,clemson,0.5339144,Brigham Young,Clemson,6,8,27,42
brigham-young,connecticut,0.49201703,Brigham Young,Connecticut,6,2,27,35
brigham-young,duke,0.15245345,Brigham Young,Duke,6,1,27,9
brigham-young,florida,0.2330143,Brigham Young,Florida,6,1,27,40
brigham-young,furman,0.93414164,Brigham Young,Furman,6,15,27,38
brigham-young,georgia,0.49177942,Brigham Young,Georgia,6,8,27,43
brigham-young,gonzaga,0.3172778,Brigham Young,Gonzaga,6,3,27,29
brigham-young,hawaii,0.87574005,Brigham Young,Hawaii,6,13,27,25
brigham-young,high-point,0.7152393,Brigham Young,High Point,6,12,27,20
brigham-young,hofstra,0.77369803,Brigham Young,Hofstra,6,13,27,54
brigham-young,houston,0.22784749,Brigham Young,Houston,6,2,27,63
brigham-young,howard,0.89531374,Brigham Young,Howard,6,16,27,2
brigham-young,idaho,0.88488096,Brigham Young,Idaho,6,15,27,64
brigham-young,illinois,0.2911008,Brigham Young,Illinois,6,3,27,57
brigham-young,iowa,0.52175313,Brigham Young,Iowa,6,9,27,44
brigham-young,iowa-state,0.27748695,Brigham Young,Iowa State,6,2,27,67
brigham-young,kansas,0.5342563,Brigham Young,Kansas,6,4,27,21
brigham-young,kennesaw-state,0.8867789,Brigham Young,Kennesaw State,6,14,27,31
brigham-young,kentucky,0.49890324,Brigham Young,Kentucky,6,7,27,65
brigham-young,lehigh,0.97305614,Brigham Young,Lehigh,6,16,27,6
brigham-young,long-island-university,0.91750383,Brigham Young,Long Island University,6,16,27,12
brigham-young,louisville,0.4807429,Brigham Young,Louisville,6,6,27,24
brigham-young,maryland-baltimore-county,0.9049141,Brigham Young,Maryland-Baltimore County,6,16,27,1
brigham-young,mcneese-state,0.69161415,Brigham Young,McNeese State,6,12,27,48
brigham-young,miami-fl,0.58337784,Brigham Young,Miami (FL),6,7,27,33
brigham-young,miami-oh,0.9267666,Brigham Young,Miami (OH),6,11,27,5
brigham-young,michigan,0.29724273,Brigham Young,Michigan,6,1,27,41
brigham-young,michigan-state,0.37100965,Brigham Young,Michigan State,6,3,27,28
brigham-young,missouri,0.63252026,Brigham Young,Missouri,6,10,27,36
brigham-young,nebraska,0.5080936,Brigham Young,Nebraska,6,4,27,50
brigham-young,north-carolina,0.53995323,Brigham Young,North Carolina,6,6,27,53
brigham-young,north-carolina-state,0.55542004,Brigham Young,NC State,6,11,27,8
brigham-young,north-dakota-state,0.8688475,Brigham Young,North Dakota State,6,14,27,30
brigham-young,northern-iowa,0.79989535,Brigham Young,Northern Iowa,6,12,27,19
brigham-young,ohio-state,0.5474201,Brigham Young,Ohio State,6,8,27,13
brigham-young,pennsylvania,0.88354456,Brigham Young,Pennsylvania,6,14,27,59
brigham-young,prairie-view,0.9350601,Brigham Young,Prairie View,6,16,27,4
brigham-young,purdue,0.3555763,Brigham Young,Purdue,6,2,27,37
brigham-young,queens-nc,0.95737624,Brigham Young,Queens (NC),6,15,27,39
brigham-young,saint-louis,0.70237315,Brigham Young,Saint Louis,6,9,27,45
brigham-young,saint-marys-ca,0.5276069,Brigham Young,Saint Mary's (CA),6,7,27,61
brigham-young,santa-clara,0.65017575,Brigham Young,Santa Clara,6,10,27,66
brigham-young,siena,0.93631583,Brigham Young,Siena,6,16,27,11
brigham-young,south-florida,0.7193258,Brigham Young,South Florida,6,11,27,26
brigham-young,southern-methodist,0.6229659,Brigham Young,Southern Methodist,6,11,27,7
brigham-young,st-johns-ny,0.40701434,Brigham Young,St. John's (NY),6,5,27,17
brigham-young,tennessee,0.3462138,Brigham Young,Tennessee,6,6,27,56
brigham-young,tennessee-state,0.87506485,Brigham Young,Tennessee State,6,15,27,68
brigham-young,texas,0.6132529,Brigham Young,Texas,6,11,27,3
brigham-young,texas-am,0.60385317,Brigham Young,Texas A&M,6,10,27,62
brigham-young,texas-christian,0.56558913,Brigham Young,TCU,6,9,27,15
brigham-young,texas-tech,0.47569105,Brigham Young,Texas Tech,6,5,27,47
brigham-young,troy,0.82367957,Brigham Young,Troy,6,13,27,52
brigham-young,ucla,0.51906526,Brigham Young,UCLA,6,7,27,32
brigham-young,utah-state,0.55502486,Brigham Young,Utah State,6,9,27,16
brigham-young,vanderbilt,0.42178965,Brigham Young,Vanderbilt,6,5,27,46
brigham-young,villanova,0.63749003,Brigham Young,Villanova,6,8,27,14
brigham-young,virginia,0.40868175,Brigham Young,Virginia,6,3,27,58
brigham-young,virginia-commonwealth,0.70192116,Brigham Young,Virginia Commonwealth,6,11,27,55
brigham-young,wisconsin,0.42400002,Brigham Young,Wisconsin,6,5,27,18
brigham-young,wright-state,0.9148675,Brigham Young,Wright State,6,14,27,60
california-baptist,akron,0.28307998,California Baptist,Akron,13,12,23,49
california-baptist,alabama,0.031243088,California Baptist,Alabama,13,4,23,51
california-baptist,arizona,0.014457136,California Baptist,Arizona,13,1,23,10
california-baptist,arkansas,0.07409342,California Baptist,Arkansas,13,4,23,22
california-baptist,brigham-young,0.14176401,California Baptist,Brigham Young,13,6,23,27
california-baptist,central-florida,0.15867773,California Baptist,UCF,13,10,23,34
california-baptist,clemson,0.1301539,California Baptist,Clemson,13,8,23,42
california-baptist,connecticut,0.042083804,California Baptist,Connecticut,13,2,23,35
california-baptist,duke,0.024692269,California Baptist,Duke,13,1,23,9
california-baptist,florida,0.014983476,California Baptist,Florida,13,1,23,40
california-baptist,furman,0.52892077,California Baptist,Furman,13,15,23,38
california-baptist,georgia,0.1249694,California Baptist,Georgia,13,8,23,43
california-baptist,gonzaga,0.022819037,California Baptist,Gonzaga,13,3,23,29
california-baptist,hawaii,0.40677917,California Baptist,Hawaii,13,13,23,25
california-baptist,high-point,0.22533889,California Baptist,High Point,13,12,23,20
california-baptist,hofstra,0.34086567,California Baptist,Hofstra,13,13,23,54
california-baptist,houston,0.020533819,California Baptist,Houston,13,2,23,63
california-baptist,howard,0.5014882,California Baptist,Howard,13,16,23,2
california-baptist,idaho,0.55115247,California Baptist,Idaho,13,15,23,64
california-baptist,illinois,0.022212457,California Baptist,Illinois,13,3,23,57
california-baptist,iowa,0.14014626,California Baptist,Iowa,13,9,23,44
california-baptist,iowa-state,0.030623598,California Baptist,Iowa State,13,2,23,67
california-baptist,kansas,0.040315423,California Baptist,Kansas,13,4,23,21
california-baptist,kennesaw-state,0.47613665,California Baptist,Kennesaw State,13,14,23,31
california-baptist,kentucky,0.05876838,California Baptist,Kentucky,13,7,23,65
california-baptist,lehigh,0.76080924,California Baptist,Lehigh,13,16,23,6
california-baptist,long-island-university,0.63889194,California Baptist,Long Island University,13,16,23,12
california-baptist,louisville,0.07412227,California Baptist,Louisville,13,6,23,24
california-baptist,maryland-baltimore-county,0.5192358,California Baptist,Maryland-Baltimore County,13,16,23,1
california-baptist,mcneese-state,0.29120544,California Baptist,McNeese State,13,12,23,48
california-baptist,miami-fl,0.17606759,California Baptist,Miami (FL),13,7,23,33
california-baptist,miami-oh,0.351881,California Baptist,Miami (OH),13,11,23,5
california-baptist,michigan,0.026128214,California Baptist,Michigan,13,1,23,41
california-baptist,michigan-state,0.035380278,California Baptist,Michigan State,13,3,23,28
california-baptist,missouri,0.18856488,California Baptist,Missouri,13,10,23,36
california-baptist,nebraska,0.07862492,California Baptist,Nebraska,13,4,23,50
california-baptist,north-carolina,0.082310535,California Baptist,North Carolina,13,6,23,53
california-baptist,north-carolina-state,0.19334303,California Baptist,NC State,13,11,23,8
california-baptist,north-dakota-state,0.32112923,California Baptist,North Dakota State,13,14,23,30
california-baptist,northern-iowa,0.3273028,California Baptist,Northern Iowa,13,12,23,19
california-baptist,ohio-state,0.09222907,California Baptist,Ohio State,13,8,23,13
california-baptist,pennsylvania,0.5305558,California Baptist,Pennsylvania,13,14,23,59
california-baptist,prairie-view,0.85009086,California Baptist,Prairie View,13,16,23,4
california-baptist,purdue,0.064570144,California Baptist,Purdue,13,2,23,37
california-baptist,queens-nc,0.56099695,California Baptist,Queens (NC),13,15,23,39
california-baptist,saint-louis,0.2128646,California Baptist,Saint Louis,13,9,23,45
california-baptist,saint-marys-ca,0.05523676,California Baptist,Saint Mary's (CA),13,7,23,61
california-baptist,santa-clara,0.15723972,California Baptist,Santa Clara,13,10,23,66
california-baptist,siena,0.5964945,California Baptist,Siena,13,16,23,11
california-baptist,south-florida,0.19561484,California Baptist,South Florida,13,11,23,26
california-baptist,southern-methodist,0.2177541,California Baptist,Southern Methodist,13,11,23,7
california-baptist,st-johns-ny,0.058914296,California Baptist,St. John's (NY),13,5,23,17
california-baptist,tennessee,0.030576719,California Baptist,Tennessee,13,6,23,56
california-baptist,tennessee-state,0.48983335,California Baptist,Tennessee State,13,15,23,68
california-baptist,texas,0.112769045,California Baptist,Texas,13,11,23,3
california-baptist,texas-am,0.084759206,California Baptist,Texas A&M,13,10,23,62
california-baptist,texas-christian,0.13770513,California Baptist,TCU,13,9,23,15
california-baptist,texas-tech,0.06740983,California Baptist,Texas Tech,13,5,23,47
california-baptist,troy,0.40693995,California Baptist,Troy,13,13,23,52
california-baptist,ucla,0.07991993,California Baptist,UCLA,13,7,23,32
california-baptist,utah-state,0.1296335,California Baptist,Utah State,13,9,23,16
california-baptist,vanderbilt,0.08302888,California Baptist,Vanderbilt,13,5,23,46
california-baptist,villanova,0.18926974,California Baptist,Villanova,13,8,23,14
california-baptist,virginia,0.09953172,California Baptist,Virginia,13,3,23,58
california-baptist,virginia-commonwealth,0.18930957,California Baptist,Virginia Commonwealth,13,11,23,55
california-baptist,wisconsin,0.054830696,California Baptist,Wisconsin,13,5,23,18
california-baptist,wright-state,0.4430122,California Baptist,Wright State,13,14,23,60
central-florida,akron,0.7178615,UCF,Akron,10,12,34,49
central-florida,alabama,0.21628118,UCF,Alabama,10,4,34,51
central-florida,arizona,0.070362516,UCF,Arizona,10,1,34,10
central-florida,arkansas,0.24191669,UCF,Arkansas,10,4,34,22
central-florida,brigham-young,0.35246012,UCF,Brigham Young,10,6,34,27
central-florida,california-baptist,0.81927454,UCF,California Baptist,10,13,34,23
central-florida,clemson,0.38547647,UCF,Clemson,10,8,34,42
central-florida,connecticut,0.20379291,UCF,Connecticut,10,2,34,35
central-florida,duke,0.040377114,UCF,Duke,10,1,34,9
central-florida,florida,0.05382152,UCF,Florida,10,1,34,40
central-florida,furman,0.7750854,UCF,Furman,10,15,34,38
central-florida,georgia,0.31937057,UCF,Georgia,10,8,34,43
central-florida,gonzaga,0.17197548,UCF,Gonzaga,10,3,34,29
central-florida,hawaii,0.7485369,UCF,Hawaii,10,13,34,25
central-florida,high-point,0.7077814,UCF,High Point,10,12,34,20
central-florida,hofstra,0.8410079,UCF,Hofstra,10,13,34,54
central-florida,houston,0.046357784,UCF,Houston,10,2,34,63
central-florida,howard,0.9177621,UCF,Howard,10,16,34,2
central-florida,idaho,0.9282397,UCF,Idaho,10,15,34,64
central-florida,illinois,0.11616097,UCF,Illinois,10,3,34,57
central-florida,iowa,0.32281223,UCF,Iowa,10,9,34,44
central-florida,iowa-state,0.114275604,UCF,Iowa State,10,2,34,67
central-florida,kansas,0.31354785,UCF,Kansas,10,4,34,21
central-florida,kennesaw-state,0.6952043,UCF,Kennesaw State,10,14,34,31
central-florida,kentucky,0.28710034,UCF,Kentucky,10,7,34,65
central-florida,lehigh,0.95999783,UCF,Lehigh,10,16,34,6
central-florida,long-island-university,0.916764,UCF,Long Island University,10,16,34,12
central-florida,louisville,0.2785994,UCF,Louisville,10,6,34,24
central-florida,maryland-baltimore-county,0.908919,UCF,Maryland-Baltimore County,10,16,34,1
central-florida,mcneese-state,0.63887054,UCF,McNeese State,10,12,34,48
central-florida,miami-fl,0.36493996,UCF,Miami (FL),10,7,34,33
central-florida,miami-oh,0.82584614,UCF,Miami (OH),10,11,34,5
central-florida,michigan,0.0948151,UCF,Michigan,10,1,34,41
central-florida,michigan-state,0.2161111,UCF,Michigan State,10,3,34,28
central-florida,missouri,0.47787112,UCF,Missouri,10,10,34,36
central-florida,nebraska,0.27307516,UCF,Nebraska,10,4,34,50
central-florida,north-carolina,0.37651205,UCF,North Carolina,10,6,34,53
central-florida,north-carolina-state,0.37320134,UCF,NC State,10,11,34,8
central-florida,north-dakota-state,0.7488344,UCF,North Dakota State,10,14,34,30
central-florida,northern-iowa,0.62490726,UCF,Northern Iowa,10,12,34,19
central-florida,ohio-state,0.39947245,UCF,Ohio State,10,8,34,13
central-florida,pennsylvania,0.88625,UCF,Pennsylvania,10,14,34,59
central-florida,prairie-view,0.9622529,UCF,Prairie View,10,16,34,4
central-florida,purdue,0.17858984,UCF,Purdue,10,2,34,37
central-florida,queens-nc,0.9000994,UCF,Queens (NC),10,15,34,39
central-florida,saint-louis,0.54163355,UCF,Saint Louis,10,9,34,45
central-florida,saint-marys-ca,0.2164617,UCF,Saint Mary's (CA),10,7,34,61
central-florida,santa-clara,0.44687238,UCF,Santa Clara,10,10,34,66
central-florida,siena,0.9373521,UCF,Siena,10,16,34,11
central-florida,south-florida,0.5263069,UCF,South Florida,10,11,34,26
central-florida,southern-methodist,0.46625105,UCF,Southern Methodist,10,11,34,7
central-florida,st-johns-ny,0.23525712,UCF,St. John's (NY),10,5,34,17
central-florida,tennessee,0.21482515,UCF,Tennessee,10,6,34,56
central-florida,tennessee-state,0.8879476,UCF,Tennessee State,10,15,34,68
central-florida,texas,0.43954208,UCF,Texas,10,11,34,3
central-florida,texas-am,0.39426872,UCF,Texas A&M,10,10,34,62
central-florida,texas-christian,0.3604111,UCF,TCU,10,9,34,15
central-florida,texas-tech,0.30686525,UCF,Texas Tech,10,5,34,47
central-florida,troy,0.72197145,UCF,Troy,10,13,34,52
central-florida,ucla,0.33369693,UCF,UCLA,10,7,34,32
central-florida,utah-state,0.34561625,UCF,Utah State,10,9,34,16
central-florida,vanderbilt,0.19062069,UCF,Vanderbilt,10,5,34,46
central-florida,villanova,0.40736213,UCF,Villanova,10,8,34,14
central-florida,virginia,0.25104982,UCF,Virginia,10,3,34,58
central-florida,virginia-commonwealth,0.5379529,UCF,Virginia Commonwealth,10,11,34,55
central-florida,wisconsin,0.29146305,UCF,Wisconsin,10,5,34,18
central-florida,wright-state,0.805739,UCF,Wright State,10,14,34,60
clemson,akron,0.72935396,Clemson,Akron,8,12,42,49
clemson,alabama,0.36876166,Clemson,Alabama,8,4,42,51
clemson,arizona,0.17163825,Clemson,Arizona,8,1,42,10
clemson,arkansas,0.37362438,Clemson,Arkansas,8,4,42,22
clemson,brigham-young,0.4266514,Clemson,Brigham Young,8,6,42,27
clemson,california-baptist,0.8894326,Clemson,California Baptist,8,13,42,23
clemson,central-florida,0.59155077,Clemson,UCF,8,10,42,34
clemson,connecticut,0.29495806,Clemson,Connecticut,8,2,42,35
clemson,duke,0.08035307,Clemson,Duke,8,1,42,9
clemson,florida,0.1367416,Clemson,Florida,8,1,42,40
clemson,furman,0.89214003,Clemson,Furman,8,15,42,38
clemson,georgia,0.4583904,Clemson,Georgia,8,8,42,43
clemson,gonzaga,0.2488174,Clemson,Gonzaga,8,3,42,29
clemson,hawaii,0.8918146,Clemson,Hawaii,8,13,42,25
clemson,high-point,0.71704954,Clemson,High Point,8,12,42,20
clemson,hofstra,0.7724933,Clemson,Hofstra,8,13,42,54
clemson,houston,0.17274879,Clemson,Houston,8,2,42,63
clemson,howard,0.94995177,Clemson,Howard,8,16,42,2
clemson,idaho,0.90374273,Clemson,Idaho,8,15,42,64
clemson,illinois,0.21849467,Clemson,Illinois,8,3,42,57
clemson,iowa,0.4577275,Clemson,Iowa,8,9,42,44
clemson,iowa-state,0.25723124,Clemson,Iowa State,8,2,42,67
clemson,kansas,0.3914626,Clemson,Kansas,8,4,42,21
clemson,kennesaw-state,0.7931234,Clemson,Kennesaw State,8,14,42,31
clemson,kentucky,0.42032713,Clemson,Kentucky,8,7,42,65
clemson,lehigh,0.9660026,Clemson,Lehigh,8,16,42,6
clemson,long-island-university,0.93665516,Clemson,Long Island University,8,16,42,12
clemson,louisville,0.36479864,Clemson,Louisville,8,6,42,24
clemson,maryland-baltimore-county,0.9543837,Clemson,Maryland-Baltimore County,8,16,42,1
clemson,mcneese-state,0.5915175,Clemson,McNeese State,8,12,42,48
clemson,miami-fl,0.45358834,Clemson,Miami (FL),8,7,42,33
clemson,miami-oh,0.861385,Clemson,Miami (OH),8,11,42,5
clemson,michigan,0.14339136,Clemson,Michigan,8,1,42,41
clemson,michigan-state,0.2947269,Clemson,Michigan State,8,3,42,28
clemson,missouri,0.52432513,Clemson,Missouri,8,10,42,36
clemson,nebraska,0.40389544,Clemson,Nebraska,8,4,42,50
clemson,north-carolina,0.43687063,Clemson,North Carolina,8,6,42,53
clemson,north-carolina-state,0.47595534,Clemson,NC State,8,11,42,8
clemson,north-dakota-state,0.7796927,Clemson,North Dakota State,8,14,42,30
clemson,northern-iowa,0.6835376,Clemson,Northern Iowa,8,12,42,19
clemson,ohio-state,0.4465814,Clemson,Ohio State,8,8,42,13
clemson,pennsylvania,0.8469588,Clemson,Pennsylvania,8,14,42,59
clemson,prairie-view,0.9755991,Clemson,Prairie View,8,16,42,4
clemson,purdue,0.2665513,Clemson,Purdue,8,2,42,37
clemson,queens-nc,0.9323479,Clemson,Queens (NC),8,15,42,39
clemson,saint-louis,0.49945915,Clemson,Saint Louis,8,9,42,45
clemson,saint-marys-ca,0.33904138,Clemson,Saint Mary's (CA),8,7,42,61
clemson,santa-clara,0.46330574,Clemson,Santa Clara,8,10,42,66
clemson,siena,0.946303,Clemson,Siena,8,16,42,11
clemson,south-florida,0.65277153,Clemson,South Florida,8,11,42,26
clemson,southern-methodist,0.5364846,Clemson,Southern Methodist,8,11,42,7
clemson,st-johns-ny,0.38509905,Clemson,St. John's (NY),8,5,42,17
clemson,tennessee,0.3373246,Clemson,Tennessee,8,6,42,56
clemson,tennessee-state,0.96090937,Clemson,Tennessee State,8,15,42,68
clemson,texas,0.4986945,Clemson,Texas,8,11,42,3
clemson,texas-am,0.5031413,Clemson,Texas A&M,8,10,42,62
clemson,texas-christian,0.50742584,Clemson,TCU,8,9,42,15
clemson,texas-tech,0.31634295,Clemson,Texas Tech,8,5,42,47
clemson,troy,0.8151357,Clemson,Troy,8,13,42,52
clemson,ucla,0.3811628,Clemson,UCLA,8,7,42,32
clemson,utah-state,0.44906634,Clemson,Utah State,8,9,42,16
clemson,vanderbilt,0.35136387,Clemson,Vanderbilt,8,5,42,46
clemson,villanova,0.5227147,Clemson,Villanova,8,8,42,14
clemson,virginia,0.34394556,Clemson,Virginia,8,3,42,58
clemson,virginia-commonwealth,0.5731149,Clemson,Virginia Commonwealth,8,11,42,55
clemson,wisconsin,0.377257,Clemson,Wisconsin,8,5,42,18
clemson,wright-state,0.9027721,Clemson,Wright State,8,14,42,60
connecticut,akron,0.8484459,Connecticut,Akron,2,12,35,49
connecticut,alabama,0.41835022,Connecticut,Alabama,2,4,35,51
connecticut,arizona,0.37665582,Connecticut,Arizona,2,1,35,10
connecticut,arkansas,0.56909287,Connecticut,Arkansas,2,4,35,22
connecticut,brigham-young,0.53824955,Connecticut,Brigham Young,2,6,35,27
connecticut,california-baptist,0.9436867,Connecticut,California Baptist,2,13,35,23
connecticut,central-florida,0.8049129,Connecticut,UCF,2,10,35,34
connecticut,clemson,0.69428813,Connecticut,Clemson,2,8,35,42
connecticut,duke,0.22242251,Connecticut,Duke,2,1,35,9
connecticut,florida,0.31478727,Connecticut,Florida,2,1,35,40
connecticut,furman,0.9609987,Connecticut,Furman,2,15,35,38
connecticut,georgia,0.6076038,Connecticut,Georgia,2,8,35,43
connecticut,gonzaga,0.51827556,Connecticut,Gonzaga,2,3,35,29
connecticut,hawaii,0.9508169,Connecticut,Hawaii,2,13,35,25
connecticut,high-point,0.8252234,Connecticut,High Point,2,12,35,20
connecticut,hofstra,0.91588986,Connecticut,Hofstra,2,13,35,54
connecticut,houston,0.3715644,Connecticut,Houston,2,2,35,63
connecticut,howard,0.9545152,Connecticut,Howard,2,16,35,2
connecticut,idaho,0.9562568,Connecticut,Idaho,2,15,35,64
connecticut,illinois,0.38910294,Connecticut,Illinois,2,3,35,57
connecticut,iowa,0.6837822,Connecticut,Iowa,2,9,35,44
connecticut,iowa-state,0.41675392,Connecticut,Iowa State,2,2,35,67
connecticut,kansas,0.6184231,Connecticut,Kansas,2,4,35,21
connecticut,kennesaw-state,0.92535156,Connecticut,Kennesaw State,2,14,35,31
connecticut,kentucky,0.5903214,Connecticut,Kentucky,2,7,35,65
connecticut,lehigh,0.9853873,Connecticut,Lehigh,2,16,35,6
connecticut,long-island-university,0.96660143,Connecticut,Long Island University,2,16,35,12
connecticut,louisville,0.5221353,Connecticut,Louisville,2,6,35,24
connecticut,maryland-baltimore-county,0.9707262,Connecticut,Maryland-Baltimore County,2,16,35,1
connecticut,mcneese-state,0.81458306,Connecticut,McNeese State,2,12,35,48
connecticut,miami-fl,0.6873359,Connecticut,Miami (FL),2,7,35,33
connecticut,miami-oh,0.91798747,Connecticut,Miami (OH),2,11,35,5
connecticut,michigan,0.3430501,Connecticut,Michigan,2,1,35,41
connecticut,michigan-state,0.4191252,Connecticut,Michigan State,2,3,35,28
connecticut,missouri,0.8037796,Connecticut,Missouri,2,10,35,36
connecticut,nebraska,0.60799545,Connecticut,Nebraska,2,4,35,50
connecticut,north-carolina,0.6537242,Connecticut,North Carolina,2,6,35,53
connecticut,north-carolina-state,0.7028906,Connecticut,NC State,2,11,35,8
connecticut,north-dakota-state,0.8730497,Connecticut,North Dakota State,2,14,35,30
connecticut,northern-iowa,0.7860074,Connecticut,Northern Iowa,2,12,35,19
connecticut,ohio-state,0.65349114,Connecticut,Ohio State,2,8,35,13
connecticut,pennsylvania,0.96638805,Connecticut,Pennsylvania,2,14,35,59
connecticut,prairie-view,0.97418743,Connecticut,Prairie View,2,16,35,4
connecticut,purdue,0.47952965,Connecticut,Purdue,2,2,35,37
connecticut,queens-nc,0.96889055,Connecticut,Queens (NC),2,15,35,39
connecticut,saint-louis,0.7249584,Connecticut,Saint Louis,2,9,35,45
connecticut,saint-marys-ca,0.56107885,Connecticut,Saint Mary's (CA),2,7,35,61
connecticut,santa-clara,0.6714798,Connecticut,Santa Clara,2,10,35,66
connecticut,siena,0.9825685,Connecticut,Siena,2,16,35,11
connecticut,south-florida,0.8410355,Connecticut,South Florida,2,11,35,26
connecticut,southern-methodist,0.74401635,Connecticut,Southern Methodist,2,11,35,7
connecticut,st-johns-ny,0.5534875,Connecticut,St. John's (NY),2,5,35,17
connecticut,tennessee,0.47887003,Connecticut,Tennessee,2,6,35,56
connecticut,tennessee-state,0.956566,Connecticut,Tennessee State,2,15,35,68
connecticut,texas,0.6615947,Connecticut,Texas,2,11,35,3
connecticut,texas-am,0.6756535,Connecticut,Texas A&M,2,10,35,62
connecticut,texas-christian,0.6684374,Connecticut,TCU,2,9,35,15
connecticut,texas-tech,0.5790465,Connecticut,Texas Tech,2,5,35,47
connecticut,troy,0.9229119,Connecticut,Troy,2,13,35,52
connecticut,ucla,0.663667,Connecticut,UCLA,2,7,35,32
connecticut,utah-state,0.63909835,Connecticut,Utah State,2,9,35,16
connecticut,vanderbilt,0.52968657,Connecticut,Vanderbilt,2,5,35,46
connecticut,villanova,0.70371825,Connecticut,Villanova,2,8,35,14
connecticut,virginia,0.5481739,Connecticut,Virginia,2,3,35,58
connecticut,virginia-commonwealth,0.7384695,Connecticut,Virginia Commonwealth,2,11,35,55
connecticut,wisconsin,0.52161354,Connecticut,Wisconsin,2,5,35,18
connecticut,wright-state,0.95700914,Connecticut,Wright State,2,14,35,60
duke,akron,0.9679074,Duke,Akron,1,12,9,49
duke,alabama,0.77612126,Duke,Alabama,1,4,9,51
duke,arizona,0.5981533,Duke,Arizona,1,1,9,10
duke,arkansas,0.8645791,Duke,Arkansas,1,4,9,22
duke,brigham-young,0.8855388,Duke,Brigham Young,1,6,9,27
duke,california-baptist,0.9785096,Duke,California Baptist,1,13,9,23
duke,central-florida,0.97232294,Duke,UCF,1,10,9,34
duke,clemson,0.9164269,Duke,Clemson,1,8,9,42
duke,connecticut,0.78204536,Duke,Connecticut,1,2,9,35
duke,florida,0.60492486,Duke,Florida,1,1,9,40
duke,furman,0.9843754,Duke,Furman,1,15,9,38
duke,georgia,0.9032269,Duke,Georgia,1,8,9,43
duke,gonzaga,0.7300802,Duke,Gonzaga,1,3,9,29
duke,hawaii,0.9628691,Duke,Hawaii,1,13,9,25
duke,high-point,0.97345227,Duke,High Point,1,12,9,20
duke,hofstra,0.96736217,Duke,Hofstra,1,13,9,54
duke,houston,0.68075955,Duke,Houston,1,2,9,63
duke,howard,0.9714804,Duke,Howard,1,16,9,2
duke,idaho,0.9762958,Duke,Idaho,1,15,9,64
duke,illinois,0.7044274,Duke,Illinois,1,3,9,57
duke,iowa,0.92571306,Duke,Iowa,1,9,9,44
duke,iowa-state,0.677741,Duke,Iowa State,1,2,9,67
duke,kansas,0.8626962,Duke,Kansas,1,4,9,21
duke,kennesaw-state,0.981845,Duke,Kennesaw State,1,14,9,31
duke,kentucky,0.877941,Duke,Kentucky,1,7,9,65
duke,lehigh,0.9898661,Duke,Lehigh,1,16,9,6
duke,long-island-university,0.97839445,Duke,Long Island University,1,16,9,12
duke,louisville,0.8042927,Duke,Louisville,1,6,9,24
duke,maryland-baltimore-county,0.9775056,Duke,Maryland-Baltimore County,1,16,9,1
duke,mcneese-state,0.9477535,Duke,McNeese State,1,12,9,48
duke,miami-fl,0.9357937,Duke,Miami (FL),1,7,9,33
duke,miami-oh,0.9769728,Duke,Miami (OH),1,11,9,5
duke,michigan,0.6459212,Duke,Michigan,1,1,9,41
duke,michigan-state,0.76685536,Duke,Michigan State,1,3,9,28
duke,missouri,0.9404425,Duke,Missouri,1,10,9,36
duke,nebraska,0.8249384,Duke,Nebraska,1,4,9,50
duke,north-carolina,0.891103,Duke,North Carolina,1,6,9,53
duke,north-carolina-state,0.95811594,Duke,NC State,1,11,9,8
duke,north-dakota-state,0.96970963,Duke,North Dakota State,1,14,9,30
duke,northern-iowa,0.9657291,Duke,Northern Iowa,1,12,9,19
duke,ohio-state,0.9019654,Duke,Ohio State,1,8,9,13
duke,pennsylvania,0.98145574,Duke,Pennsylvania,1,14,9,59
duke,prairie-view,0.984954,Duke,Prairie View,1,16,9,4
duke,purdue,0.73705953,Duke,Purdue,1,2,9,37
duke,queens-nc,0.97971237,Duke,Queens (NC),1,15,9,39
duke,saint-louis,0.94059616,Duke,Saint Louis,1,9,9,45
duke,saint-marys-ca,0.7843889,Duke,Saint Mary's (CA),1,7,9,61
duke,santa-clara,0.8919119,Duke,Santa Clara,1,10,9,66
duke,siena,0.9757859,Duke,Siena,1,16,9,11
duke,south-florida,0.9425082,Duke,South Florida,1,11,9,26
duke,southern-methodist,0.95620996,Duke,Southern Methodist,1,11,9,7
duke,st-johns-ny,0.7963661,Duke,St. John's (NY),1,5,9,17
duke,tennessee,0.74965656,Duke,Tennessee,1,6,9,56
duke,tennessee-state,0.9811458,Duke,Tennessee State,1,15,9,68
duke,texas,0.945689,Duke,Texas,1,11,9,3
duke,texas-am,0.9292731,Duke,Texas A&M,1,10,9,62
duke,texas-christian,0.92619157,Duke,TCU,1,9,9,15
duke,texas-tech,0.782731,Duke,Texas Tech,1,5,9,47
duke,troy,0.9691264,Duke,Troy,1,13,9,52
duke,ucla,0.87459654,Duke,UCLA,1,7,9,32
duke,utah-state,0.9044166,Duke,Utah State,1,9,9,16
duke,vanderbilt,0.8219571,Duke,Vanderbilt,1,5,9,46
duke,villanova,0.93782663,Duke,Villanova,1,8,9,14
duke,virginia,0.8855055,Duke,Virginia,1,3,9,58
duke,virginia-commonwealth,0.9305946,Duke,Virginia Commonwealth,1,11,9,55
duke,wisconsin,0.8239518,Duke,Wisconsin,1,5,9,18
duke,wright-state,0.9822543,Duke,Wright State,1,14,9,60
florida,akron,0.94593686,Florida,Akron,1,12,40,49
florida,alabama,0.7101164,Florida,Alabama,1,4,40,51
florida,arizona,0.49868584,Florida,Arizona,1,1,40,10
florida,arkansas,0.72582597,Florida,Arkansas,1,4,40,22
florida,brigham-young,0.75691175,Florida,Brigham Young,1,6,40,27
florida,california-baptist,0.9775664,Florida,California Baptist,1,13,40,23
florida,central-florida,0.94887656,Florida,UCF,1,10,40,34
florida,clemson,0.8414365,Florida,Clemson,1,8,40,42
florida,connecticut,0.68174464,Florida,Connecticut,1,2,40,35
florida,duke,0.43637443,Florida,Duke,1,1,40,9
florida,furman,0.9811941,Florida,Furman,1,15,40,38
florida,georgia,0.8214458,Florida,Georgia,1,8,40,43
florida,gonzaga,0.59993166,Florida,Gonzaga,1,3,40,29
florida,hawaii,0.9763741,Florida,Hawaii,1,13,40,25
florida,high-point,0.9280383,Florida,High Point,1,12,40,20
florida,hofstra,0.96520174,Florida,Hofstra,1,13,40,54
florida,houston,0.5881872,Florida,Houston,1,2,40,63
florida,howard,0.9547986,Florida,Howard,1,16,40,2
florida,idaho,0.97695655,Florida,Idaho,1,15,40,64
florida,illinois,0.60975325,Florida,Illinois,1,3,40,57
florida,iowa,0.7589633,Florida,Iowa,1,9,40,44
florida,iowa-state,0.6129412,Florida,Iowa State,1,2,40,67
florida,kansas,0.8092275,Florida,Kansas,1,4,40,21
florida,kennesaw-state,0.97488225,Florida,Kennesaw State,1,14,40,31
florida,kentucky,0.8121855,Florida,Kentucky,1,7,40,65
florida,lehigh,0.98614824,Florida,Lehigh,1,16,40,6
florida,long-island-university,0.97236496,Florida,Long Island University,1,16,40,12
florida,louisville,0.73989654,Florida,Louisville,1,6,40,24
florida,maryland-baltimore-county,0.9700257,Florida,Maryland-Baltimore County,1,16,40,1
florida,mcneese-state,0.94397134,Florida,McNeese State,1,12,40,48
florida,miami-fl,0.8682202,Florida,Miami (FL),1,7,40,33
florida,miami-oh,0.9793204,Florida,Miami (OH),1,11,40,5
florida,michigan,0.5252565,Florida,Michigan,1,1,40,41
florida,michigan-state,0.6326867,Florida,Michigan State,1,3,40,28
florida,missouri,0.9200785,Florida,Missouri,1,10,40,36
florida,nebraska,0.76739204,Florida,Nebraska,1,4,40,50
florida,north-carolina,0.8071006,Florida,North Carolina,1,6,40,53
florida,north-carolina-state,0.92826796,Florida,NC State,1,11,40,8
florida,north-dakota-state,0.95970535,Florida,North Dakota State,1,14,40,30
florida,northern-iowa,0.93231505,Florida,Northern Iowa,1,12,40,19
florida,ohio-state,0.83977395,Florida,Ohio State,1,8,40,13
florida,pennsylvania,0.96816146,Florida,Pennsylvania,1,14,40,59
florida,prairie-view,0.98001236,Florida,Prairie View,1,16,40,4
florida,purdue,0.649426,Florida,Purdue,1,2,40,37
florida,queens-nc,0.9833363,Florida,Queens (NC),1,15,40,39
florida,saint-louis,0.91300285,Florida,Saint Louis,1,9,40,45
florida,saint-marys-ca,0.7580605,Florida,Saint Mary's (CA),1,7,40,61
florida,santa-clara,0.84773934,Florida,Santa Clara,1,10,40,66
florida,siena,0.9641009,Florida,Siena,1,16,40,11
florida,south-florida,0.92541355,Florida,South Florida,1,11,40,26
florida,southern-methodist,0.9187933,Florida,Southern Methodist,1,11,40,7
florida,st-johns-ny,0.7079931,Florida,St. John's (NY),1,5,40,17
florida,tennessee,0.7061933,Florida,Tennessee,1,6,40,56
florida,tennessee-state,0.9680903,Florida,Tennessee State,1,15,40,68
florida,texas,0.8876893,Florida,Texas,1,11,40,3
florida,texas-am,0.81687945,Florida,Texas A&M,1,10,40,62
florida,texas-christian,0.8214414,Florida,TCU,1,9,40,15
florida,texas-tech,0.70276326,Florida,Texas Tech,1,5,40,47
florida,troy,0.98198926,Florida,Troy,1,13,40,52
florida,ucla,0.7600608,Florida,UCLA,1,7,40,32
florida,utah-state,0.82263476,Florida,Utah State,1,9,40,16
florida,vanderbilt,0.70615804,Florida,Vanderbilt,1,5,40,46
florida,villanova,0.8707789,Florida,Villanova,1,8,40,14
florida,virginia,0.8056338,Florida,Virginia,1,3,40,58
florida,virginia-commonwealth,0.8851021,Florida,Virginia Commonwealth,1,11,40,55
florida,wisconsin,0.71719915,Florida,Wisconsin,1,5,40,18
florida,wright-state,0.96656555,Florida,Wright State,1,14,40,60
furman,akron,0.20695528,Furman,Akron,15,12,38,49
furman,alabama,0.026488211,Furman,Alabama,15,4,38,51
furman,arizona,0.021296628,Furman,Arizona,15,1,38,10
furman,arkansas,0.048109457,Furman,Arkansas,15,4,38,22
furman,brigham-young,0.049247235,Furman,Brigham Young,15,6,38,27
furman,california-baptist,0.4628614,Furman,California Baptist,15,13,38,23
furman,central-florida,0.119402304,Furman,UCF,15,10,38,34
furman,clemson,0.11446158,Furman,Clemson,15,8,38,42
furman,connecticut,0.040775523,Furman,Connecticut,15,2,38,35
furman,duke,0.016603436,Furman,Duke,15,1,38,9
furman,florida,0.021557871,Furman,Florida,15,1,38,40
furman,georgia,0.06602162,Furman,Georgia,15,8,38,43
furman,gonzaga,0.02482426,Furman,Gonzaga,15,3,38,29
furman,hawaii,0.39007384,Furman,Hawaii,15,13,38,25
furman,high-point,0.20986533,Furman,High Point,15,12,38,20
furman,hofstra,0.24698979,Furman,Hofstra,15,13,38,54
furman,houston,0.022113048,Furman,Houston,15,2,38,63
furman,howard,0.46201116,Furman,Howard,15,16,38,2
furman,idaho,0.48049882,Furman,Idaho,15,15,38,64
furman,illinois,0.0257078,Furman,Illinois,15,3,38,57
furman,iowa,0.08284285,Furman,Iowa,15,9,38,44
furman,iowa-state,0.036783982,Furman,Iowa State,15,2,38,67
furman,kansas,0.04594973,Furman,Kansas,15,4,38,21
furman,kennesaw-state,0.42351863,Furman,Kennesaw State,15,14,38,31
furman,kentucky,0.038102902,Furman,Kentucky,15,7,38,65
furman,lehigh,0.69884956,Furman,Lehigh,15,16,38,6
furman,long-island-university,0.64350146,Furman,Long Island University,15,16,38,12
furman,louisville,0.072261095,Furman,Louisville,15,6,38,24
furman,maryland-baltimore-county,0.47236216,Furman,Maryland-Baltimore County,15,16,38,1
furman,mcneese-state,0.21753849,Furman,McNeese State,15,12,38,48
furman,miami-fl,0.14010894,Furman,Miami (FL),15,7,38,33
furman,miami-oh,0.37737566,Furman,Miami (OH),15,11,38,5
furman,michigan,0.026950704,Furman,Michigan,15,1,38,41
furman,michigan-state,0.03233537,Furman,Michigan State,15,3,38,28
furman,missouri,0.14210504,Furman,Missouri,15,10,38,36
furman,nebraska,0.07018406,Furman,Nebraska,15,4,38,50
furman,north-carolina,0.084698446,Furman,North Carolina,15,6,38,53
furman,north-carolina-state,0.18032867,Furman,NC State,15,11,38,8
furman,north-dakota-state,0.31648302,Furman,North Dakota State,15,14,38,30
furman,northern-iowa,0.23154502,Furman,Northern Iowa,15,12,38,19
furman,ohio-state,0.05609694,Furman,Ohio State,15,8,38,13
furman,pennsylvania,0.5225164,Furman,Pennsylvania,15,14,38,59
furman,prairie-view,0.86252856,Furman,Prairie View,15,16,38,4
furman,purdue,0.03029786,Furman,Purdue,15,2,38,37
furman,queens-nc,0.49642926,Furman,Queens (NC),15,15,38,39
furman,saint-louis,0.13806659,Furman,Saint Louis,15,9,38,45
furman,saint-marys-ca,0.0388452,Furman,Saint Mary's (CA),15,7,38,61
furman,santa-clara,0.12510163,Furman,Santa Clara,15,10,38,66
furman,siena,0.5700564,Furman,Siena,15,16,38,11
furman,south-florida,0.17617816,Furman,South Florida,15,11,38,26
furman,southern-methodist,0.16579287,Furman,Southern Methodist,15,11,38,7
furman,st-johns-ny,0.040301807,Furman,St. John's (NY),15,5,38,17
furman,tennessee,0.02405043,Furman,Tennessee,15,6,38,56
furman,tennessee-state,0.42857403,Furman,Tennessee State,15,15,38,68
furman,texas,0.0894305,Furman,Texas,15,11,38,3
furman,texas-am,0.0679701,Furman,Texas A&M,15,10,38,62
furman,texas-christian,0.08939199,Furman,TCU,15,9,38,15
furman,texas-tech,0.04902767,Furman,Texas Tech,15,5,38,47
furman,troy,0.3941445,Furman,Troy,15,13,38,52
furman,ucla,0.049651425,Furman,UCLA,15,7,38,32
furman,utah-state,0.11065148,Furman,Utah State,15,9,38,16
furman,vanderbilt,0.06458871,Furman,Vanderbilt,15,5,38,46
furman,villanova,0.15479659,Furman,Villanova,15,8,38,14
furman,virginia,0.05309127,Furman,Virginia,15,3,38,58
furman,virginia-commonwealth,0.1472573,Furman,Virginia Commonwealth,15,11,38,55
furman,wisconsin,0.044396076,Furman,Wisconsin,15,5,38,18
furman,wright-state,0.3949067,Furman,Wright State,15,14,38,60
georgia,akron,0.89989966,Georgia,Akron,8,12,43,49
georgia,alabama,0.37064388,Georgia,Alabama,8,4,43,51
georgia,arizona,0.18013003,Georgia,Arizona,8,1,43,10
georgia,arkansas,0.42579424,Georgia,Arkansas,8,4,43,22
georgia,brigham-young,0.4893324,Georgia,Brigham Young,8,6,43,27
georgia,california-baptist,0.8922849,Georgia,California Baptist,8,13,43,23
georgia,central-florida,0.63399756,Georgia,UCF,8,10,43,34
georgia,clemson,0.5163595,Georgia,Clemson,8,8,43,42
georgia,connecticut,0.3388131,Georgia,Connecticut,8,2,43,35
georgia,duke,0.08591781,Georgia,Duke,8,1,43,9
georgia,florida,0.1768035,Georgia,Florida,8,1,43,40
georgia,furman,0.8984669,Georgia,Furman,8,15,43,38
georgia,gonzaga,0.31531662,Georgia,Gonzaga,8,3,43,29
georgia,hawaii,0.8874165,Georgia,Hawaii,8,13,43,25
georgia,high-point,0.8343854,Georgia,High Point,8,12,43,20
georgia,hofstra,0.88508004,Georgia,Hofstra,8,13,43,54
georgia,houston,0.23788168,Georgia,Houston,8,2,43,63
georgia,howard,0.93414414,Georgia,Howard,8,16,43,2
georgia,idaho,0.95472497,Georgia,Idaho,8,15,43,64
georgia,illinois,0.23259759,Georgia,Illinois,8,3,43,57
georgia,iowa,0.49833983,Georgia,Iowa,8,9,43,44
georgia,iowa-state,0.2925189,Georgia,Iowa State,8,2,43,67
georgia,kansas,0.48179057,Georgia,Kansas,8,4,43,21
georgia,kennesaw-state,0.8001391,Georgia,Kennesaw State,8,14,43,31
georgia,kentucky,0.47371417,Georgia,Kentucky,8,7,43,65
georgia,lehigh,0.9744271,Georgia,Lehigh,8,16,43,6
georgia,long-island-university,0.9531846,Georgia,Long Island University,8,16,43,12
georgia,louisville,0.41763943,Georgia,Louisville,8,6,43,24
georgia,maryland-baltimore-county,0.94983745,Georgia,Maryland-Baltimore County,8,16,43,1
georgia,mcneese-state,0.6321925,Georgia,McNeese State,8,12,43,48
georgia,miami-fl,0.554685,Georgia,Miami (FL),8,7,43,33
georgia,miami-oh,0.8998033,Georgia,Miami (OH),8,11,43,5
georgia,michigan,0.17433938,Georgia,Michigan,8,1,43,41
georgia,michigan-state,0.38914755,Georgia,Michigan State,8,3,43,28
georgia,missouri,0.6056892,Georgia,Missouri,8,10,43,36
georgia,nebraska,0.38531917,Georgia,Nebraska,8,4,43,50
georgia,north-carolina,0.5316284,Georgia,North Carolina,8,6,43,53
georgia,north-carolina-state,0.6500479,Georgia,NC State,8,11,43,8
georgia,north-dakota-state,0.8722296,Georgia,North Dakota State,8,14,43,30
georgia,northern-iowa,0.7745738,Georgia,Northern Iowa,8,12,43,19
georgia,ohio-state,0.53376156,Georgia,Ohio State,8,8,43,13
georgia,pennsylvania,0.9266299,Georgia,Pennsylvania,8,14,43,59
georgia,prairie-view,0.96985143,Georgia,Prairie View,8,16,43,4
georgia,purdue,0.296441,Georgia,Purdue,8,2,43,37
georgia,queens-nc,0.95889884,Georgia,Queens (NC),8,15,43,39
georgia,saint-louis,0.68832386,Georgia,Saint Louis,8,9,43,45
georgia,saint-marys-ca,0.40087157,Georgia,Saint Mary's (CA),8,7,43,61
georgia,santa-clara,0.5704849,Georgia,Santa Clara,8,10,43,66
georgia,siena,0.9581557,Georgia,Siena,8,16,43,11
georgia,south-florida,0.7072521,Georgia,South Florida,8,11,43,26
georgia,southern-methodist,0.6204264,Georgia,Southern Methodist,8,11,43,7
georgia,st-johns-ny,0.43123293,Georgia,St. John's (NY),8,5,43,17
georgia,tennessee,0.31655243,Georgia,Tennessee,8,6,43,56
georgia,tennessee-state,0.93320936,Georgia,Tennessee State,8,15,43,68
georgia,texas,0.61968887,Georgia,Texas,8,11,43,3
georgia,texas-am,0.46665105,Georgia,Texas A&M,8,10,43,62
georgia,texas-christian,0.50109,Georgia,TCU,8,9,43,15
georgia,texas-tech,0.42251253,Georgia,Texas Tech,8,5,43,47
georgia,troy,0.8352992,Georgia,Troy,8,13,43,52
georgia,ucla,0.46835965,Georgia,UCLA,8,7,43,32
georgia,utah-state,0.47183913,Georgia,Utah State,8,9,43,16
georgia,vanderbilt,0.3853728,Georgia,Vanderbilt,8,5,43,46
georgia,villanova,0.5374879,Georgia,Villanova,8,8,43,14
georgia,virginia,0.4144579,Georgia,Virginia,8,3,43,58
georgia,virginia-commonwealth,0.6489067,Georgia,Virginia Commonwealth,8,11,43,55
georgia,wisconsin,0.42211515,Georgia,Wisconsin,8,5,43,18
georgia,wright-state,0.9599955,Georgia,Wright State,8,14,43,60
gonzaga,akron,0.91456,Gonzaga,Akron,3,12,29,49
gonzaga,alabama,0.40510982,Gonzaga,Alabama,3,4,29,51
gonzaga,arizona,0.43096092,Gonzaga,Arizona,3,1,29,10
gonzaga,arkansas,0.5459562,Gonzaga,Arkansas,3,4,29,22
gonzaga,brigham-young,0.6917393,Gonzaga,Brigham Young,3,6,29,27
gonzaga,california-baptist,0.9634134,Gonzaga,California Baptist,3,13,29,23
gonzaga,central-florida,0.83429974,Gonzaga,UCF,3,10,29,34
gonzaga,clemson,0.75715935,Gonzaga,Clemson,3,8,29,42
gonzaga,connecticut,0.4899925,Gonzaga,Connecticut,3,2,29,35
gonzaga,duke,0.2620983,Gonzaga,Duke,3,1,29,9
gonzaga,florida,0.34500393,Gonzaga,Florida,3,1,29,40
gonzaga,furman,0.9704361,Gonzaga,Furman,3,15,29,38
gonzaga,georgia,0.63849086,Gonzaga,Georgia,3,8,29,43
gonzaga,hawaii,0.95222205,Gonzaga,Hawaii,3,13,29,25
gonzaga,high-point,0.89019233,Gonzaga,High Point,3,12,29,20
gonzaga,hofstra,0.9088389,Gonzaga,Hofstra,3,13,29,54
gonzaga,houston,0.43889472,Gonzaga,Houston,3,2,29,63
gonzaga,howard,0.9625713,Gonzaga,Howard,3,16,29,2
gonzaga,idaho,0.9676423,Gonzaga,Idaho,3,15,29,64
gonzaga,illinois,0.42603755,Gonzaga,Illinois,3,3,29,57
gonzaga,iowa,0.72007567,Gonzaga,Iowa,3,9,29,44
gonzaga,iowa-state,0.44205272,Gonzaga,Iowa State,3,2,29,67
gonzaga,kansas,0.60024333,Gonzaga,Kansas,3,4,29,21
gonzaga,kennesaw-state,0.95461035,Gonzaga,Kennesaw State,3,14,29,31
gonzaga,kentucky,0.5246187,Gonzaga,Kentucky,3,7,29,65
gonzaga,lehigh,0.98325837,Gonzaga,Lehigh,3,16,29,6
gonzaga,long-island-university,0.9759311,Gonzaga,Long Island University,3,16,29,12
gonzaga,louisville,0.5903282,Gonzaga,Louisville,3,6,29,24
gonzaga,maryland-baltimore-county,0.97894156,Gonzaga,Maryland-Baltimore County,3,16,29,1
gonzaga,mcneese-state,0.8055704,Gonzaga,McNeese State,3,12,29,48
gonzaga,miami-fl,0.76145715,Gonzaga,Miami (FL),3,7,29,33
gonzaga,miami-oh,0.9314465,Gonzaga,Miami (OH),3,11,29,5
gonzaga,michigan,0.40154344,Gonzaga,Michigan,3,1,29,41
gonzaga,michigan-state,0.42931443,Gonzaga,Michigan State,3,3,29,28
gonzaga,missouri,0.7800798,Gonzaga,Missouri,3,10,29,36
gonzaga,nebraska,0.60569394,Gonzaga,Nebraska,3,4,29,50
gonzaga,north-carolina,0.6932852,Gonzaga,North Carolina,3,6,29,53
gonzaga,north-carolina-state,0.86717665,Gonzaga,NC State,3,11,29,8
gonzaga,north-dakota-state,0.9361027,Gonzaga,North Dakota State,3,14,29,30
gonzaga,northern-iowa,0.90040016,Gonzaga,Northern Iowa,3,12,29,19
gonzaga,ohio-state,0.6981276,Gonzaga,Ohio State,3,8,29,13
gonzaga,pennsylvania,0.9711486,Gonzaga,Pennsylvania,3,14,29,59
gonzaga,prairie-view,0.98750544,Gonzaga,Prairie View,3,16,29,4
gonzaga,purdue,0.4601284,Gonzaga,Purdue,3,2,29,37
gonzaga,queens-nc,0.96374613,Gonzaga,Queens (NC),3,15,29,39
gonzaga,saint-louis,0.84069115,Gonzaga,Saint Louis,3,9,29,45
gonzaga,saint-marys-ca,0.64580095,Gonzaga,Saint Mary's (CA),3,7,29,61
gonzaga,santa-clara,0.722118,Gonzaga,Santa Clara,3,10,29,66
gonzaga,siena,0.98583996,Gonzaga,Siena,3,16,29,11
gonzaga,south-florida,0.87154895,Gonzaga,South Florida,3,11,29,26
gonzaga,southern-methodist,0.79054797,Gonzaga,Southern Methodist,3,11,29,7
gonzaga,st-johns-ny,0.5913523,Gonzaga,St. John's (NY),3,5,29,17
gonzaga,tennessee,0.5043233,Gonzaga,Tennessee,3,6,29,56
gonzaga,tennessee-state,0.97312105,Gonzaga,Tennessee State,3,15,29,68
gonzaga,texas,0.7178406,Gonzaga,Texas,3,11,29,3
gonzaga,texas-am,0.6705046,Gonzaga,Texas A&M,3,10,29,62
gonzaga,texas-christian,0.6877961,Gonzaga,TCU,3,9,29,15
gonzaga,texas-tech,0.60361993,Gonzaga,Texas Tech,3,5,29,47
gonzaga,troy,0.9440351,Gonzaga,Troy,3,13,29,52
gonzaga,ucla,0.64621854,Gonzaga,UCLA,3,7,29,32
gonzaga,utah-state,0.6543582,Gonzaga,Utah State,3,9,29,16
gonzaga,vanderbilt,0.58173686,Gonzaga,Vanderbilt,3,5,29,46
gonzaga,villanova,0.7294991,Gonzaga,Villanova,3,8,29,14
gonzaga,virginia,0.67240673,Gonzaga,Virginia,3,3,29,58
gonzaga,virginia-commonwealth,0.7676639,Gonzaga,Virginia Commonwealth,3,11,29,55
gonzaga,wisconsin,0.53786373,Gonzaga,Wisconsin,3,5,29,18
gonzaga,wright-state,0.9524104,Gonzaga,Wright State,3,14,29,60
hawaii,akron,0.35771558,Hawaii,Akron,13,12,25,49
hawaii,alabama,0.033811193,Hawaii,Alabama,13,4,25,51
hawaii,arizona,0.029420566,Hawaii,Arizona,13,1,25,10
hawaii,arkansas,0.07670234,Hawaii,Arkansas,13,4,25,22
hawaii,brigham-young,0.09726158,Hawaii,Brigham Young,13,6,25,27
hawaii,california-baptist,0.58875954,Hawaii,California Baptist,13,13,25,23
hawaii,central-florida,0.21473114,Hawaii,UCF,13,10,25,34
hawaii,clemson,0.1573482,Hawaii,Clemson,13,8,25,42
hawaii,connecticut,0.042433627,Hawaii,Connecticut,13,2,25,35
hawaii,duke,0.03557815,Hawaii,Duke,13,1,25,9
hawaii,florida,0.020490326,Hawaii,Florida,13,1,25,40
hawaii,furman,0.6089903,Hawaii,Furman,13,15,25,38
hawaii,georgia,0.11911051,Hawaii,Georgia,13,8,25,43
hawaii,gonzaga,0.04763358,Hawaii,Gonzaga,13,3,25,29
hawaii,high-point,0.24075784,Hawaii,High Point,13,12,25,20
hawaii,hofstra,0.41952604,Hawaii,Hofstra,13,13,25,54
hawaii,houston,0.020289171,Hawaii,Houston,13,2,25,63
hawaii,howard,0.5721098,Hawaii,Howard,13,16,25,2
hawaii,idaho,0.58805066,Hawaii,Idaho,13,15,25,64
hawaii,illinois,0.023198571,Hawaii,Illinois,13,3,25,57
hawaii,iowa,0.15868835,Hawaii,Iowa,13,9,25,44
hawaii,iowa-state,0.02746674,Hawaii,Iowa State,13,2,25,67
hawaii,kansas,0.057261623,Hawaii,Kansas,13,4,25,21
hawaii,kennesaw-state,0.44796342,Hawaii,Kennesaw State,13,14,25,31
hawaii,kentucky,0.04147248,Hawaii,Kentucky,13,7,25,65
hawaii,lehigh,0.7919841,Hawaii,Lehigh,13,16,25,6
hawaii,long-island-university,0.6928929,Hawaii,Long Island University,13,16,25,12
hawaii,louisville,0.071217425,Hawaii,Louisville,13,6,25,24
hawaii,maryland-baltimore-county,0.61298347,Hawaii,Maryland-Baltimore County,13,16,25,1
hawaii,mcneese-state,0.28198713,Hawaii,McNeese State,13,12,25,48
hawaii,miami-fl,0.20482704,Hawaii,Miami (FL),13,7,25,33
hawaii,miami-oh,0.41530797,Hawaii,Miami (OH),13,11,25,5
hawaii,michigan,0.025337363,Hawaii,Michigan,13,1,25,41
hawaii,michigan-state,0.034926657,Hawaii,Michigan State,13,3,25,28
hawaii,missouri,0.1683149,Hawaii,Missouri,13,10,25,36
hawaii,nebraska,0.11491541,Hawaii,Nebraska,13,4,25,50
hawaii,north-carolina,0.12800665,Hawaii,North Carolina,13,6,25,53
hawaii,north-carolina-state,0.23691313,Hawaii,NC State,13,11,25,8
hawaii,north-dakota-state,0.39838743,Hawaii,North Dakota State,13,14,25,30
hawaii,northern-iowa,0.33260387,Hawaii,Northern Iowa,13,12,25,19
hawaii,ohio-state,0.0719728,Hawaii,Ohio State,13,8,25,13
hawaii,pennsylvania,0.53181857,Hawaii,Pennsylvania,13,14,25,59
hawaii,prairie-view,0.82152605,Hawaii,Prairie View,13,16,25,4
hawaii,purdue,0.033996012,Hawaii,Purdue,13,2,25,37
hawaii,queens-nc,0.58611006,Hawaii,Queens (NC),13,15,25,39
hawaii,saint-louis,0.25307202,Hawaii,Saint Louis,13,9,25,45
hawaii,saint-marys-ca,0.06282745,Hawaii,Saint Mary's (CA),13,7,25,61
hawaii,santa-clara,0.1392909,Hawaii,Santa Clara,13,10,25,66
hawaii,siena,0.6995628,Hawaii,Siena,13,16,25,11
hawaii,south-florida,0.19757535,Hawaii,South Florida,13,11,25,26
hawaii,southern-methodist,0.1952826,Hawaii,Southern Methodist,13,11,25,7
hawaii,st-johns-ny,0.073225,Hawaii,St. John's (NY),13,5,25,17
hawaii,tennessee,0.030918494,Hawaii,Tennessee,13,6,25,56
hawaii,tennessee-state,0.5434108,Hawaii,Tennessee State,13,15,25,68
hawaii,texas,0.16924708,Hawaii,Texas,13,11,25,3
hawaii,texas-am,0.084481925,Hawaii,Texas A&M,13,10,25,62
hawaii,texas-christian,0.15058498,Hawaii,TCU,13,9,25,15
hawaii,texas-tech,0.051888276,Hawaii,Texas Tech,13,5,25,47
hawaii,troy,0.4805039,Hawaii,Troy,13,13,25,52
hawaii,ucla,0.09358557,Hawaii,UCLA,13,7,25,32
hawaii,utah-state,0.19584012,Hawaii,Utah State,13,9,25,16
hawaii,vanderbilt,0.09369727,Hawaii,Vanderbilt,13,5,25,46
hawaii,villanova,0.23119979,Hawaii,Villanova,13,8,25,14
hawaii,virginia,0.0928408,Hawaii,Virginia,13,3,25,58
hawaii,virginia-commonwealth,0.2011872,Hawaii,Virginia Commonwealth,13,11,25,55
hawaii,wisconsin,0.07920346,Hawaii,Wisconsin,13,5,25,18
hawaii,wright-state,0.515701,Hawaii,Wright State,13,14,25,60
high-point,akron,0.5697674,High Point,Akron,12,12,20,49
high-point,alabama,0.12464173,High Point,Alabama,12,4,20,51
high-point,arizona,0.07294034,High Point,Arizona,12,1,20,10
high-point,arkansas,0.14870955,High Point,Arkansas,12,4,20,22
high-point,brigham-young,0.20381384,High Point,Brigham Young,12,6,20,27
high-point,california-baptist,0.7562633,High Point,California Baptist,12,13,20,23
high-point,central-florida,0.31052917,High Point,UCF,12,10,20,34
high-point,clemson,0.3260743,High Point,Clemson,12,8,20,42
high-point,connecticut,0.15585835,High Point,Connecticut,12,2,20,35
high-point,duke,0.026495812,High Point,Duke,12,1,20,9
high-point,florida,0.03836475,High Point,Florida,12,1,20,40
high-point,furman,0.7992378,High Point,Furman,12,15,20,38
high-point,georgia,0.18639763,High Point,Georgia,12,8,20,43
high-point,gonzaga,0.13839598,High Point,Gonzaga,12,3,20,29
high-point,hawaii,0.743089,High Point,Hawaii,12,13,20,25
high-point,hofstra,0.64205533,High Point,Hofstra,12,13,20,54
high-point,houston,0.06642473,High Point,Houston,12,2,20,63
high-point,howard,0.81931823,High Point,Howard,12,16,20,2
high-point,idaho,0.81028473,High Point,Idaho,12,15,20,64
high-point,illinois,0.09829797,High Point,Illinois,12,3,20,57
high-point,iowa,0.3055753,High Point,Iowa,12,9,20,44
high-point,iowa-state,0.09026459,High Point,Iowa State,12,2,20,67
high-point,kansas,0.1514911,High Point,Kansas,12,4,20,21
high-point,kennesaw-state,0.720396,High Point,Kennesaw State,12,14,20,31
high-point,kentucky,0.1565129,High Point,Kentucky,12,7,20,65
high-point,lehigh,0.93966335,High Point,Lehigh,12,16,20,6
high-point,long-island-university,0.875167,High Point,Long Island University,12,16,20,12
high-point,louisville,0.14678095,High Point,Louisville,12,6,20,24
high-point,maryland-baltimore-county,0.8199293,High Point,Maryland-Baltimore County,12,16,20,1
high-point,mcneese-state,0.5340659,High Point,McNeese State,12,12,20,48
high-point,miami-fl,0.35116914,High Point,Miami (FL),12,7,20,33
high-point,miami-oh,0.64353186,High Point,Miami (OH),12,11,20,5
high-point,michigan,0.06419947,High Point,Michigan,12,1,20,41
high-point,michigan-state,0.12829277,High Point,Michigan State,12,3,20,28
high-point,missouri,0.36759874,High Point,Missouri,12,10,20,36
high-point,nebraska,0.19374925,High Point,Nebraska,12,4,20,50
high-point,north-carolina,0.14974242,High Point,North Carolina,12,6,20,53
high-point,north-carolina-state,0.38566867,High Point,NC State,12,11,20,8
high-point,north-dakota-state,0.6381745,High Point,North Dakota State,12,14,20,30
high-point,northern-iowa,0.5664349,High Point,Northern Iowa,12,12,20,19
high-point,ohio-state,0.19360651,High Point,Ohio State,12,8,20,13
high-point,pennsylvania,0.8153162,High Point,Pennsylvania,12,14,20,59
high-point,prairie-view,0.96037495,High Point,Prairie View,12,16,20,4
high-point,purdue,0.14257614,High Point,Purdue,12,2,20,37
high-point,queens-nc,0.81912,High Point,Queens (NC),12,15,20,39
high-point,saint-louis,0.44977355,High Point,Saint Louis,12,9,20,45
high-point,saint-marys-ca,0.21809107,High Point,Saint Mary's (CA),12,7,20,61
high-point,santa-clara,0.31534153,High Point,Santa Clara,12,10,20,66
high-point,siena,0.8517908,High Point,Siena,12,16,20,11
high-point,south-florida,0.48530936,High Point,South Florida,12,11,20,26
high-point,southern-methodist,0.3669759,High Point,Southern Methodist,12,11,20,7
high-point,st-johns-ny,0.15064646,High Point,St. John's (NY),12,5,20,17
high-point,tennessee,0.08634168,High Point,Tennessee,12,6,20,56
high-point,tennessee-state,0.77026093,High Point,Tennessee State,12,15,20,68
high-point,texas,0.2421634,High Point,Texas,12,11,20,3
high-point,texas-am,0.16648768,High Point,Texas A&M,12,10,20,62
high-point,texas-christian,0.2674688,High Point,TCU,12,9,20,15
high-point,texas-tech,0.1262106,High Point,Texas Tech,12,5,20,47
high-point,troy,0.7327784,High Point,Troy,12,13,20,52
high-point,ucla,0.14451507,High Point,UCLA,12,7,20,32
high-point,utah-state,0.31888416,High Point,Utah State,12,9,20,16
high-point,vanderbilt,0.18029463,High Point,Vanderbilt,12,5,20,46
high-point,villanova,0.37099087,High Point,Villanova,12,8,20,14
high-point,virginia,0.23246682,High Point,Virginia,12,3,20,58
high-point,virginia-commonwealth,0.5230461,High Point,Virginia Commonwealth,12,11,20,55
high-point,wisconsin,0.12634999,High Point,Wisconsin,12,5,20,18
high-point,wright-state,0.73375326,High Point,Wright State,12,14,20,60
hofstra,akron,0.4442153,Hofstra,Akron,13,12,54,49
hofstra,alabama,0.097061224,Hofstra,Alabama,13,4,54,51
hofstra,arizona,0.045957312,Hofstra,Arizona,13,1,54,10
hofstra,arkansas,0.20155,Hofstra,Arkansas,13,4,54,22
hofstra,brigham-young,0.22449727,Hofstra,Brigham Young,13,6,54,27
hofstra,california-baptist,0.6297443,Hofstra,California Baptist,13,13,54,23
hofstra,central-florida,0.22671148,Hofstra,UCF,13,10,54,34
hofstra,clemson,0.25244933,Hofstra,Clemson,13,8,54,42
hofstra,connecticut,0.09759158,Hofstra,Connecticut,13,2,54,35
hofstra,duke,0.022592643,Hofstra,Duke,13,1,54,9
hofstra,florida,0.036614157,Hofstra,Florida,13,1,54,40
hofstra,furman,0.7275712,Hofstra,Furman,13,15,54,38
hofstra,georgia,0.27182072,Hofstra,Georgia,13,8,54,43
hofstra,gonzaga,0.068408795,Hofstra,Gonzaga,13,3,54,29
hofstra,hawaii,0.5570058,Hofstra,Hawaii,13,13,54,25
hofstra,high-point,0.38734683,Hofstra,High Point,13,12,54,20
hofstra,houston,0.030738426,Hofstra,Houston,13,2,54,63
hofstra,howard,0.624451,Hofstra,Howard,13,16,54,2
hofstra,idaho,0.6784505,Hofstra,Idaho,13,15,54,64
hofstra,illinois,0.050846834,Hofstra,Illinois,13,3,54,57
hofstra,iowa,0.25606182,Hofstra,Iowa,13,9,54,44
hofstra,iowa-state,0.048279636,Hofstra,Iowa State,13,2,54,67
hofstra,kansas,0.08572918,Hofstra,Kansas,13,4,54,21
hofstra,kennesaw-state,0.6411249,Hofstra,Kennesaw State,13,14,54,31
hofstra,kentucky,0.17614818,Hofstra,Kentucky,13,7,54,65
hofstra,lehigh,0.87851346,Hofstra,Lehigh,13,16,54,6
hofstra,long-island-university,0.7702429,Hofstra,Long Island University,13,16,54,12
hofstra,louisville,0.17872868,Hofstra,Louisville,13,6,54,24
hofstra,maryland-baltimore-county,0.6706949,Hofstra,Maryland-Baltimore County,13,16,54,1
hofstra,mcneese-state,0.3683226,Hofstra,McNeese State,13,12,54,48
hofstra,miami-fl,0.2509921,Hofstra,Miami (FL),13,7,54,33
hofstra,miami-oh,0.519871,Hofstra,Miami (OH),13,11,54,5
hofstra,michigan,0.030215628,Hofstra,Michigan,13,1,54,41
hofstra,michigan-state,0.14597426,Hofstra,Michigan State,13,3,54,28
hofstra,missouri,0.36523578,Hofstra,Missouri,13,10,54,36
hofstra,nebraska,0.20437409,Hofstra,Nebraska,13,4,54,50
hofstra,north-carolina,0.102126524,Hofstra,North Carolina,13,6,54,53
hofstra,north-carolina-state,0.31110778,Hofstra,NC State,13,11,54,8
hofstra,north-dakota-state,0.5092056,Hofstra,North Dakota State,13,14,54,30
hofstra,northern-iowa,0.47629622,Hofstra,Northern Iowa,13,12,54,19
hofstra,ohio-state,0.1876709,Hofstra,Ohio State,13,8,54,13
hofstra,pennsylvania,0.6922731,Hofstra,Pennsylvania,13,14,54,59
hofstra,prairie-view,0.92247534,Hofstra,Prairie View,13,16,54,4
hofstra,purdue,0.10275258,Hofstra,Purdue,13,2,54,37
hofstra,queens-nc,0.71809065,Hofstra,Queens (NC),13,15,54,39
hofstra,saint-louis,0.3314442,Hofstra,Saint Louis,13,9,54,45
hofstra,saint-marys-ca,0.107960284,Hofstra,Saint Mary's (CA),13,7,54,61
hofstra,santa-clara,0.28718114,Hofstra,Santa Clara,13,10,54,66
hofstra,siena,0.77257437,Hofstra,Siena,13,16,54,11
hofstra,south-florida,0.410815,Hofstra,South Florida,13,11,54,26
hofstra,southern-methodist,0.34273326,Hofstra,Southern Methodist,13,11,54,7
hofstra,st-johns-ny,0.1438377,Hofstra,St. John's (NY),13,5,54,17
hofstra,tennessee,0.085956484,Hofstra,Tennessee,13,6,54,56
hofstra,tennessee-state,0.6286542,Hofstra,Tennessee State,13,15,54,68
hofstra,texas,0.27928483,Hofstra,Texas,13,11,54,3
hofstra,texas-am,0.10500947,Hofstra,Texas A&M,13,10,54,62
hofstra,texas-christian,0.27420068,Hofstra,TCU,13,9,54,15
hofstra,texas-tech,0.16995732,Hofstra,Texas Tech,13,5,54,47
hofstra,troy,0.624018,Hofstra,Troy,13,13,54,52
hofstra,ucla,0.0951683,Hofstra,UCLA,13,7,54,32
hofstra,utah-state,0.20733123,Hofstra,Utah State,13,9,54,16
hofstra,vanderbilt,0.12285068,Hofstra,Vanderbilt,13,5,54,46
hofstra,villanova,0.22909278,Hofstra,Villanova,13,8,54,14
hofstra,virginia,0.1568918,Hofstra,Virginia,13,3,54,58
hofstra,virginia-commonwealth,0.31739584,Hofstra,Virginia Commonwealth,13,11,54,55
hofstra,wisconsin,0.09714743,Hofstra,Wisconsin,13,5,54,18
hofstra,wright-state,0.63011247,Hofstra,Wright State,13,14,54,60
houston,akron,0.95368266,Houston,Akron,2,12,63,49
houston,alabama,0.5905818,Houston,Alabama,2,4,63,51
houston,arizona,0.47739786,Houston,Arizona,2,1,63,10
houston,arkansas,0.55900615,Houston,Arkansas,2,4,63,22
houston,brigham-young,0.766498,Houston,Brigham Young,2,6,63,27
houston,california-baptist,0.97133696,Houston,California Baptist,2,13,63,23
houston,central-florida,0.9460903,Houston,UCF,2,10,63,34
houston,clemson,0.7883181,Houston,Clemson,2,8,63,42
houston,connecticut,0.5777747,Houston,Connecticut,2,2,63,35
houston,duke,0.34331667,Houston,Duke,2,1,63,9
houston,florida,0.396187,Houston,Florida,2,1,63,40
houston,furman,0.98141104,Houston,Furman,2,15,63,38
houston,georgia,0.7479359,Houston,Georgia,2,8,63,43
houston,gonzaga,0.56627876,Houston,Gonzaga,2,3,63,29
houston,hawaii,0.9658351,Houston,Hawaii,2,13,63,25
houston,high-point,0.9370893,Houston,High Point,2,12,63,20
houston,hofstra,0.95210373,Houston,Hofstra,2,13,63,54
houston,howard,0.9696274,Houston,Howard,2,16,63,2
houston,idaho,0.98368925,Houston,Idaho,2,15,63,64
houston,illinois,0.43067566,Houston,Illinois,2,3,63,57
houston,iowa,0.79845136,Houston,Iowa,2,9,63,44
houston,iowa-state,0.46280035,Houston,Iowa State,2,2,63,67
houston,kansas,0.71399647,Houston,Kansas,2,4,63,21
houston,kennesaw-state,0.969921,Houston,Kennesaw State,2,14,63,31
houston,kentucky,0.7263826,Houston,Kentucky,2,7,63,65
houston,lehigh,0.98845774,Houston,Lehigh,2,16,63,6
houston,long-island-university,0.9748687,Houston,Long Island University,2,16,63,12
houston,louisville,0.6564632,Houston,Louisville,2,6,63,24
houston,maryland-baltimore-county,0.97767854,Houston,Maryland-Baltimore County,2,16,63,1
houston,mcneese-state,0.93862593,Houston,McNeese State,2,12,63,48
houston,miami-fl,0.85153437,Houston,Miami (FL),2,7,63,33
houston,miami-oh,0.971815,Houston,Miami (OH),2,11,63,5
houston,michigan,0.42188504,Houston,Michigan,2,1,63,41
houston,michigan-state,0.53734434,Houston,Michigan State,2,3,63,28
houston,missouri,0.85653865,Houston,Missouri,2,10,63,36
houston,nebraska,0.68568015,Houston,Nebraska,2,4,63,50
houston,north-carolina,0.7610717,Houston,North Carolina,2,6,63,53
houston,north-carolina-state,0.897147,Houston,NC State,2,11,63,8
houston,north-dakota-state,0.9635267,Houston,North Dakota State,2,14,63,30
houston,northern-iowa,0.9411521,Houston,Northern Iowa,2,12,63,19
houston,ohio-state,0.7350706,Houston,Ohio State,2,8,63,13
houston,pennsylvania,0.9853904,Houston,Pennsylvania,2,14,63,59
houston,prairie-view,0.96969014,Houston,Prairie View,2,16,63,4
houston,purdue,0.53967845,Houston,Purdue,2,2,63,37
houston,queens-nc,0.98545545,Houston,Queens (NC),2,15,63,39
houston,saint-louis,0.89689887,Houston,Saint Louis,2,9,63,45
houston,saint-marys-ca,0.65000933,Houston,Saint Mary's (CA),2,7,63,61
houston,santa-clara,0.79191655,Houston,Santa Clara,2,10,63,66
houston,siena,0.98423463,Houston,Siena,2,16,63,11
houston,south-florida,0.92704934,Houston,South Florida,2,11,63,26
houston,southern-methodist,0.85861814,Houston,Southern Methodist,2,11,63,7
houston,st-johns-ny,0.6703578,Houston,St. John's (NY),2,5,63,17
houston,tennessee,0.61215705,Houston,Tennessee,2,6,63,56
houston,tennessee-state,0.9761233,Houston,Tennessee State,2,15,63,68
houston,texas,0.7962134,Houston,Texas,2,11,63,3
houston,texas-am,0.79708284,Houston,Texas A&M,2,10,63,62
houston,texas-christian,0.837888,Houston,TCU,2,9,63,15
houston,texas-tech,0.62298566,Houston,Texas Tech,2,5,63,47
houston,troy,0.97605115,Houston,Troy,2,13,63,52
houston,ucla,0.6836655,Houston,UCLA,2,7,63,32
houston,utah-state,0.7566801,Houston,Utah State,2,9,63,16
houston,vanderbilt,0.6595012,Houston,Vanderbilt,2,5,63,46
houston,villanova,0.8052391,Houston,Villanova,2,8,63,14
houston,virginia,0.7851019,Houston,Virginia,2,3,63,58
houston,virginia-commonwealth,0.86106193,Houston,Virginia Commonwealth,2,11,63,55
houston,wisconsin,0.54740036,Houston,Wisconsin,2,5,63,18
houston,wright-state,0.9644833,Houston,Wright State,2,14,63,60
howard,akron,0.28823838,Howard,Akron,16,12,2,49
howard,alabama,0.053914856,Howard,Alabama,16,4,2,51
howard,arizona,0.02232795,Howard,Arizona,16,1,2,10
howard,arkansas,0.050487317,Howard,Arkansas,16,4,2,22
howard,brigham-young,0.09947534,Howard,Brigham Young,16,6,2,27
howard,california-baptist,0.49571967,Howard,California Baptist,16,13,2,23
howard,central-florida,0.14694113,Howard,UCF,16,10,2,34
howard,clemson,0.065845095,Howard,Clemson,16,8,2,42
howard,connecticut,0.025494808,Howard,Connecticut,16,2,2,35
howard,duke,0.025381872,Howard,Duke,16,1,2,9
howard,florida,0.023342196,Howard,Florida,16,1,2,40
howard,furman,0.5481043,Howard,Furman,16,15,2,38
howard,georgia,0.087172545,Howard,Georgia,16,8,2,43
howard,gonzaga,0.024633398,Howard,Gonzaga,16,3,2,29
howard,hawaii,0.45113736,Howard,Hawaii,16,13,2,25
howard,high-point,0.19611953,Howard,High Point,16,12,2,20
howard,hofstra,0.34936595,Howard,Hofstra,16,13,2,54
howard,houston,0.028611107,Howard,Houston,16,2,2,63
howard,idaho,0.5143487,Howard,Idaho,16,15,2,64
howard,illinois,0.036026925,Howard,Illinois,16,3,2,57
howard,iowa,0.09072371,Howard,Iowa,16,9,2,44
howard,iowa-state,0.02601335,Howard,Iowa State,16,2,2,67
howard,kansas,0.057549182,Howard,Kansas,16,4,2,21
howard,kennesaw-state,0.3748783,Howard,Kennesaw State,16,14,2,31
howard,kentucky,0.04465161,Howard,Kentucky,16,7,2,65
howard,lehigh,0.73464143,Howard,Lehigh,16,16,2,6
howard,long-island-university,0.61007106,Howard,Long Island University,16,16,2,12
howard,louisville,0.03189619,Howard,Louisville,16,6,2,24
howard,maryland-baltimore-county,0.56192046,Howard,Maryland-Baltimore County,16,16,2,1
howard,mcneese-state,0.16457543,Howard,McNeese State,16,12,2,48
howard,miami-fl,0.09500934,Howard,Miami (FL),16,7,2,33
howard,miami-oh,0.39567292,Howard,Miami (OH),16,11,2,5
howard,michigan,0.026242966,Howard,Michigan,16,1,2,41
howard,michigan-state,0.04653463,Howard,Michigan State,16,3,2,28
howard,missouri,0.18928932,Howard,Missouri,16,10,2,36
howard,nebraska,0.03713584,Howard,Nebraska,16,4,2,50
howard,north-carolina,0.04177285,Howard,North Carolina,16,6,2,53
howard,north-carolina-state,0.2197079,Howard,NC State,16,11,2,8
howard,north-dakota-state,0.33407432,Howard,North Dakota State,16,14,2,30
howard,northern-iowa,0.2523954,Howard,Northern Iowa,16,12,2,19
howard,ohio-state,0.082263395,Howard,Ohio State,16,8,2,13
howard,pennsylvania,0.49260136,Howard,Pennsylvania,16,14,2,59
howard,prairie-view,0.7829859,Howard,Prairie View,16,16,2,4
howard,purdue,0.059332114,Howard,Purdue,16,2,2,37
howard,queens-nc,0.5568775,Howard,Queens (NC),16,15,2,39
howard,saint-louis,0.15514584,Howard,Saint Louis,16,9,2,45
howard,saint-marys-ca,0.021688469,Howard,Saint Mary's (CA),16,7,2,61
howard,santa-clara,0.06310435,Howard,Santa Clara,16,10,2,66
howard,siena,0.583905,Howard,Siena,16,16,2,11
howard,south-florida,0.21154384,Howard,South Florida,16,11,2,26
howard,southern-methodist,0.166507,Howard,Southern Methodist,16,11,2,7
howard,st-johns-ny,0.03229813,Howard,St. John's (NY),16,5,2,17
howard,tennessee,0.03198167,Howard,Tennessee,16,6,2,56
howard,tennessee-state,0.47523183,Howard,Tennessee State,16,15,2,68
howard,texas,0.08833976,Howard,Texas,16,11,2,3
howard,texas-am,0.07025797,Howard,Texas A&M,16,10,2,62
howard,texas-christian,0.0753993,Howard,TCU,16,9,2,15
howard,texas-tech,0.061894074,Howard,Texas Tech,16,5,2,47
howard,troy,0.4226996,Howard,Troy,16,13,2,52
howard,ucla,0.08252369,Howard,UCLA,16,7,2,32
howard,utah-state,0.059457347,Howard,Utah State,16,9,2,16
howard,vanderbilt,0.030792622,Howard,Vanderbilt,16,5,2,46
howard,villanova,0.06863366,Howard,Villanova,16,8,2,14
howard,virginia,0.04429441,Howard,Virginia,16,3,2,58
howard,virginia-commonwealth,0.115001366,Howard,Virginia Commonwealth,16,11,2,55
howard,wisconsin,0.034162518,Howard,Wisconsin,16,5,2,18
howard,wright-state,0.5018914,Howard,Wright State,16,14,2,60
idaho,akron,0.28276455,Idaho,Akron,15,12,64,49
idaho,alabama,0.04266123,Idaho,Alabama,15,4,64,51
idaho,arizona,0.025782954,Idaho,Arizona,15,1,64,10
idaho,arkansas,0.0401306,Idaho,Arkansas,15,4,64,22
idaho,brigham-young,0.046652947,Idaho,Brigham Young,15,6,64,27
idaho,california-baptist,0.5030012,Idaho,California Baptist,15,13,64,23
idaho,central-florida,0.09468069,Idaho,UCF,15,10,64,34
idaho,clemson,0.07475492,Idaho,Clemson,15,8,64,42
idaho,connecticut,0.033291217,Idaho,Connecticut,15,2,64,35
idaho,duke,0.025001286,Idaho,Duke,15,1,64,9
idaho,florida,0.018322913,Idaho,Florida,15,1,64,40
idaho,furman,0.5318919,Idaho,Furman,15,15,64,38
idaho,georgia,0.08572067,Idaho,Georgia,15,8,64,43
idaho,gonzaga,0.024278283,Idaho,Gonzaga,15,3,64,29
idaho,hawaii,0.40027085,Idaho,Hawaii,15,13,64,25
idaho,high-point,0.20215629,Idaho,High Point,15,12,64,20
idaho,hofstra,0.2874171,Idaho,Hofstra,15,13,64,54
idaho,houston,0.018431395,Idaho,Houston,15,2,64,63
idaho,howard,0.51190096,Idaho,Howard,15,16,64,2
idaho,illinois,0.022340735,Idaho,Illinois,15,3,64,57
idaho,iowa,0.13146593,Idaho,Iowa,15,9,64,44
idaho,iowa-state,0.025350286,Idaho,Iowa State,15,2,64,67
idaho,kansas,0.030382901,Idaho,Kansas,15,4,64,21
idaho,kennesaw-state,0.45767045,Idaho,Kennesaw State,15,14,64,31
idaho,kentucky,0.03422678,Idaho,Kentucky,15,7,64,65
idaho,lehigh,0.7264883,Idaho,Lehigh,15,16,64,6
idaho,long-island-university,0.6009302,Idaho,Long Island University,15,16,64,12
idaho,louisville,0.028547393,Idaho,Louisville,15,6,64,24
idaho,maryland-baltimore-county,0.5415679,Idaho,Maryland-Baltimore County,15,16,64,1
idaho,mcneese-state,0.24858353,Idaho,McNeese State,15,12,64,48
idaho,miami-fl,0.14569521,Idaho,Miami (FL),15,7,64,33
idaho,miami-oh,0.37444037,Idaho,Miami (OH),15,11,64,5
idaho,michigan,0.01648601,Idaho,Michigan,15,1,64,41
idaho,michigan-state,0.025530959,Idaho,Michigan State,15,3,64,28
idaho,missouri,0.1874221,Idaho,Missouri,15,10,64,36
idaho,nebraska,0.051336266,Idaho,Nebraska,15,4,64,50
idaho,north-carolina,0.037817866,Idaho,North Carolina,15,6,64,53
idaho,north-carolina-state,0.1502397,Idaho,NC State,15,11,64,8
idaho,north-dakota-state,0.3534613,Idaho,North Dakota State,15,14,64,30
idaho,northern-iowa,0.24876262,Idaho,Northern Iowa,15,12,64,19
idaho,ohio-state,0.0783899,Idaho,Ohio State,15,8,64,13
idaho,pennsylvania,0.50528854,Idaho,Pennsylvania,15,14,64,59
idaho,prairie-view,0.75980765,Idaho,Prairie View,15,16,64,4
idaho,purdue,0.026991563,Idaho,Purdue,15,2,64,37
idaho,queens-nc,0.5225986,Idaho,Queens (NC),15,15,64,39
idaho,saint-louis,0.17179069,Idaho,Saint Louis,15,9,64,45
idaho,saint-marys-ca,0.03475859,Idaho,Saint Mary's (CA),15,7,64,61
idaho,santa-clara,0.08637242,Idaho,Santa Clara,15,10,64,66
idaho,siena,0.5485657,Idaho,Siena,15,16,64,11
idaho,south-florida,0.18967196,Idaho,South Florida,15,11,64,26
idaho,southern-methodist,0.11779516,Idaho,Southern Methodist,15,11,64,7
idaho,st-johns-ny,0.031020757,Idaho,St. John's (NY),15,5,64,17
idaho,tennessee,0.022259472,Idaho,Tennessee,15,6,64,56
idaho,tennessee-state,0.4655433,Idaho,Tennessee State,15,15,64,68
idaho,texas,0.108477786,Idaho,Texas,15,11,64,3
idaho,texas-am,0.042103197,Idaho,Texas A&M,15,10,64,62
idaho,texas-christian,0.072411,Idaho,TCU,15,9,64,15
idaho,texas-tech,0.053164393,Idaho,Texas Tech,15,5,64,47
idaho,troy,0.47514668,Idaho,Troy,15,13,64,52
idaho,ucla,0.03227048,Idaho,UCLA,15,7,64,32
idaho,utah-state,0.0962301,Idaho,Utah State,15,9,64,16
idaho,vanderbilt,0.034569766,Idaho,Vanderbilt,15,5,64,46
idaho,villanova,0.11319087,Idaho,Villanova,15,8,64,14
idaho,virginia,0.067760766,Idaho,Virginia,15,3,64,58
idaho,virginia-commonwealth,0.12403805,Idaho,Virginia Commonwealth,15,11,64,55
idaho,wisconsin,0.027477704,Idaho,Wisconsin,15,5,64,18
idaho,wright-state,0.44783664,Idaho,Wright State,15,14,64,60
illinois,akron,0.9169163,Illinois,Akron,3,12,57,49
illinois,alabama,0.63961464,Illinois,Alabama,3,4,57,51
illinois,arizona,0.46856654,Illinois,Arizona,3,1,57,10
illinois,arkansas,0.6677183,Illinois,Arkansas,3,4,57,22
illinois,brigham-young,0.64590836,Illinois,Brigham Young,3,6,57,27
illinois,california-baptist,0.96844035,Illinois,California Baptist,3,13,57,23
illinois,central-florida,0.8739467,Illinois,UCF,3,10,57,34
illinois,clemson,0.77137953,Illinois,Clemson,3,8,57,42
illinois,connecticut,0.5985272,Illinois,Connecticut,3,2,57,35
illinois,duke,0.31722844,Illinois,Duke,3,1,57,9
illinois,florida,0.35996795,Illinois,Florida,3,1,57,40
illinois,furman,0.9733565,Illinois,Furman,3,15,57,38
illinois,georgia,0.7109273,Illinois,Georgia,3,8,57,43
illinois,gonzaga,0.57496685,Illinois,Gonzaga,3,3,57,29
illinois,hawaii,0.958201,Illinois,Hawaii,3,13,57,25
illinois,high-point,0.87071854,Illinois,High Point,3,12,57,20
illinois,hofstra,0.9505677,Illinois,Hofstra,3,13,57,54
illinois,houston,0.5204473,Illinois,Houston,3,2,57,63
illinois,howard,0.9469171,Illinois,Howard,3,16,57,2
illinois,idaho,0.9791515,Illinois,Idaho,3,15,57,64
illinois,iowa,0.7770027,Illinois,Iowa,3,9,57,44
illinois,iowa-state,0.60988104,Illinois,Iowa State,3,2,57,67
illinois,kansas,0.70271325,Illinois,Kansas,3,4,57,21
illinois,kennesaw-state,0.97296786,Illinois,Kennesaw State,3,14,57,31
illinois,kentucky,0.7284171,Illinois,Kentucky,3,7,57,65
illinois,lehigh,0.984406,Illinois,Lehigh,3,16,57,6
illinois,long-island-university,0.9649401,Illinois,Long Island University,3,16,57,12
illinois,louisville,0.64308244,Illinois,Louisville,3,6,57,24
illinois,maryland-baltimore-county,0.968763,Illinois,Maryland-Baltimore County,3,16,57,1
illinois,mcneese-state,0.89944035,Illinois,McNeese State,3,12,57,48
illinois,miami-fl,0.8360287,Illinois,Miami (FL),3,7,57,33
illinois,miami-oh,0.9651483,Illinois,Miami (OH),3,11,57,5
illinois,michigan,0.44621328,Illinois,Michigan,3,1,57,41
illinois,michigan-state,0.559676,Illinois,Michigan State,3,3,57,28
illinois,missouri,0.8473648,Illinois,Missouri,3,10,57,36
illinois,nebraska,0.67246884,Illinois,Nebraska,3,4,57,50
illinois,north-carolina,0.7542687,Illinois,North Carolina,3,6,57,53
illinois,north-carolina-state,0.82528865,Illinois,NC State,3,11,57,8
illinois,north-dakota-state,0.95739096,Illinois,North Dakota State,3,14,57,30
illinois,northern-iowa,0.85688007,Illinois,Northern Iowa,3,12,57,19
illinois,ohio-state,0.7267966,Illinois,Ohio State,3,8,57,13
illinois,pennsylvania,0.9735588,Illinois,Pennsylvania,3,14,57,59
illinois,prairie-view,0.97862154,Illinois,Prairie View,3,16,57,4
illinois,purdue,0.5732255,Illinois,Purdue,3,2,57,37
illinois,queens-nc,0.9828871,Illinois,Queens (NC),3,15,57,39
illinois,saint-louis,0.86840516,Illinois,Saint Louis,3,9,57,45
illinois,saint-marys-ca,0.59634286,Illinois,Saint Mary's (CA),3,7,57,61
illinois,santa-clara,0.74124104,Illinois,Santa Clara,3,10,57,66
illinois,siena,0.9793249,Illinois,Siena,3,16,57,11
illinois,south-florida,0.91736966,Illinois,South Florida,3,11,57,26
illinois,southern-methodist,0.81072736,Illinois,Southern Methodist,3,11,57,7
illinois,st-johns-ny,0.64568454,Illinois,St. John's (NY),3,5,57,17
illinois,tennessee,0.558047,Illinois,Tennessee,3,6,57,56
illinois,tennessee-state,0.9718702,Illinois,Tennessee State,3,15,57,68
illinois,texas,0.78920156,Illinois,Texas,3,11,57,3
illinois,texas-am,0.80204403,Illinois,Texas A&M,3,10,57,62
illinois,texas-christian,0.7640023,Illinois,TCU,3,9,57,15
illinois,texas-tech,0.6700378,Illinois,Texas Tech,3,5,57,47
illinois,troy,0.97471267,Illinois,Troy,3,13,57,52
illinois,ucla,0.70231956,Illinois,UCLA,3,7,57,32
illinois,utah-state,0.76919687,Illinois,Utah State,3,9,57,16
illinois,vanderbilt,0.61103463,Illinois,Vanderbilt,3,5,57,46
illinois,villanova,0.7949063,Illinois,Villanova,3,8,57,14
illinois,virginia,0.6858524,Illinois,Virginia,3,3,57,58
illinois,virginia-commonwealth,0.787256,Illinois,Virginia Commonwealth,3,11,57,55
illinois,wisconsin,0.6684425,Illinois,Wisconsin,3,5,57,18
illinois,wright-state,0.9624405,Illinois,Wright State,3,14,57,60
iowa,akron,0.7674774,Iowa,Akron,9,12,44,49
iowa,alabama,0.3101558,Iowa,Alabama,9,4,44,51
iowa,arizona,0.23405877,Iowa,Arizona,9,1,44,10
iowa,arkansas,0.38448,Iowa,Arkansas,9,4,44,22
iowa,brigham-young,0.46334592,Iowa,Brigham Young,9,6,44,27
iowa,california-baptist,0.85967445,Iowa,California Baptist,9,13,44,23
iowa,central-florida,0.6537441,Iowa,UCF,9,10,44,34
iowa,clemson,0.54839,Iowa,Clemson,9,8,44,42
iowa,connecticut,0.3641572,Iowa,Connecticut,9,2,44,35
iowa,duke,0.10220189,Iowa,Duke,9,1,44,9
iowa,florida,0.20181489,Iowa,Florida,9,1,44,40
iowa,furman,0.87189806,Iowa,Furman,9,15,44,38
iowa,georgia,0.50546026,Iowa,Georgia,9,8,44,43
iowa,gonzaga,0.30933696,Iowa,Gonzaga,9,3,44,29
iowa,hawaii,0.8201513,Iowa,Hawaii,9,13,44,25
iowa,high-point,0.78052366,Iowa,High Point,9,12,44,20
iowa,hofstra,0.7335724,Iowa,Hofstra,9,13,44,54
iowa,houston,0.18783069,Iowa,Houston,9,2,44,63
iowa,howard,0.9451549,Iowa,Howard,9,16,44,2
iowa,idaho,0.8820512,Iowa,Idaho,9,15,44,64
iowa,illinois,0.2723056,Iowa,Illinois,9,3,44,57
iowa,iowa-state,0.2596486,Iowa,Iowa State,9,2,44,67
iowa,kansas,0.481884,Iowa,Kansas,9,4,44,21
iowa,kennesaw-state,0.8412483,Iowa,Kennesaw State,9,14,44,31
iowa,kentucky,0.47992307,Iowa,Kentucky,9,7,44,65
iowa,lehigh,0.9781948,Iowa,Lehigh,9,16,44,6
iowa,long-island-university,0.9278951,Iowa,Long Island University,9,16,44,12
iowa,louisville,0.40135136,Iowa,Louisville,9,6,44,24
iowa,maryland-baltimore-county,0.9532991,Iowa,Maryland-Baltimore County,9,16,44,1
iowa,mcneese-state,0.67344624,Iowa,McNeese State,9,12,44,48
iowa,miami-fl,0.5475687,Iowa,Miami (FL),9,7,44,33
iowa,miami-oh,0.88160163,Iowa,Miami (OH),9,11,44,5
iowa,michigan,0.24243085,Iowa,Michigan,9,1,44,41
iowa,michigan-state,0.35616896,Iowa,Michigan State,9,3,44,28
iowa,missouri,0.58721143,Iowa,Missouri,9,10,44,36
iowa,nebraska,0.47824955,Iowa,Nebraska,9,4,44,50
iowa,north-carolina,0.4824081,Iowa,North Carolina,9,6,44,53
iowa,north-carolina-state,0.5160409,Iowa,NC State,9,11,44,8
iowa,north-dakota-state,0.81395763,Iowa,North Dakota State,9,14,44,30
iowa,northern-iowa,0.7487042,Iowa,Northern Iowa,9,12,44,19
iowa,ohio-state,0.50819725,Iowa,Ohio State,9,8,44,13
iowa,pennsylvania,0.8963228,Iowa,Pennsylvania,9,14,44,59
iowa,prairie-view,0.95975804,Iowa,Prairie View,9,16,44,4
iowa,purdue,0.2797215,Iowa,Purdue,9,2,44,37
iowa,queens-nc,0.95264304,Iowa,Queens (NC),9,15,44,39
iowa,saint-louis,0.6411422,Iowa,Saint Louis,9,9,44,45
iowa,saint-marys-ca,0.49226856,Iowa,Saint Mary's (CA),9,7,44,61
iowa,santa-clara,0.51252174,Iowa,Santa Clara,9,10,44,66
iowa,siena,0.9573207,Iowa,Siena,9,16,44,11
iowa,south-florida,0.74089205,Iowa,South Florida,9,11,44,26
iowa,southern-methodist,0.58121175,Iowa,Southern Methodist,9,11,44,7
iowa,st-johns-ny,0.41242358,Iowa,St. John's (NY),9,5,44,17
iowa,tennessee,0.29744908,Iowa,Tennessee,9,6,44,56
iowa,tennessee-state,0.94649917,Iowa,Tennessee State,9,15,44,68
iowa,texas,0.5140083,Iowa,Texas,9,11,44,3
iowa,texas-am,0.5577682,Iowa,Texas A&M,9,10,44,62
iowa,texas-christian,0.5303574,Iowa,TCU,9,9,44,15
iowa,texas-tech,0.4120448,Iowa,Texas Tech,9,5,44,47
iowa,troy,0.7702411,Iowa,Troy,9,13,44,52
iowa,ucla,0.43711895,Iowa,UCLA,9,7,44,32
iowa,utah-state,0.4637581,Iowa,Utah State,9,9,44,16
iowa,vanderbilt,0.3723556,Iowa,Vanderbilt,9,5,44,46
iowa,villanova,0.5563802,Iowa,Villanova,9,8,44,14
iowa,virginia,0.3768543,Iowa,Virginia,9,3,44,58
iowa,virginia-commonwealth,0.6487403,Iowa,Virginia Commonwealth,9,11,44,55
iowa,wisconsin,0.42729166,Iowa,Wisconsin,9,5,44,18
iowa,wright-state,0.90436643,Iowa,Wright State,9,14,44,60
iowa-state,akron,0.91627413,Iowa State,Akron,2,12,67,49
iowa-state,alabama,0.5592155,Iowa State,Alabama,2,4,67,51
iowa-state,arizona,0.39106557,Iowa State,Arizona,2,1,67,10
iowa-state,arkansas,0.5903602,Iowa State,Arkansas,2,4,67,22
iowa-state,brigham-young,0.68298286,Iowa State,Brigham Young,2,6,67,27
iowa-state,california-baptist,0.9667509,Iowa State,California Baptist,2,13,67,23
iowa-state,central-florida,0.84373534,Iowa State,UCF,2,10,67,34
iowa-state,clemson,0.752755,Iowa State,Clemson,2,8,67,42
iowa-state,connecticut,0.58722717,Iowa State,Connecticut,2,2,67,35
iowa-state,duke,0.3039294,Iowa State,Duke,2,1,67,9
iowa-state,florida,0.361984,Iowa State,Florida,2,1,67,40
iowa-state,furman,0.9639471,Iowa State,Furman,2,15,67,38
iowa-state,georgia,0.6806467,Iowa State,Georgia,2,8,67,43
iowa-state,gonzaga,0.5372239,Iowa State,Gonzaga,2,3,67,29
iowa-state,hawaii,0.950996,Iowa State,Hawaii,2,13,67,25
iowa-state,high-point,0.8816742,Iowa State,High Point,2,12,67,20
iowa-state,hofstra,0.9348813,Iowa State,Hofstra,2,13,67,54
iowa-state,houston,0.50218093,Iowa State,Houston,2,2,67,63
iowa-state,howard,0.9743736,Iowa State,Howard,2,16,67,2
iowa-state,idaho,0.963266,Iowa State,Idaho,2,15,67,64
iowa-state,illinois,0.3401325,Iowa State,Illinois,2,3,67,57
iowa-state,iowa,0.73998386,Iowa State,Iowa,2,9,67,44
iowa-state,kansas,0.6258291,Iowa State,Kansas,2,4,67,21
iowa-state,kennesaw-state,0.9665,Iowa State,Kennesaw State,2,14,67,31
iowa-state,kentucky,0.674583,Iowa State,Kentucky,2,7,67,65
iowa-state,lehigh,0.98298556,Iowa State,Lehigh,2,16,67,6
iowa-state,long-island-university,0.9698411,Iowa State,Long Island University,2,16,67,12
iowa-state,louisville,0.55332464,Iowa State,Louisville,2,6,67,24
iowa-state,maryland-baltimore-county,0.9761111,Iowa State,Maryland-Baltimore County,2,16,67,1
iowa-state,mcneese-state,0.8448685,Iowa State,McNeese State,2,12,67,48
iowa-state,miami-fl,0.81694,Iowa State,Miami (FL),2,7,67,33
iowa-state,miami-oh,0.96333206,Iowa State,Miami (OH),2,11,67,5
iowa-state,michigan,0.4008325,Iowa State,Michigan,2,1,67,41
iowa-state,michigan-state,0.44975927,Iowa State,Michigan State,2,3,67,28
iowa-state,missouri,0.83474535,Iowa State,Missouri,2,10,67,36
iowa-state,nebraska,0.7025148,Iowa State,Nebraska,2,4,67,50
iowa-state,north-carolina,0.69314814,Iowa State,North Carolina,2,6,67,53
iowa-state,north-carolina-state,0.80401313,Iowa State,NC State,2,11,67,8
iowa-state,north-dakota-state,0.9556018,Iowa State,North Dakota State,2,14,67,30
iowa-state,northern-iowa,0.87119687,Iowa State,Northern Iowa,2,12,67,19
iowa-state,ohio-state,0.6858365,Iowa State,Ohio State,2,8,67,13
iowa-state,pennsylvania,0.9739406,Iowa State,Pennsylvania,2,14,67,59
iowa-state,prairie-view,0.9792128,Iowa State,Prairie View,2,16,67,4
iowa-state,purdue,0.47763473,Iowa State,Purdue,2,2,67,37
iowa-state,queens-nc,0.9794459,Iowa State,Queens (NC),2,15,67,39
iowa-state,saint-louis,0.7707386,Iowa State,Saint Louis,2,9,67,45
iowa-state,saint-marys-ca,0.61178756,Iowa State,Saint Mary's (CA),2,7,67,61
iowa-state,santa-clara,0.72477686,Iowa State,Santa Clara,2,10,67,66
iowa-state,siena,0.9779684,Iowa State,Siena,2,16,67,11
iowa-state,south-florida,0.89472634,Iowa State,South Florida,2,11,67,26
iowa-state,southern-methodist,0.79565877,Iowa State,Southern Methodist,2,11,67,7
iowa-state,st-johns-ny,0.6062241,Iowa State,St. John's (NY),2,5,67,17
iowa-state,tennessee,0.5472386,Iowa State,Tennessee,2,6,67,56
iowa-state,tennessee-state,0.97388285,Iowa State,Tennessee State,2,15,67,68
iowa-state,texas,0.67671704,Iowa State,Texas,2,11,67,3
iowa-state,texas-am,0.714007,Iowa State,Texas A&M,2,10,67,62
iowa-state,texas-christian,0.6976328,Iowa State,TCU,2,9,67,15
iowa-state,texas-tech,0.54207355,Iowa State,Texas Tech,2,5,67,47
iowa-state,troy,0.94542134,Iowa State,Troy,2,13,67,52
iowa-state,ucla,0.6472477,Iowa State,UCLA,2,7,67,32
iowa-state,utah-state,0.72916746,Iowa State,Utah State,2,9,67,16
iowa-state,vanderbilt,0.49932036,Iowa State,Vanderbilt,2,5,67,46
iowa-state,villanova,0.78836197,Iowa State,Villanova,2,8,67,14
iowa-state,virginia,0.6539132,Iowa State,Virginia,2,3,67,58
iowa-state,virginia-commonwealth,0.7929157,Iowa State,Virginia Commonwealth,2,11,67,55
iowa-state,wisconsin,0.53524077,Iowa State,Wisconsin,2,5,67,18
iowa-state,wright-state,0.9582383,Iowa State,Wright State,2,14,67,60
kansas,akron,0.7992941,Kansas,Akron,4,12,21,49
kansas,alabama,0.4621898,Kansas,Alabama,4,4,21,51
kansas,arizona,0.18852252,Kansas,Arizona,4,1,21,10
kansas,arkansas,0.43714747,Kansas,Arkansas,4,4,21,22
kansas,brigham-young,0.46893376,Kansas,Brigham Young,4,6,21,27
kansas,california-baptist,0.945909,Kansas,California Baptist,4,13,21,23
kansas,central-florida,0.6157452,Kansas,UCF,4,10,21,34
kansas,clemson,0.5782935,Kansas,Clemson,4,8,21,42
kansas,connecticut,0.38765064,Kansas,Connecticut,4,2,21,35
kansas,duke,0.13147183,Kansas,Duke,4,1,21,9
kansas,florida,0.18675211,Kansas,Florida,4,1,21,40
kansas,furman,0.9349374,Kansas,Furman,4,15,21,38
kansas,georgia,0.52613443,Kansas,Georgia,4,8,21,43
kansas,gonzaga,0.33398256,Kansas,Gonzaga,4,3,21,29
kansas,hawaii,0.9429598,Kansas,Hawaii,4,13,21,25
kansas,high-point,0.79590064,Kansas,High Point,4,12,21,20
kansas,hofstra,0.8952628,Kansas,Hofstra,4,13,21,54
kansas,houston,0.22246602,Kansas,Houston,4,2,21,63
kansas,howard,0.92018074,Kansas,Howard,4,16,21,2
kansas,idaho,0.9518112,Kansas,Idaho,4,15,21,64
kansas,illinois,0.27469715,Kansas,Illinois,4,3,21,57
kansas,iowa,0.4780019,Kansas,Iowa,4,9,21,44
kansas,iowa-state,0.31075606,Kansas,Iowa State,4,2,21,67
kansas,kennesaw-state,0.8865941,Kansas,Kennesaw State,4,14,21,31
kansas,kentucky,0.4242301,Kansas,Kentucky,4,7,21,65
kansas,lehigh,0.98256034,Kansas,Lehigh,4,16,21,6
kansas,long-island-university,0.94810206,Kansas,Long Island University,4,16,21,12
kansas,louisville,0.45461112,Kansas,Louisville,4,6,21,24
kansas,maryland-baltimore-county,0.9407828,Kansas,Maryland-Baltimore County,4,16,21,1
kansas,mcneese-state,0.7636947,Kansas,McNeese State,4,12,21,48
kansas,miami-fl,0.5548542,Kansas,Miami (FL),4,7,21,33
kansas,miami-oh,0.9289291,Kansas,Miami (OH),4,11,21,5
kansas,michigan,0.21837972,Kansas,Michigan,4,1,21,41
kansas,michigan-state,0.3652973,Kansas,Michigan State,4,3,21,28
kansas,missouri,0.6338933,Kansas,Missouri,4,10,21,36
kansas,nebraska,0.47023326,Kansas,Nebraska,4,4,21,50
kansas,north-carolina,0.5091414,Kansas,North Carolina,4,6,21,53
kansas,north-carolina-state,0.5839195,Kansas,NC State,4,11,21,8
kansas,north-dakota-state,0.8710597,Kansas,North Dakota State,4,14,21,30
kansas,northern-iowa,0.80171937,Kansas,Northern Iowa,4,12,21,19
kansas,ohio-state,0.6060921,Kansas,Ohio State,4,8,21,13
kansas,pennsylvania,0.9480981,Kansas,Pennsylvania,4,14,21,59
kansas,prairie-view,0.97441846,Kansas,Prairie View,4,16,21,4
kansas,purdue,0.34068605,Kansas,Purdue,4,2,21,37
kansas,queens-nc,0.96954983,Kansas,Queens (NC),4,15,21,39
kansas,saint-louis,0.68551195,Kansas,Saint Louis,4,9,21,45
kansas,saint-marys-ca,0.5620037,Kansas,Saint Mary's (CA),4,7,21,61
kansas,santa-clara,0.57627726,Kansas,Santa Clara,4,10,21,66
kansas,siena,0.96296525,Kansas,Siena,4,16,21,11
kansas,south-florida,0.75949425,Kansas,South Florida,4,11,21,26
kansas,southern-methodist,0.6291417,Kansas,Southern Methodist,4,11,21,7
kansas,st-johns-ny,0.44824114,Kansas,St. John's (NY),4,5,21,17
kansas,tennessee,0.33812317,Kansas,Tennessee,4,6,21,56
kansas,tennessee-state,0.91954136,Kansas,Tennessee State,4,15,21,68
kansas,texas,0.59022003,Kansas,Texas,4,11,21,3
kansas,texas-am,0.5002595,Kansas,Texas A&M,4,10,21,62
kansas,texas-christian,0.5410203,Kansas,TCU,4,9,21,15
kansas,texas-tech,0.45506746,Kansas,Texas Tech,4,5,21,47
kansas,troy,0.8887304,Kansas,Troy,4,13,21,52
kansas,ucla,0.49686843,Kansas,UCLA,4,7,21,32
kansas,utah-state,0.5424054,Kansas,Utah State,4,9,21,16
kansas,vanderbilt,0.37317175,Kansas,Vanderbilt,4,5,21,46
kansas,villanova,0.58998924,Kansas,Villanova,4,8,21,14
kansas,virginia,0.4507898,Kansas,Virginia,4,3,21,58
kansas,virginia-commonwealth,0.68925816,Kansas,Virginia Commonwealth,4,11,21,55
kansas,wisconsin,0.489813,Kansas,Wisconsin,4,5,21,18
kansas,wright-state,0.9304925,Kansas,Wright State,4,14,21,60
kennesaw-state,akron,0.2990529,Kennesaw State,Akron,14,12,31,49
kennesaw-state,alabama,0.03528662,Kennesaw State,Alabama,14,4,31,51
kennesaw-state,arizona,0.031222144,Kennesaw State,Arizona,14,1,31,10
kennesaw-state,arkansas,0.11927652,Kennesaw State,Arkansas,14,4,31,22
kennesaw-state,brigham-young,0.09873273,Kennesaw State,Brigham Young,14,6,31,27
kennesaw-state,california-baptist,0.5626803,Kennesaw State,California Baptist,14,13,31,23
kennesaw-state,central-florida,0.2889336,Kennesaw State,UCF,14,10,31,34
kennesaw-state,clemson,0.19474293,Kennesaw State,Clemson,14,8,31,42
kennesaw-state,connecticut,0.072208636,Kennesaw State,Connecticut,14,2,31,35
kennesaw-state,duke,0.024366153,Kennesaw State,Duke,14,1,31,9
kennesaw-state,florida,0.023683358,Kennesaw State,Florida,14,1,31,40
kennesaw-state,furman,0.6070899,Kennesaw State,Furman,14,15,31,38
kennesaw-state,georgia,0.16229275,Kennesaw State,Georgia,14,8,31,43
kennesaw-state,gonzaga,0.03213988,Kennesaw State,Gonzaga,14,3,31,29
kennesaw-state,hawaii,0.5307848,Kennesaw State,Hawaii,14,13,31,25
kennesaw-state,high-point,0.24783815,Kennesaw State,High Point,14,12,31,20
kennesaw-state,hofstra,0.37278402,Kennesaw State,Hofstra,14,13,31,54
kennesaw-state,houston,0.026983041,Kennesaw State,Houston,14,2,31,63
kennesaw-state,howard,0.6120792,Kennesaw State,Howard,14,16,31,2
kennesaw-state,idaho,0.5631585,Kennesaw State,Idaho,14,15,31,64
kennesaw-state,illinois,0.041377977,Kennesaw State,Illinois,14,3,31,57
kennesaw-state,iowa,0.13308929,Kennesaw State,Iowa,14,9,31,44
kennesaw-state,iowa-state,0.04218249,Kennesaw State,Iowa State,14,2,31,67
kennesaw-state,kansas,0.09480757,Kennesaw State,Kansas,14,4,31,21
kennesaw-state,kentucky,0.065859586,Kennesaw State,Kentucky,14,7,31,65
kennesaw-state,lehigh,0.7867858,Kennesaw State,Lehigh,14,16,31,6
kennesaw-state,long-island-university,0.7610399,Kennesaw State,Long Island University,14,16,31,12
kennesaw-state,louisville,0.086789936,Kennesaw State,Louisville,14,6,31,24
kennesaw-state,maryland-baltimore-county,0.6930434,Kennesaw State,Maryland-Baltimore County,14,16,31,1
kennesaw-state,mcneese-state,0.3455322,Kennesaw State,McNeese State,14,12,31,48
kennesaw-state,miami-fl,0.20163278,Kennesaw State,Miami (FL),14,7,31,33
kennesaw-state,miami-oh,0.46558383,Kennesaw State,Miami (OH),14,11,31,5
kennesaw-state,michigan,0.04816034,Kennesaw State,Michigan,14,1,31,41
kennesaw-state,michigan-state,0.046617296,Kennesaw State,Michigan State,14,3,31,28
kennesaw-state,missouri,0.18334001,Kennesaw State,Missouri,14,10,31,36
kennesaw-state,nebraska,0.11132992,Kennesaw State,Nebraska,14,4,31,50
kennesaw-state,north-carolina,0.18599992,Kennesaw State,North Carolina,14,6,31,53
kennesaw-state,north-carolina-state,0.21000631,Kennesaw State,NC State,14,11,31,8
kennesaw-state,north-dakota-state,0.38506022,Kennesaw State,North Dakota State,14,14,31,30
kennesaw-state,northern-iowa,0.27432632,Kennesaw State,Northern Iowa,14,12,31,19
kennesaw-state,ohio-state,0.15084504,Kennesaw State,Ohio State,14,8,31,13
kennesaw-state,pennsylvania,0.5907572,Kennesaw State,Pennsylvania,14,14,31,59
kennesaw-state,prairie-view,0.8900746,Kennesaw State,Prairie View,14,16,31,4
kennesaw-state,purdue,0.031181434,Kennesaw State,Purdue,14,2,31,37
kennesaw-state,queens-nc,0.6262209,Kennesaw State,Queens (NC),14,15,31,39
kennesaw-state,saint-louis,0.20708701,Kennesaw State,Saint Louis,14,9,31,45
kennesaw-state,saint-marys-ca,0.07707268,Kennesaw State,Saint Mary's (CA),14,7,31,61
kennesaw-state,santa-clara,0.16962036,Kennesaw State,Santa Clara,14,10,31,66
kennesaw-state,siena,0.7188628,Kennesaw State,Siena,14,16,31,11
kennesaw-state,south-florida,0.2155404,Kennesaw State,South Florida,14,11,31,26
kennesaw-state,southern-methodist,0.21871887,Kennesaw State,Southern Methodist,14,11,31,7
kennesaw-state,st-johns-ny,0.07923314,Kennesaw State,St. John's (NY),14,5,31,17
kennesaw-state,tennessee,0.035892773,Kennesaw State,Tennessee,14,6,31,56
kennesaw-state,tennessee-state,0.6480777,Kennesaw State,Tennessee State,14,15,31,68
kennesaw-state,texas,0.19429997,Kennesaw State,Texas,14,11,31,3
kennesaw-state,texas-am,0.12541503,Kennesaw State,Texas A&M,14,10,31,62
kennesaw-state,texas-christian,0.19621263,Kennesaw State,TCU,14,9,31,15
kennesaw-state,texas-tech,0.067641,Kennesaw State,Texas Tech,14,5,31,47
kennesaw-state,troy,0.54050076,Kennesaw State,Troy,14,13,31,52
kennesaw-state,ucla,0.10560179,Kennesaw State,UCLA,14,7,31,32
kennesaw-state,utah-state,0.17890926,Kennesaw State,Utah State,14,9,31,16
kennesaw-state,vanderbilt,0.11676556,Kennesaw State,Vanderbilt,14,5,31,46
kennesaw-state,villanova,0.20395164,Kennesaw State,Villanova,14,8,31,14
kennesaw-state,virginia,0.097470425,Kennesaw State,Virginia,14,3,31,58
kennesaw-state,virginia-commonwealth,0.26058993,Kennesaw State,Virginia Commonwealth,14,11,31,55
kennesaw-state,wisconsin,0.08924854,Kennesaw State,Wisconsin,14,5,31,18
kennesaw-state,wright-state,0.57377094,Kennesaw State,Wright State,14,14,31,60
kentucky,akron,0.84721786,Kentucky,Akron,7,12,65,49
kentucky,alabama,0.414664,Kentucky,Alabama,7,4,65,51
kentucky,arizona,0.18366031,Kentucky,Arizona,7,1,65,10
kentucky,arkansas,0.40030044,Kentucky,Arkansas,7,4,65,22
kentucky,brigham-young,0.49428886,Kentucky,Brigham Young,7,6,65,27
kentucky,california-baptist,0.9306032,Kentucky,California Baptist,7,13,65,23
kentucky,central-florida,0.71014667,Kentucky,UCF,7,10,65,34
kentucky,clemson,0.5932442,Kentucky,Clemson,7,8,65,42
kentucky,connecticut,0.3903692,Kentucky,Connecticut,7,2,65,35
kentucky,duke,0.112268955,Kentucky,Duke,7,1,65,9
kentucky,florida,0.16172822,Kentucky,Florida,7,1,65,40
kentucky,furman,0.95099723,Kentucky,Furman,7,15,65,38
kentucky,georgia,0.48590693,Kentucky,Georgia,7,8,65,43
kentucky,gonzaga,0.43782,Kentucky,Gonzaga,7,3,65,29
kentucky,hawaii,0.9408432,Kentucky,Hawaii,7,13,65,25
kentucky,high-point,0.8098479,Kentucky,High Point,7,12,65,20
kentucky,hofstra,0.8877278,Kentucky,Hofstra,7,13,65,54
kentucky,houston,0.25178742,Kentucky,Houston,7,2,65,63
kentucky,howard,0.92369306,Kentucky,Howard,7,16,65,2
kentucky,idaho,0.94735694,Kentucky,Idaho,7,15,65,64
kentucky,illinois,0.26439044,Kentucky,Illinois,7,3,65,57
kentucky,iowa,0.5334896,Kentucky,Iowa,7,9,65,44
kentucky,iowa-state,0.28238738,Kentucky,Iowa State,7,2,65,67
kentucky,kansas,0.5557582,Kentucky,Kansas,7,4,65,21
kentucky,kennesaw-state,0.91052306,Kentucky,Kennesaw State,7,14,65,31
kentucky,lehigh,0.9841076,Kentucky,Lehigh,7,16,65,6
kentucky,long-island-university,0.9375957,Kentucky,Long Island University,7,16,65,12
kentucky,louisville,0.43878505,Kentucky,Louisville,7,6,65,24
kentucky,maryland-baltimore-county,0.93924296,Kentucky,Maryland-Baltimore County,7,16,65,1
kentucky,mcneese-state,0.78983766,Kentucky,McNeese State,7,12,65,48
kentucky,miami-fl,0.6488195,Kentucky,Miami (FL),7,7,65,33
kentucky,miami-oh,0.95199037,Kentucky,Miami (OH),7,11,65,5
kentucky,michigan,0.2007479,Kentucky,Michigan,7,1,65,41
kentucky,michigan-state,0.4024115,Kentucky,Michigan State,7,3,65,28
kentucky,missouri,0.6374979,Kentucky,Missouri,7,10,65,36
kentucky,nebraska,0.49981743,Kentucky,Nebraska,7,4,65,50
kentucky,north-carolina,0.5548893,Kentucky,North Carolina,7,6,65,53
kentucky,north-carolina-state,0.63212365,Kentucky,NC State,7,11,65,8
kentucky,north-dakota-state,0.89947385,Kentucky,North Dakota State,7,14,65,30
kentucky,northern-iowa,0.82874054,Kentucky,Northern Iowa,7,12,65,19
kentucky,ohio-state,0.5799908,Kentucky,Ohio State,7,8,65,13
kentucky,pennsylvania,0.9483117,Kentucky,Pennsylvania,7,14,65,59
kentucky,prairie-view,0.9688063,Kentucky,Prairie View,7,16,65,4
kentucky,purdue,0.31046626,Kentucky,Purdue,7,2,65,37
kentucky,queens-nc,0.96883005,Kentucky,Queens (NC),7,15,65,39
kentucky,saint-louis,0.76471406,Kentucky,Saint Louis,7,9,65,45
kentucky,saint-marys-ca,0.58748853,Kentucky,Saint Mary's (CA),7,7,65,61
kentucky,santa-clara,0.6149773,Kentucky,Santa Clara,7,10,65,66
kentucky,siena,0.9623435,Kentucky,Siena,7,16,65,11
kentucky,south-florida,0.80686575,Kentucky,South Florida,7,11,65,26
kentucky,southern-methodist,0.65988404,Kentucky,Southern Methodist,7,11,65,7
kentucky,st-johns-ny,0.43666333,Kentucky,St. John's (NY),7,5,65,17
kentucky,tennessee,0.37575862,Kentucky,Tennessee,7,6,65,56
kentucky,tennessee-state,0.9154589,Kentucky,Tennessee State,7,15,65,68
kentucky,texas,0.53944504,Kentucky,Texas,7,11,65,3
kentucky,texas-am,0.5345763,Kentucky,Texas A&M,7,10,65,62
kentucky,texas-christian,0.57054734,Kentucky,TCU,7,9,65,15
kentucky,texas-tech,0.47170058,Kentucky,Texas Tech,7,5,65,47
kentucky,troy,0.8984481,Kentucky,Troy,7,13,65,52
kentucky,ucla,0.47913635,Kentucky,UCLA,7,7,65,32
kentucky,utah-state,0.60339177,Kentucky,Utah State,7,9,65,16
kentucky,vanderbilt,0.39624342,Kentucky,Vanderbilt,7,5,65,46
kentucky,villanova,0.64869225,Kentucky,Villanova,7,8,65,14
kentucky,virginia,0.45361355,Kentucky,Virginia,7,3,65,58
kentucky,virginia-commonwealth,0.74619025,Kentucky,Virginia Commonwealth,7,11,65,55
kentucky,wisconsin,0.42210132,Kentucky,Wisconsin,7,5,65,18
kentucky,wright-state,0.93176067,Kentucky,Wright State,7,14,65,60
lehigh,akron,0.06793136,Lehigh,Akron,16,12,6,49
lehigh,alabama,0.01924089,Lehigh,Alabama,16,4,6,51
lehigh,arizona,0.015660135,Lehigh,Arizona,16,1,6,10
lehigh,arkansas,0.01719205,Lehigh,Arkansas,16,4,6,22
lehigh,brigham-young,0.022499273,Lehigh,Brigham Young,16,6,6,27
lehigh,california-baptist,0.22228454,Lehigh,California Baptist,16,13,6,23
lehigh,central-florida,0.03326238,Lehigh,UCF,16,10,6,34
lehigh,clemson,0.026869137,Lehigh,Clemson,16,8,6,42
lehigh,connecticut,0.013342468,Lehigh,Connecticut,16,2,6,35
lehigh,duke,0.023505632,Lehigh,Duke,16,1,6,9
lehigh,florida,0.012703418,Lehigh,Florida,16,1,6,40
lehigh,furman,0.30164006,Lehigh,Furman,16,15,6,38
lehigh,georgia,0.012544378,Lehigh,Georgia,16,8,6,43
lehigh,gonzaga,0.012919282,Lehigh,Gonzaga,16,3,6,29
lehigh,hawaii,0.188971,Lehigh,Hawaii,16,13,6,25
lehigh,high-point,0.05768615,Lehigh,High Point,16,12,6,20
lehigh,hofstra,0.10517395,Lehigh,Hofstra,16,13,6,54
lehigh,houston,0.01307506,Lehigh,Houston,16,2,6,63
lehigh,howard,0.26642054,Lehigh,Howard,16,16,6,2
lehigh,idaho,0.23983684,Lehigh,Idaho,16,15,6,64
lehigh,illinois,0.023149684,Lehigh,Illinois,16,3,6,57
lehigh,iowa,0.029247504,Lehigh,Iowa,16,9,6,44
lehigh,iowa-state,0.014942937,Lehigh,Iowa State,16,2,6,67
lehigh,kansas,0.014365711,Lehigh,Kansas,16,4,6,21
lehigh,kennesaw-state,0.22345458,Lehigh,Kennesaw State,16,14,6,31
lehigh,kentucky,0.017083012,Lehigh,Kentucky,16,7,6,65
lehigh,long-island-university,0.41523972,Lehigh,Long Island University,16,16,6,12
lehigh,louisville,0.01388474,Lehigh,Louisville,16,6,6,24
lehigh,maryland-baltimore-county,0.26202014,Lehigh,Maryland-Baltimore County,16,16,6,1
lehigh,mcneese-state,0.04945337,Lehigh,McNeese State,16,12,6,48
lehigh,miami-fl,0.04131571,Lehigh,Miami (FL),16,7,6,33
lehigh,miami-oh,0.13606302,Lehigh,Miami (OH),16,11,6,5
lehigh,michigan,0.021538388,Lehigh,Michigan,16,1,6,41
lehigh,michigan-state,0.038836345,Lehigh,Michigan State,16,3,6,28
lehigh,missouri,0.053241543,Lehigh,Missouri,16,10,6,36
lehigh,nebraska,0.020562341,Lehigh,Nebraska,16,4,6,50
lehigh,north-carolina,0.014660217,Lehigh,North Carolina,16,6,6,53
lehigh,north-carolina-state,0.064932995,Lehigh,NC State,16,11,6,8
lehigh,north-dakota-state,0.10085179,Lehigh,North Dakota State,16,14,6,30
lehigh,northern-iowa,0.074795164,Lehigh,Northern Iowa,16,12,6,19
lehigh,ohio-state,0.020735797,Lehigh,Ohio State,16,8,6,13
lehigh,pennsylvania,0.26800767,Lehigh,Pennsylvania,16,14,6,59
lehigh,prairie-view,0.5524062,Lehigh,Prairie View,16,16,6,4
lehigh,purdue,0.017472003,Lehigh,Purdue,16,2,6,37
lehigh,queens-nc,0.32117167,Lehigh,Queens (NC),16,15,6,39
lehigh,saint-louis,0.06845924,Lehigh,Saint Louis,16,9,6,45
lehigh,saint-marys-ca,0.017236784,Lehigh,Saint Mary's (CA),16,7,6,61
lehigh,santa-clara,0.029960081,Lehigh,Santa Clara,16,10,6,66
lehigh,siena,0.34410176,Lehigh,Siena,16,16,6,11
lehigh,south-florida,0.07006595,Lehigh,South Florida,16,11,6,26
lehigh,southern-methodist,0.062016245,Lehigh,Southern Methodist,16,11,6,7
lehigh,st-johns-ny,0.014628758,Lehigh,St. John's (NY),16,5,6,17
lehigh,tennessee,0.015696768,Lehigh,Tennessee,16,6,6,56
lehigh,tennessee-state,0.28676414,Lehigh,Tennessee State,16,15,6,68
lehigh,texas,0.047304332,Lehigh,Texas,16,11,6,3
lehigh,texas-am,0.022307178,Lehigh,Texas A&M,16,10,6,62
lehigh,texas-christian,0.023997178,Lehigh,TCU,16,9,6,15
lehigh,texas-tech,0.027722938,Lehigh,Texas Tech,16,5,6,47
lehigh,troy,0.14971676,Lehigh,Troy,16,13,6,52
lehigh,ucla,0.015660664,Lehigh,UCLA,16,7,6,32
lehigh,utah-state,0.025996799,Lehigh,Utah State,16,9,6,16
lehigh,vanderbilt,0.0137701705,Lehigh,Vanderbilt,16,5,6,46
lehigh,villanova,0.023558576,Lehigh,Villanova,16,8,6,14
lehigh,virginia,0.03385114,Lehigh,Virginia,16,3,6,58
lehigh,virginia-commonwealth,0.030327665,Lehigh,Virginia Commonwealth,16,11,6,55
lehigh,wisconsin,0.013549149,Lehigh,Wisconsin,16,5,6,18
lehigh,wright-state,0.21502137,Lehigh,Wright State,16,14,6,60
long-island-university,akron,0.17906748,Long Island University,Akron,16,12,12,49
long-island-university,alabama,0.022569006,Long Island University,Alabama,16,4,12,51
long-island-university,arizona,0.040539067,Long Island University,Arizona,16,1,12,10
long-island-university,arkansas,0.02281748,Long Island University,Arkansas,16,4,12,22
long-island-university,brigham-young,0.050868955,Long Island University,Brigham Young,16,6,12,27
long-island-university,california-baptist,0.3929898,Long Island University,California Baptist,16,13,12,23
long-island-university,central-florida,0.0672087,Long Island University,UCF,16,10,12,34
long-island-university,clemson,0.0420818,Long Island University,Clemson,16,8,12,42
long-island-university,connecticut,0.028388876,Long Island University,Connecticut,16,2,12,35
long-island-university,duke,0.03308057,Long Island University,Duke,16,1,12,9
long-island-university,florida,0.02117762,Long Island University,Florida,16,1,12,40
long-island-university,furman,0.3705751,Long Island University,Furman,16,15,12,38
long-island-university,georgia,0.032797422,Long Island University,Georgia,16,8,12,43
long-island-university,gonzaga,0.016736822,Long Island University,Gonzaga,16,3,12,29
long-island-university,hawaii,0.3130192,Long Island University,Hawaii,16,13,12,25
long-island-university,high-point,0.112819545,Long Island University,High Point,16,12,12,20
long-island-university,hofstra,0.23012629,Long Island University,Hofstra,16,13,12,54
long-island-university,houston,0.0205604,Long Island University,Houston,16,2,12,63
long-island-university,howard,0.37351343,Long Island University,Howard,16,16,12,2
long-island-university,idaho,0.40045637,Long Island University,Idaho,16,15,12,64
long-island-university,illinois,0.029618531,Long Island University,Illinois,16,3,12,57
long-island-university,iowa,0.046897095,Long Island University,Iowa,16,9,12,44
long-island-university,iowa-state,0.020302607,Long Island University,Iowa State,16,2,12,67
long-island-university,kansas,0.025459545,Long Island University,Kansas,16,4,12,21
long-island-university,kennesaw-state,0.22586276,Long Island University,Kennesaw State,16,14,12,31
long-island-university,kentucky,0.030375574,Long Island University,Kentucky,16,7,12,65
long-island-university,lehigh,0.6090076,Long Island University,Lehigh,16,16,12,6
long-island-university,louisville,0.026295464,Long Island University,Louisville,16,6,12,24
long-island-university,maryland-baltimore-county,0.40821302,Long Island University,Maryland-Baltimore County,16,16,12,1
long-island-university,mcneese-state,0.12319292,Long Island University,McNeese State,16,12,12,48
long-island-university,miami-fl,0.063919485,Long Island University,Miami (FL),16,7,12,33
long-island-university,miami-oh,0.22491843,Long Island University,Miami (OH),16,11,12,5
long-island-university,michigan,0.041169602,Long Island University,Michigan,16,1,12,41
long-island-university,michigan-state,0.03604115,Long Island University,Michigan State,16,3,12,28
long-island-university,missouri,0.13185748,Long Island University,Missouri,16,10,12,36
long-island-university,nebraska,0.02878168,Long Island University,Nebraska,16,4,12,50
long-island-university,north-carolina,0.025967041,Long Island University,North Carolina,16,6,12,53
long-island-university,north-carolina-state,0.11887501,Long Island University,NC State,16,11,12,8
long-island-university,north-dakota-state,0.20303084,Long Island University,North Dakota State,16,14,12,30
long-island-university,northern-iowa,0.15485129,Long Island University,Northern Iowa,16,12,12,19
long-island-university,ohio-state,0.042817418,Long Island University,Ohio State,16,8,12,13
long-island-university,pennsylvania,0.43634042,Long Island University,Pennsylvania,16,14,12,59
long-island-university,prairie-view,0.66466796,Long Island University,Prairie View,16,16,12,4
long-island-university,purdue,0.041832708,Long Island University,Purdue,16,2,12,37
long-island-university,queens-nc,0.440507,Long Island University,Queens (NC),16,15,12,39
long-island-university,saint-louis,0.08946363,Long Island University,Saint Louis,16,9,12,45
long-island-university,saint-marys-ca,0.031752143,Long Island University,Saint Mary's (CA),16,7,12,61
long-island-university,santa-clara,0.035284486,Long Island University,Santa Clara,16,10,12,66
long-island-university,siena,0.48900804,Long Island University,Siena,16,16,12,11
long-island-university,south-florida,0.09276035,Long Island University,South Florida,16,11,12,26
long-island-university,southern-methodist,0.14382382,Long Island University,Southern Methodist,16,11,12,7
long-island-university,st-johns-ny,0.024211226,Long Island University,St. John's (NY),16,5,12,17
long-island-university,tennessee,0.018278135,Long Island University,Tennessee,16,6,12,56
long-island-university,tennessee-state,0.3573061,Long Island University,Tennessee State,16,15,12,68
long-island-university,texas,0.07092192,Long Island University,Texas,16,11,12,3
long-island-university,texas-am,0.03280501,Long Island University,Texas A&M,16,10,12,62
long-island-university,texas-christian,0.04557276,Long Island University,TCU,16,9,12,15
long-island-university,texas-tech,0.053211946,Long Island University,Texas Tech,16,5,12,47
long-island-university,troy,0.2939191,Long Island University,Troy,16,13,12,52
long-island-university,ucla,0.036906835,Long Island University,UCLA,16,7,12,32
long-island-university,utah-state,0.028192408,Long Island University,Utah State,16,9,12,16
long-island-university,vanderbilt,0.021125719,Long Island University,Vanderbilt,16,5,12,46
long-island-university,villanova,0.028219882,Long Island University,Villanova,16,8,12,14
long-island-university,virginia,0.050012734,Long Island University,Virginia,16,3,12,58
long-island-university,virginia-commonwealth,0.06947134,Long Island University,Virginia Commonwealth,16,11,12,55
long-island-university,wisconsin,0.035046317,Long Island University,Wisconsin,16,5,12,18
long-island-university,wright-state,0.34313235,Long Island University,Wright State,16,14,12,60
louisville,akron,0.8131528,Louisville,Akron,6,12,24,49
louisville,alabama,0.38876468,Louisville,Alabama,6,4,24,51
louisville,arizona,0.27022085,Louisville,Arizona,6,1,24,10
louisville,arkansas,0.5020088,Louisville,Arkansas,6,4,24,22
louisville,brigham-young,0.5344857,Louisville,Brigham Young,6,6,24,27
louisville,california-baptist,0.9224201,Louisville,California Baptist,6,13,24,23
louisville,central-florida,0.72544175,Louisville,UCF,6,10,24,34
louisville,clemson,0.65181816,Louisville,Clemson,6,8,24,42
louisville,connecticut,0.4582368,Louisville,Connecticut,6,2,24,35
louisville,duke,0.153391,Louisville,Duke,6,1,24,9
louisville,florida,0.22035055,Louisville,Florida,6,1,24,40
louisville,furman,0.95445156,Louisville,Furman,6,15,24,38
louisville,georgia,0.5786113,Louisville,Georgia,6,8,24,43
louisville,gonzaga,0.38172996,Louisville,Gonzaga,6,3,24,29
louisville,hawaii,0.9208362,Louisville,Hawaii,6,13,24,25
louisville,high-point,0.8159845,Louisville,High Point,6,12,24,20
louisville,hofstra,0.88931763,Louisville,Hofstra,6,13,24,54
louisville,houston,0.30360243,Louisville,Houston,6,2,24,63
louisville,howard,0.95525575,Louisville,Howard,6,16,24,2
louisville,idaho,0.9540765,Louisville,Idaho,6,15,24,64
louisville,illinois,0.3414461,Louisville,Illinois,6,3,24,57
louisville,iowa,0.61794466,Louisville,Iowa,6,9,24,44
louisville,iowa-state,0.40505868,Louisville,Iowa State,6,2,24,67
louisville,kansas,0.5697762,Louisville,Kansas,6,4,24,21
louisville,kennesaw-state,0.92173827,Louisville,Kennesaw State,6,14,24,31
louisville,kentucky,0.547069,Louisville,Kentucky,6,7,24,65
louisville,lehigh,0.9846756,Louisville,Lehigh,6,16,24,6
louisville,long-island-university,0.95541775,Louisville,Long Island University,6,16,24,12
louisville,maryland-baltimore-county,0.95852894,Louisville,Maryland-Baltimore County,6,16,24,1
louisville,mcneese-state,0.7320915,Louisville,McNeese State,6,12,24,48
louisville,miami-fl,0.66366076,Louisville,Miami (FL),6,7,24,33
louisville,miami-oh,0.95272183,Louisville,Miami (OH),6,11,24,5
louisville,michigan,0.29656968,Louisville,Michigan,6,1,24,41
louisville,michigan-state,0.44691825,Louisville,Michigan State,6,3,24,28
louisville,missouri,0.7672472,Louisville,Missouri,6,10,24,36
louisville,nebraska,0.5376175,Louisville,Nebraska,6,4,24,50
louisville,north-carolina,0.6102913,Louisville,North Carolina,6,6,24,53
louisville,north-carolina-state,0.64221543,Louisville,NC State,6,11,24,8
louisville,north-dakota-state,0.8245482,Louisville,North Dakota State,6,14,24,30
louisville,northern-iowa,0.75929904,Louisville,Northern Iowa,6,12,24,19
louisville,ohio-state,0.60871977,Louisville,Ohio State,6,8,24,13
louisville,pennsylvania,0.9263709,Louisville,Pennsylvania,6,14,24,59
louisville,prairie-view,0.9746312,Louisville,Prairie View,6,16,24,4
louisville,purdue,0.39307517,Louisville,Purdue,6,2,24,37
louisville,queens-nc,0.97463214,Louisville,Queens (NC),6,15,24,39
louisville,saint-louis,0.7025601,Louisville,Saint Louis,6,9,24,45
louisville,saint-marys-ca,0.4509407,Louisville,Saint Mary's (CA),6,7,24,61
louisville,santa-clara,0.57891566,Louisville,Santa Clara,6,10,24,66
louisville,siena,0.97540355,Louisville,Siena,6,16,24,11
louisville,south-florida,0.81953967,Louisville,South Florida,6,11,24,26
louisville,southern-methodist,0.6926515,Louisville,Southern Methodist,6,11,24,7
louisville,st-johns-ny,0.47894758,Louisville,St. John's (NY),6,5,24,17
louisville,tennessee,0.40855554,Louisville,Tennessee,6,6,24,56
louisville,tennessee-state,0.9622865,Louisville,Tennessee State,6,15,24,68
louisville,texas,0.6685027,Louisville,Texas,6,11,24,3
louisville,texas-am,0.5769607,Louisville,Texas A&M,6,10,24,62
louisville,texas-christian,0.6204605,Louisville,TCU,6,9,24,15
louisville,texas-tech,0.47689924,Louisville,Texas Tech,6,5,24,47
louisville,troy,0.8797827,Louisville,Troy,6,13,24,52
louisville,ucla,0.5393459,Louisville,UCLA,6,7,24,32
louisville,utah-state,0.62573206,Louisville,Utah State,6,9,24,16
louisville,vanderbilt,0.44972003,Louisville,Vanderbilt,6,5,24,46
louisville,villanova,0.65796596,Louisville,Villanova,6,8,24,14
louisville,virginia,0.5213301,Louisville,Virginia,6,3,24,58
louisville,virginia-commonwealth,0.6990352,Louisville,Virginia Commonwealth,6,11,24,55
louisville,wisconsin,0.5232269,Louisville,Wisconsin,6,5,24,18
louisville,wright-state,0.9333832,Louisville,Wright State,6,14,24,60
maryland-baltimore-county,akron,0.23694761,Maryland-Baltimore County,Akron,16,12,1,49
maryland-baltimore-county,alabama,0.04015941,Maryland-Baltimore County,Alabama,16,4,1,51
maryland-baltimore-county,arizona,0.02390296,Maryland-Baltimore County,Arizona,16,1,1,10
maryland-baltimore-county,arkansas,0.048899665,Maryland-Baltimore County,Arkansas,16,4,1,22
maryland-baltimore-county,brigham-young,0.07031236,Maryland-Baltimore County,Brigham Young,16,6,1,27
maryland-baltimore-county,california-baptist,0.44965252,Maryland-Baltimore County,California Baptist,16,13,1,23
maryland-baltimore-county,central-florida,0.08148545,Maryland-Baltimore County,UCF,16,10,1,34
maryland-baltimore-county,clemson,0.04584587,Maryland-Baltimore County,Clemson,16,8,1,42
maryland-baltimore-county,connecticut,0.024585068,Maryland-Baltimore County,Connecticut,16,2,1,35
maryland-baltimore-county,duke,0.018049736,Maryland-Baltimore County,Duke,16,1,1,9
maryland-baltimore-county,florida,0.018189399,Maryland-Baltimore County,Florida,16,1,1,40
maryland-baltimore-county,furman,0.51376265,Maryland-Baltimore County,Furman,16,15,1,38
maryland-baltimore-county,georgia,0.10223291,Maryland-Baltimore County,Georgia,16,8,1,43
maryland-baltimore-county,gonzaga,0.02005271,Maryland-Baltimore County,Gonzaga,16,3,1,29
maryland-baltimore-county,hawaii,0.37411597,Maryland-Baltimore County,Hawaii,16,13,1,25
maryland-baltimore-county,high-point,0.17275329,Maryland-Baltimore County,High Point,16,12,1,20
maryland-baltimore-county,hofstra,0.30382192,Maryland-Baltimore County,Hofstra,16,13,1,54
maryland-baltimore-county,houston,0.016854195,Maryland-Baltimore County,Houston,16,2,1,63
maryland-baltimore-county,howard,0.46920675,Maryland-Baltimore County,Howard,16,16,1,2
maryland-baltimore-county,idaho,0.45162553,Maryland-Baltimore County,Idaho,16,15,1,64
maryland-baltimore-county,illinois,0.019393418,Maryland-Baltimore County,Illinois,16,3,1,57
maryland-baltimore-county,iowa,0.12656194,Maryland-Baltimore County,Iowa,16,9,1,44
maryland-baltimore-county,iowa-state,0.023078103,Maryland-Baltimore County,Iowa State,16,2,1,67
maryland-baltimore-county,kansas,0.047342815,Maryland-Baltimore County,Kansas,16,4,1,21
maryland-baltimore-county,kennesaw-state,0.33006403,Maryland-Baltimore County,Kennesaw State,16,14,1,31
maryland-baltimore-county,kentucky,0.049353305,Maryland-Baltimore County,Kentucky,16,7,1,65
maryland-baltimore-county,lehigh,0.7095401,Maryland-Baltimore County,Lehigh,16,16,1,6
maryland-baltimore-county,long-island-university,0.5651227,Maryland-Baltimore County,Long Island University,16,16,1,12
maryland-baltimore-county,louisville,0.027945783,Maryland-Baltimore County,Louisville,16,6,1,24
maryland-baltimore-county,mcneese-state,0.14309071,Maryland-Baltimore County,McNeese State,16,12,1,48
maryland-baltimore-county,miami-fl,0.14996952,Maryland-Baltimore County,Miami (FL),16,7,1,33
maryland-baltimore-county,miami-oh,0.3185805,Maryland-Baltimore County,Miami (OH),16,11,1,5
maryland-baltimore-county,michigan,0.019752149,Maryland-Baltimore County,Michigan,16,1,1,41
maryland-baltimore-county,michigan-state,0.04644673,Maryland-Baltimore County,Michigan State,16,3,1,28
maryland-baltimore-county,missouri,0.20819211,Maryland-Baltimore County,Missouri,16,10,1,36
maryland-baltimore-county,nebraska,0.03563193,Maryland-Baltimore County,Nebraska,16,4,1,50
maryland-baltimore-county,north-carolina,0.04142503,Maryland-Baltimore County,North Carolina,16,6,1,53
maryland-baltimore-county,north-carolina-state,0.20484969,Maryland-Baltimore County,NC State,16,11,1,8
maryland-baltimore-county,north-dakota-state,0.30488423,Maryland-Baltimore County,North Dakota State,16,14,1,30
maryland-baltimore-county,northern-iowa,0.23768704,Maryland-Baltimore County,Northern Iowa,16,12,1,19
maryland-baltimore-county,ohio-state,0.07052583,Maryland-Baltimore County,Ohio State,16,8,1,13
maryland-baltimore-county,pennsylvania,0.4258859,Maryland-Baltimore County,Pennsylvania,16,14,1,59
maryland-baltimore-county,prairie-view,0.74262613,Maryland-Baltimore County,Prairie View,16,16,1,4
maryland-baltimore-county,purdue,0.029568434,Maryland-Baltimore County,Purdue,16,2,1,37
maryland-baltimore-county,queens-nc,0.49881187,Maryland-Baltimore County,Queens (NC),16,15,1,39
maryland-baltimore-county,saint-louis,0.16839518,Maryland-Baltimore County,Saint Louis,16,9,1,45
maryland-baltimore-county,saint-marys-ca,0.025083136,Maryland-Baltimore County,Saint Mary's (CA),16,7,1,61
maryland-baltimore-county,santa-clara,0.054460157,Maryland-Baltimore County,Santa Clara,16,10,1,66
maryland-baltimore-county,siena,0.57179046,Maryland-Baltimore County,Siena,16,16,1,11
maryland-baltimore-county,south-florida,0.22024609,Maryland-Baltimore County,South Florida,16,11,1,26
maryland-baltimore-county,southern-methodist,0.14703187,Maryland-Baltimore County,Southern Methodist,16,11,1,7
maryland-baltimore-county,st-johns-ny,0.040714096,Maryland-Baltimore County,St. John's (NY),16,5,1,17
maryland-baltimore-county,tennessee,0.027468862,Maryland-Baltimore County,Tennessee,16,6,1,56
maryland-baltimore-county,tennessee-state,0.44034457,Maryland-Baltimore County,Tennessee State,16,15,1,68
maryland-baltimore-county,texas,0.08964123,Maryland-Baltimore County,Texas,16,11,1,3
maryland-baltimore-county,texas-am,0.05608334,Maryland-Baltimore County,Texas A&M,16,10,1,62
maryland-baltimore-county,texas-christian,0.079570524,Maryland-Baltimore County,TCU,16,9,1,15
maryland-baltimore-county,texas-tech,0.056940783,Maryland-Baltimore County,Texas Tech,16,5,1,47
maryland-baltimore-county,troy,0.35219634,Maryland-Baltimore County,Troy,16,13,1,52
maryland-baltimore-county,ucla,0.040926512,Maryland-Baltimore County,UCLA,16,7,1,32
maryland-baltimore-county,utah-state,0.056808867,Maryland-Baltimore County,Utah State,16,9,1,16
maryland-baltimore-county,vanderbilt,0.04022333,Maryland-Baltimore County,Vanderbilt,16,5,1,46
maryland-baltimore-county,villanova,0.04612344,Maryland-Baltimore County,Villanova,16,8,1,14
maryland-baltimore-county,virginia,0.045349173,Maryland-Baltimore County,Virginia,16,3,1,58
maryland-baltimore-county,virginia-commonwealth,0.08402553,Maryland-Baltimore County,Virginia Commonwealth,16,11,1,55
maryland-baltimore-county,wisconsin,0.039839953,Maryland-Baltimore County,Wisconsin,16,5,1,18
maryland-baltimore-county,wright-state,0.41320407,Maryland-Baltimore County,Wright State,16,14,1,60
mcneese-state,akron,0.61428946,McNeese State,Akron,12,12,48,49
mcneese-state,alabama,0.1271177,McNeese State,Alabama,12,4,48,51
mcneese-state,arizona,0.059935994,McNeese State,Arizona,12,1,48,10
mcneese-state,arkansas,0.26835936,McNeese State,Arkansas,12,4,48,22
mcneese-state,brigham-young,0.33032957,McNeese State,Brigham Young,12,6,48,27
mcneese-state,california-baptist,0.7390456,McNeese State,California Baptist,12,13,48,23
mcneese-state,central-florida,0.31133825,McNeese State,UCF,12,10,48,34
mcneese-state,clemson,0.4312148,McNeese State,Clemson,12,8,48,42
mcneese-state,connecticut,0.22453731,McNeese State,Connecticut,12,2,48,35
mcneese-state,duke,0.042514615,McNeese State,Duke,12,1,48,9
mcneese-state,florida,0.042397894,McNeese State,Florida,12,1,48,40
mcneese-state,furman,0.77793527,McNeese State,Furman,12,15,48,38
mcneese-state,georgia,0.2853377,McNeese State,Georgia,12,8,48,43
mcneese-state,gonzaga,0.18692446,McNeese State,Gonzaga,12,3,48,29
mcneese-state,hawaii,0.7346255,McNeese State,Hawaii,12,13,48,25
mcneese-state,high-point,0.48476398,McNeese State,High Point,12,12,48,20
mcneese-state,hofstra,0.61451024,McNeese State,Hofstra,12,13,48,54
mcneese-state,houston,0.07645991,McNeese State,Houston,12,2,48,63
mcneese-state,howard,0.87531275,McNeese State,Howard,12,16,48,2
mcneese-state,idaho,0.77553624,McNeese State,Idaho,12,15,48,64
mcneese-state,illinois,0.081932716,McNeese State,Illinois,12,3,48,57
mcneese-state,iowa,0.3259494,McNeese State,Iowa,12,9,48,44
mcneese-state,iowa-state,0.13920398,McNeese State,Iowa State,12,2,48,67
mcneese-state,kansas,0.17149791,McNeese State,Kansas,12,4,48,21
mcneese-state,kennesaw-state,0.6979227,McNeese State,Kennesaw State,12,14,48,31
mcneese-state,kentucky,0.14902991,McNeese State,Kentucky,12,7,48,65
mcneese-state,lehigh,0.9355741,McNeese State,Lehigh,12,16,48,6
mcneese-state,long-island-university,0.87353086,McNeese State,Long Island University,12,16,48,12
mcneese-state,louisville,0.25421858,McNeese State,Louisville,12,6,48,24
mcneese-state,maryland-baltimore-county,0.88646746,McNeese State,Maryland-Baltimore County,12,16,48,1
mcneese-state,miami-fl,0.31343645,McNeese State,Miami (FL),12,7,48,33
mcneese-state,miami-oh,0.60613376,McNeese State,Miami (OH),12,11,48,5
mcneese-state,michigan,0.06264474,McNeese State,Michigan,12,1,48,41
mcneese-state,michigan-state,0.11695419,McNeese State,Michigan State,12,3,48,28
mcneese-state,missouri,0.32112014,McNeese State,Missouri,12,10,48,36
mcneese-state,nebraska,0.3018937,McNeese State,Nebraska,12,4,48,50
mcneese-state,north-carolina,0.32884142,McNeese State,North Carolina,12,6,48,53
mcneese-state,north-carolina-state,0.45133263,McNeese State,NC State,12,11,48,8
mcneese-state,north-dakota-state,0.6386223,McNeese State,North Dakota State,12,14,48,30
mcneese-state,northern-iowa,0.5833233,McNeese State,Northern Iowa,12,12,48,19
mcneese-state,ohio-state,0.32786226,McNeese State,Ohio State,12,8,48,13
mcneese-state,pennsylvania,0.83760005,McNeese State,Pennsylvania,12,14,48,59
mcneese-state,prairie-view,0.9616567,McNeese State,Prairie View,12,16,48,4
mcneese-state,purdue,0.19450006,McNeese State,Purdue,12,2,48,37
mcneese-state,queens-nc,0.8598111,McNeese State,Queens (NC),12,15,48,39
mcneese-state,saint-louis,0.46257424,McNeese State,Saint Louis,12,9,48,45
mcneese-state,saint-marys-ca,0.24504624,McNeese State,Saint Mary's (CA),12,7,48,61
mcneese-state,santa-clara,0.43116572,McNeese State,Santa Clara,12,10,48,66
mcneese-state,siena,0.8466527,McNeese State,Siena,12,16,48,11
mcneese-state,south-florida,0.45766613,McNeese State,South Florida,12,11,48,26
mcneese-state,southern-methodist,0.46602264,McNeese State,Southern Methodist,12,11,48,7
mcneese-state,st-johns-ny,0.2534377,McNeese State,St. John's (NY),12,5,48,17
mcneese-state,tennessee,0.10991938,McNeese State,Tennessee,12,6,48,56
mcneese-state,tennessee-state,0.7566606,McNeese State,Tennessee State,12,15,48,68
mcneese-state,texas,0.36468083,McNeese State,Texas,12,11,48,3
mcneese-state,texas-am,0.1750299,McNeese State,Texas A&M,12,10,48,62
mcneese-state,texas-christian,0.31132954,McNeese State,TCU,12,9,48,15
mcneese-state,texas-tech,0.20564386,McNeese State,Texas Tech,12,5,48,47
mcneese-state,troy,0.6960419,McNeese State,Troy,12,13,48,52
mcneese-state,ucla,0.22012532,McNeese State,UCLA,12,7,48,32
mcneese-state,utah-state,0.38317177,McNeese State,Utah State,12,9,48,16
mcneese-state,vanderbilt,0.27380565,McNeese State,Vanderbilt,12,5,48,46
mcneese-state,villanova,0.43810314,McNeese State,Villanova,12,8,48,14
mcneese-state,virginia,0.21225463,McNeese State,Virginia,12,3,48,58
mcneese-state,virginia-commonwealth,0.5044507,McNeese State,Virginia Commonwealth,12,11,48,55
mcneese-state,wisconsin,0.21521284,McNeese State,Wisconsin,12,5,48,18
mcneese-state,wright-state,0.7595465,McNeese State,Wright State,12,14,48,60
miami-fl,akron,0.6989029,Miami (FL),Akron,7,12,33,49
miami-fl,alabama,0.25033522,Miami (FL),Alabama,7,4,33,51
miami-fl,arizona,0.11065529,Miami (FL),Arizona,7,1,33,10
miami-fl,arkansas,0.45278206,Miami (FL),Arkansas,7,4,33,22
miami-fl,brigham-young,0.40033406,Miami (FL),Brigham Young,7,6,33,27
miami-fl,california-baptist,0.7962433,Miami (FL),California Baptist,7,13,33,23
miami-fl,central-florida,0.6192897,Miami (FL),UCF,7,10,33,34
miami-fl,clemson,0.5759501,Miami (FL),Clemson,7,8,33,42
miami-fl,connecticut,0.27490607,Miami (FL),Connecticut,7,2,33,35
miami-fl,duke,0.05038193,Miami (FL),Duke,7,1,33,9
miami-fl,florida,0.122915916,Miami (FL),Florida,7,1,33,40
miami-fl,furman,0.86517686,Miami (FL),Furman,7,15,33,38
miami-fl,georgia,0.4261011,Miami (FL),Georgia,7,8,33,43
miami-fl,gonzaga,0.20374437,Miami (FL),Gonzaga,7,3,33,29
miami-fl,hawaii,0.77050185,Miami (FL),Hawaii,7,13,33,25
miami-fl,high-point,0.5748067,Miami (FL),High Point,7,12,33,20
miami-fl,hofstra,0.7476622,Miami (FL),Hofstra,7,13,33,54
miami-fl,houston,0.11208476,Miami (FL),Houston,7,2,33,63
miami-fl,howard,0.90066546,Miami (FL),Howard,7,16,33,2
miami-fl,idaho,0.8270656,Miami (FL),Idaho,7,15,33,64
miami-fl,illinois,0.15004224,Miami (FL),Illinois,7,3,33,57
miami-fl,iowa,0.42235208,Miami (FL),Iowa,7,9,33,44
miami-fl,iowa-state,0.20549645,Miami (FL),Iowa State,7,2,33,67
miami-fl,kansas,0.39023104,Miami (FL),Kansas,7,4,33,21
miami-fl,kennesaw-state,0.8071991,Miami (FL),Kennesaw State,7,14,33,31
miami-fl,kentucky,0.37813988,Miami (FL),Kentucky,7,7,33,65
miami-fl,lehigh,0.94813377,Miami (FL),Lehigh,7,16,33,6
miami-fl,long-island-university,0.9209778,Miami (FL),Long Island University,7,16,33,12
miami-fl,louisville,0.3630333,Miami (FL),Louisville,7,6,33,24
miami-fl,maryland-baltimore-county,0.8974554,Miami (FL),Maryland-Baltimore County,7,16,33,1
miami-fl,mcneese-state,0.6052359,Miami (FL),McNeese State,7,12,33,48
miami-fl,miami-oh,0.73397833,Miami (FL),Miami (OH),7,11,33,5
miami-fl,michigan,0.12680888,Miami (FL),Michigan,7,1,33,41
miami-fl,michigan-state,0.2164508,Miami (FL),Michigan State,7,3,33,28
miami-fl,missouri,0.69020635,Miami (FL),Missouri,7,10,33,36
miami-fl,nebraska,0.33112338,Miami (FL),Nebraska,7,4,33,50
miami-fl,north-carolina,0.45166025,Miami (FL),North Carolina,7,6,33,53
miami-fl,north-carolina-state,0.5982697,Miami (FL),NC State,7,11,33,8
miami-fl,north-dakota-state,0.7784318,Miami (FL),North Dakota State,7,14,33,30
miami-fl,northern-iowa,0.6856187,Miami (FL),Northern Iowa,7,12,33,19
miami-fl,ohio-state,0.4528344,Miami (FL),Ohio State,7,8,33,13
miami-fl,pennsylvania,0.8624681,Miami (FL),Pennsylvania,7,14,33,59
miami-fl,prairie-view,0.9447839,Miami (FL),Prairie View,7,16,33,4
miami-fl,purdue,0.2543157,Miami (FL),Purdue,7,2,33,37
miami-fl,queens-nc,0.9029193,Miami (FL),Queens (NC),7,15,33,39
miami-fl,saint-louis,0.54609025,Miami (FL),Saint Louis,7,9,33,45
miami-fl,saint-marys-ca,0.34147573,Miami (FL),Saint Mary's (CA),7,7,33,61
miami-fl,santa-clara,0.50445396,Miami (FL),Santa Clara,7,10,33,66
miami-fl,siena,0.9137332,Miami (FL),Siena,7,16,33,11
miami-fl,south-florida,0.5364383,Miami (FL),South Florida,7,11,33,26
miami-fl,southern-methodist,0.6063198,Miami (FL),Southern Methodist,7,11,33,7
miami-fl,st-johns-ny,0.3874131,Miami (FL),St. John's (NY),7,5,33,17
miami-fl,tennessee,0.24841268,Miami (FL),Tennessee,7,6,33,56
miami-fl,tennessee-state,0.8639239,Miami (FL),Tennessee State,7,15,33,68
miami-fl,texas,0.51797146,Miami (FL),Texas,7,11,33,3
miami-fl,texas-am,0.4707554,Miami (FL),Texas A&M,7,10,33,62
miami-fl,texas-christian,0.48087338,Miami (FL),TCU,7,9,33,15
miami-fl,texas-tech,0.34533677,Miami (FL),Texas Tech,7,5,33,47
miami-fl,troy,0.79460305,Miami (FL),Troy,7,13,33,52
miami-fl,ucla,0.38715166,Miami (FL),UCLA,7,7,33,32
miami-fl,utah-state,0.44411588,Miami (FL),Utah State,7,9,33,16
miami-fl,vanderbilt,0.3667759,Miami (FL),Vanderbilt,7,5,33,46
miami-fl,villanova,0.57739663,Miami (FL),Villanova,7,8,33,14
miami-fl,virginia,0.3871028,Miami (FL),Virginia,7,3,33,58
miami-fl,virginia-commonwealth,0.5867481,Miami (FL),Virginia Commonwealth,7,11,33,55
miami-fl,wisconsin,0.40280372,Miami (FL),Wisconsin,7,5,33,18
miami-fl,wright-state,0.816819,Miami (FL),Wright State,7,14,33,60
miami-oh,akron,0.412976,Miami (OH),Akron,11,12,5,49
miami-oh,alabama,0.05100249,Miami (OH),Alabama,11,4,5,51
miami-oh,arizona,0.035126522,Miami (OH),Arizona,11,1,5,10
miami-oh,arkansas,0.07438501,Miami (OH),Arkansas,11,4,5,22
miami-oh,brigham-young,0.10844134,Miami (OH),Brigham Young,11,6,5,27
miami-oh,california-baptist,0.65755075,Miami (OH),California Baptist,11,13,5,23
miami-oh,central-florida,0.14106028,Miami (OH),UCF,11,10,5,34
miami-oh,clemson,0.16911885,Miami (OH),Clemson,11,8,5,42
miami-oh,connecticut,0.07203637,Miami (OH),Connecticut,11,2,5,35
miami-oh,duke,0.021557888,Miami (OH),Duke,11,1,5,9
miami-oh,florida,0.020309376,Miami (OH),Florida,11,1,5,40
miami-oh,furman,0.6663682,Miami (OH),Furman,11,15,5,38
miami-oh,georgia,0.13214724,Miami (OH),Georgia,11,8,5,43
miami-oh,gonzaga,0.060176514,Miami (OH),Gonzaga,11,3,5,29
miami-oh,hawaii,0.54702455,Miami (OH),Hawaii,11,13,5,25
miami-oh,high-point,0.35002318,Miami (OH),High Point,11,12,5,20
miami-oh,hofstra,0.477308,Miami (OH),Hofstra,11,13,5,54
miami-oh,houston,0.026380492,Miami (OH),Houston,11,2,5,63
miami-oh,howard,0.6441416,Miami (OH),Howard,11,16,5,2
miami-oh,idaho,0.6655964,Miami (OH),Idaho,11,15,5,64
miami-oh,illinois,0.04992522,Miami (OH),Illinois,11,3,5,57
miami-oh,iowa,0.13776593,Miami (OH),Iowa,11,9,5,44
miami-oh,iowa-state,0.041176163,Miami (OH),Iowa State,11,2,5,67
miami-oh,kansas,0.084054284,Miami (OH),Kansas,11,4,5,21
miami-oh,kennesaw-state,0.53538465,Miami (OH),Kennesaw State,11,14,5,31
miami-oh,kentucky,0.073624656,Miami (OH),Kentucky,11,7,5,65
miami-oh,lehigh,0.84825873,Miami (OH),Lehigh,11,16,5,6
miami-oh,long-island-university,0.76724887,Miami (OH),Long Island University,11,16,5,12
miami-oh,louisville,0.083379105,Miami (OH),Louisville,11,6,5,24
miami-oh,maryland-baltimore-county,0.65825534,Miami (OH),Maryland-Baltimore County,11,16,5,1
miami-oh,mcneese-state,0.37625065,Miami (OH),McNeese State,11,12,5,48
miami-oh,miami-fl,0.2621702,Miami (OH),Miami (FL),11,7,5,33
miami-oh,michigan,0.029375827,Miami (OH),Michigan,11,1,5,41
miami-oh,michigan-state,0.05923428,Miami (OH),Michigan State,11,3,5,28
miami-oh,missouri,0.15719451,Miami (OH),Missouri,11,10,5,36
miami-oh,nebraska,0.09359602,Miami (OH),Nebraska,11,4,5,50
miami-oh,north-carolina,0.10175665,Miami (OH),North Carolina,11,6,5,53
miami-oh,north-carolina-state,0.22530214,Miami (OH),NC State,11,11,5,8
miami-oh,north-dakota-state,0.4877463,Miami (OH),North Dakota State,11,14,5,30
miami-oh,northern-iowa,0.44352302,Miami (OH),Northern Iowa,11,12,5,19
miami-oh,ohio-state,0.10370561,Miami (OH),Ohio State,11,8,5,13
miami-oh,pennsylvania,0.6878803,Miami (OH),Pennsylvania,11,14,5,59
miami-oh,prairie-view,0.9159213,Miami (OH),Prairie View,11,16,5,4
miami-oh,purdue,0.055406366,Miami (OH),Purdue,11,2,5,37
miami-oh,queens-nc,0.6990238,Miami (OH),Queens (NC),11,15,5,39
miami-oh,saint-louis,0.3089302,Miami (OH),Saint Louis,11,9,5,45
miami-oh,saint-marys-ca,0.10406188,Miami (OH),Saint Mary's (CA),11,7,5,61
miami-oh,santa-clara,0.19890879,Miami (OH),Santa Clara,11,10,5,66
miami-oh,siena,0.7520327,Miami (OH),Siena,11,16,5,11
miami-oh,south-florida,0.35254404,Miami (OH),South Florida,11,11,5,26
miami-oh,southern-methodist,0.2649752,Miami (OH),Southern Methodist,11,11,5,7
miami-oh,st-johns-ny,0.06812003,Miami (OH),St. John's (NY),11,5,5,17
miami-oh,tennessee,0.049474478,Miami (OH),Tennessee,11,6,5,56
miami-oh,tennessee-state,0.63386714,Miami (OH),Tennessee State,11,15,5,68
miami-oh,texas,0.14299336,Miami (OH),Texas,11,11,5,3
miami-oh,texas-am,0.099447705,Miami (OH),Texas A&M,11,10,5,62
miami-oh,texas-christian,0.15229896,Miami (OH),TCU,11,9,5,15
miami-oh,texas-tech,0.09147586,Miami (OH),Texas Tech,11,5,5,47
miami-oh,troy,0.56510967,Miami (OH),Troy,11,13,5,52
miami-oh,ucla,0.09093224,Miami (OH),UCLA,11,7,5,32
miami-oh,utah-state,0.23403098,Miami (OH),Utah State,11,9,5,16
miami-oh,vanderbilt,0.10060976,Miami (OH),Vanderbilt,11,5,5,46
miami-oh,villanova,0.21075933,Miami (OH),Villanova,11,8,5,14
miami-oh,virginia,0.13413279,Miami (OH),Virginia,11,3,5,58
miami-oh,virginia-commonwealth,0.33856678,Miami (OH),Virginia Commonwealth,11,11,5,55
miami-oh,wisconsin,0.06501434,Miami (OH),Wisconsin,11,5,5,18
miami-oh,wright-state,0.61984605,Miami (OH),Wright State,11,14,5,60
michigan,akron,0.90964454,Michigan,Akron,1,12,41,49
michigan,alabama,0.67557925,Michigan,Alabama,1,4,41,51
michigan,arizona,0.46527052,Michigan,Arizona,1,1,41,10
michigan,arkansas,0.7067139,Michigan,Arkansas,1,4,41,22
michigan,brigham-young,0.8006333,Michigan,Brigham Young,1,6,41,27
michigan,california-baptist,0.9578476,Michigan,California Baptist,1,13,41,23
michigan,central-florida,0.930926,Michigan,UCF,1,10,41,34
michigan,clemson,0.8419961,Michigan,Clemson,1,8,41,42
michigan,connecticut,0.6684548,Michigan,Connecticut,1,2,41,35
michigan,duke,0.38170123,Michigan,Duke,1,1,41,9
michigan,florida,0.45398808,Michigan,Florida,1,1,41,40
michigan,furman,0.96998763,Michigan,Furman,1,15,41,38
michigan,georgia,0.8328716,Michigan,Georgia,1,8,41,43
michigan,gonzaga,0.5821836,Michigan,Gonzaga,1,3,41,29
michigan,hawaii,0.9685791,Michigan,Hawaii,1,13,41,25
michigan,high-point,0.90093875,Michigan,High Point,1,12,41,20
michigan,hofstra,0.97343725,Michigan,Hofstra,1,13,41,54
michigan,houston,0.5770154,Michigan,Houston,1,2,41,63
michigan,howard,0.9692104,Michigan,Howard,1,16,41,2
michigan,idaho,0.9848563,Michigan,Idaho,1,15,41,64
michigan,illinois,0.5877949,Michigan,Illinois,1,3,41,57
michigan,iowa,0.8256981,Michigan,Iowa,1,9,41,44
michigan,iowa-state,0.61216134,Michigan,Iowa State,1,2,41,67
michigan,kansas,0.7680303,Michigan,Kansas,1,4,41,21
michigan,kennesaw-state,0.97098213,Michigan,Kennesaw State,1,14,41,31
michigan,kentucky,0.78929335,Michigan,Kentucky,1,7,41,65
michigan,lehigh,0.98899555,Michigan,Lehigh,1,16,41,6
michigan,long-island-university,0.9706955,Michigan,Long Island University,1,16,41,12
michigan,louisville,0.6954585,Michigan,Louisville,1,6,41,24
michigan,maryland-baltimore-county,0.97694916,Michigan,Maryland-Baltimore County,1,16,41,1
michigan,mcneese-state,0.89592683,Michigan,McNeese State,1,12,41,48
michigan,miami-fl,0.85285455,Michigan,Miami (FL),1,7,41,33
michigan,miami-oh,0.9761262,Michigan,Miami (OH),1,11,41,5
michigan,michigan-state,0.65123534,Michigan,Michigan State,1,3,41,28
michigan,missouri,0.8772228,Michigan,Missouri,1,10,41,36
michigan,nebraska,0.726556,Michigan,Nebraska,1,4,41,50
michigan,north-carolina,0.81130093,Michigan,North Carolina,1,6,41,53
michigan,north-carolina-state,0.87090725,Michigan,NC State,1,11,41,8
michigan,north-dakota-state,0.95549494,Michigan,North Dakota State,1,14,41,30
michigan,northern-iowa,0.9282502,Michigan,Northern Iowa,1,12,41,19
michigan,ohio-state,0.8436018,Michigan,Ohio State,1,8,41,13
michigan,pennsylvania,0.9741398,Michigan,Pennsylvania,1,14,41,59
michigan,prairie-view,0.9779286,Michigan,Prairie View,1,16,41,4
michigan,purdue,0.6409774,Michigan,Purdue,1,2,41,37
michigan,queens-nc,0.9878477,Michigan,Queens (NC),1,15,41,39
michigan,saint-louis,0.85154474,Michigan,Saint Louis,1,9,41,45
michigan,saint-marys-ca,0.6834238,Michigan,Saint Mary's (CA),1,7,41,61
michigan,santa-clara,0.7990822,Michigan,Santa Clara,1,10,41,66
michigan,siena,0.9829863,Michigan,Siena,1,16,41,11
michigan,south-florida,0.91413915,Michigan,South Florida,1,11,41,26
michigan,southern-methodist,0.8989085,Michigan,Southern Methodist,1,11,41,7
michigan,st-johns-ny,0.7342031,Michigan,St. John's (NY),1,5,41,17
michigan,tennessee,0.6700139,Michigan,Tennessee,1,6,41,56
michigan,tennessee-state,0.96435666,Michigan,Tennessee State,1,15,41,68
michigan,texas,0.86721885,Michigan,Texas,1,11,41,3
michigan,texas-am,0.8325656,Michigan,Texas A&M,1,10,41,62
michigan,texas-christian,0.8003442,Michigan,TCU,1,9,41,15
michigan,texas-tech,0.7016893,Michigan,Texas Tech,1,5,41,47
michigan,troy,0.9736338,Michigan,Troy,1,13,41,52
michigan,ucla,0.7426269,Michigan,UCLA,1,7,41,32
michigan,utah-state,0.79936284,Michigan,Utah State,1,9,41,16
michigan,vanderbilt,0.68302613,Michigan,Vanderbilt,1,5,41,46
michigan,villanova,0.8546238,Michigan,Villanova,1,8,41,14
michigan,virginia,0.69147086,Michigan,Virginia,1,3,41,58
michigan,virginia-commonwealth,0.884405,Michigan,Virginia Commonwealth,1,11,41,55
michigan,wisconsin,0.7622214,Michigan,Wisconsin,1,5,41,18
michigan,wright-state,0.9570325,Michigan,Wright State,1,14,41,60
michigan-state,akron,0.9022197,Michigan State,Akron,3,12,28,49
michigan-state,alabama,0.54428756,Michigan State,Alabama,3,4,28,51
michigan-state,arizona,0.3212681,Michigan State,Arizona,3,1,28,10
michigan-state,arkansas,0.63203156,Michigan State,Arkansas,3,4,28,22
michigan-state,brigham-young,0.6590659,Michigan State,Brigham Young,3,6,28,27
michigan-state,california-baptist,0.9708745,Michigan State,California Baptist,3,13,28,23
michigan-state,central-florida,0.80833167,Michigan State,UCF,3,10,28,34
michigan-state,clemson,0.6874816,Michigan State,Clemson,3,8,28,42
michigan-state,connecticut,0.5396452,Michigan State,Connecticut,3,2,28,35
michigan-state,duke,0.24086143,Michigan State,Duke,3,1,28,9
michigan-state,florida,0.28882253,Michigan State,Florida,3,1,28,40
michigan-state,furman,0.96231705,Michigan State,Furman,3,15,28,38
michigan-state,georgia,0.6331984,Michigan State,Georgia,3,8,28,43
michigan-state,gonzaga,0.486698,Michigan State,Gonzaga,3,3,28,29
michigan-state,hawaii,0.9469221,Michigan State,Hawaii,3,13,28,25
michigan-state,high-point,0.85825944,Michigan State,High Point,3,12,28,20
michigan-state,hofstra,0.95472217,Michigan State,Hofstra,3,13,28,54
michigan-state,houston,0.44373858,Michigan State,Houston,3,2,28,63
michigan-state,howard,0.9665709,Michigan State,Howard,3,16,28,2
michigan-state,idaho,0.9566203,Michigan State,Idaho,3,15,28,64
michigan-state,illinois,0.44365767,Michigan State,Illinois,3,3,28,57
michigan-state,iowa,0.6866789,Michigan State,Iowa,3,9,28,44
michigan-state,iowa-state,0.48683393,Michigan State,Iowa State,3,2,28,67
michigan-state,kansas,0.6611009,Michigan State,Kansas,3,4,28,21
michigan-state,kennesaw-state,0.95219517,Michigan State,Kennesaw State,3,14,28,31
michigan-state,kentucky,0.6056939,Michigan State,Kentucky,3,7,28,65
michigan-state,lehigh,0.97548974,Michigan State,Lehigh,3,16,28,6
michigan-state,long-island-university,0.96312493,Michigan State,Long Island University,3,16,28,12
michigan-state,louisville,0.53937805,Michigan State,Louisville,3,6,28,24
michigan-state,maryland-baltimore-county,0.9630412,Michigan State,Maryland-Baltimore County,3,16,28,1
michigan-state,mcneese-state,0.8357357,Michigan State,McNeese State,3,12,28,48
michigan-state,miami-fl,0.767745,Michigan State,Miami (FL),3,7,28,33
michigan-state,miami-oh,0.9558136,Michigan State,Miami (OH),3,11,28,5
michigan-state,michigan,0.33914667,Michigan State,Michigan,3,1,28,41
michigan-state,missouri,0.7861362,Michigan State,Missouri,3,10,28,36
michigan-state,nebraska,0.6282121,Michigan State,Nebraska,3,4,28,50
michigan-state,north-carolina,0.64791584,Michigan State,North Carolina,3,6,28,53
michigan-state,north-carolina-state,0.7649325,Michigan State,NC State,3,11,28,8
michigan-state,north-dakota-state,0.9300878,Michigan State,North Dakota State,3,14,28,30
michigan-state,northern-iowa,0.8542368,Michigan State,Northern Iowa,3,12,28,19
michigan-state,ohio-state,0.65934026,Michigan State,Ohio State,3,8,28,13
michigan-state,pennsylvania,0.96786064,Michigan State,Pennsylvania,3,14,28,59
michigan-state,prairie-view,0.9770792,Michigan State,Prairie View,3,16,28,4
michigan-state,purdue,0.46739426,Michigan State,Purdue,3,2,28,37
michigan-state,queens-nc,0.9668218,Michigan State,Queens (NC),3,15,28,39
michigan-state,saint-louis,0.8511385,Michigan State,Saint Louis,3,9,28,45
michigan-state,saint-marys-ca,0.57568157,Michigan State,Saint Mary's (CA),3,7,28,61
michigan-state,santa-clara,0.7050421,Michigan State,Santa Clara,3,10,28,66
michigan-state,siena,0.9650736,Michigan State,Siena,3,16,28,11
michigan-state,south-florida,0.88715243,Michigan State,South Florida,3,11,28,26
michigan-state,southern-methodist,0.7876397,Michigan State,Southern Methodist,3,11,28,7
michigan-state,st-johns-ny,0.6988685,Michigan State,St. John's (NY),3,5,28,17
michigan-state,tennessee,0.45878467,Michigan State,Tennessee,3,6,28,56
michigan-state,tennessee-state,0.96782327,Michigan State,Tennessee State,3,15,28,68
michigan-state,texas,0.7413983,Michigan State,Texas,3,11,28,3
michigan-state,texas-am,0.6863191,Michigan State,Texas A&M,3,10,28,62
michigan-state,texas-christian,0.69037914,Michigan State,TCU,3,9,28,15
michigan-state,texas-tech,0.5387681,Michigan State,Texas Tech,3,5,28,47
michigan-state,troy,0.94783926,Michigan State,Troy,3,13,28,52
michigan-state,ucla,0.61219555,Michigan State,UCLA,3,7,28,32
michigan-state,utah-state,0.66981477,Michigan State,Utah State,3,9,28,16
michigan-state,vanderbilt,0.55177367,Michigan State,Vanderbilt,3,5,28,46
michigan-state,villanova,0.74377614,Michigan State,Villanova,3,8,28,14
michigan-state,virginia,0.5523179,Michigan State,Virginia,3,3,28,58
michigan-state,virginia-commonwealth,0.7522666,Michigan State,Virginia Commonwealth,3,11,28,55
michigan-state,wisconsin,0.60877854,Michigan State,Wisconsin,3,5,28,18
michigan-state,wright-state,0.9626617,Michigan State,Wright State,3,14,28,60
missouri,akron,0.712731,Missouri,Akron,10,12,36,49
missouri,alabama,0.26097503,Missouri,Alabama,10,4,36,51
missouri,arizona,0.11881387,Missouri,Arizona,10,1,36,10
missouri,arkansas,0.28007716,Missouri,Arkansas,10,4,36,22
missouri,brigham-young,0.3603577,Missouri,Brigham Young,10,6,36,27
missouri,california-baptist,0.8445961,Missouri,California Baptist,10,13,36,23
missouri,central-florida,0.49774623,Missouri,UCF,10,10,36,34
missouri,clemson,0.44414398,Missouri,Clemson,10,8,36,42
missouri,connecticut,0.18353128,Missouri,Connecticut,10,2,36,35
missouri,duke,0.063061565,Missouri,Duke,10,1,36,9
missouri,florida,0.09652769,Missouri,Florida,10,1,36,40
missouri,furman,0.85982543,Missouri,Furman,10,15,36,38
missouri,georgia,0.39640003,Missouri,Georgia,10,8,36,43
missouri,gonzaga,0.15498434,Missouri,Gonzaga,10,3,36,29
missouri,hawaii,0.8429589,Missouri,Hawaii,10,13,36,25
missouri,high-point,0.8055826,Missouri,High Point,10,12,36,20
missouri,hofstra,0.71400195,Missouri,Hofstra,10,13,36,54
missouri,houston,0.13769662,Missouri,Houston,10,2,36,63
missouri,howard,0.9001649,Missouri,Howard,10,16,36,2
missouri,idaho,0.87948215,Missouri,Idaho,10,15,36,64
missouri,illinois,0.16017842,Missouri,Illinois,10,3,36,57
missouri,iowa,0.3846678,Missouri,Iowa,10,9,36,44
missouri,iowa-state,0.14338349,Missouri,Iowa State,10,2,36,67
missouri,kansas,0.3064487,Missouri,Kansas,10,4,36,21
missouri,kennesaw-state,0.7858665,Missouri,Kennesaw State,10,14,36,31
missouri,kentucky,0.34350818,Missouri,Kentucky,10,7,36,65
missouri,lehigh,0.94048077,Missouri,Lehigh,10,16,36,6
missouri,long-island-university,0.8978891,Missouri,Long Island University,10,16,36,12
missouri,louisville,0.23338413,Missouri,Louisville,10,6,36,24
missouri,maryland-baltimore-county,0.8863168,Missouri,Maryland-Baltimore County,10,16,36,1
missouri,mcneese-state,0.6252752,Missouri,McNeese State,10,12,36,48
missouri,miami-fl,0.28017515,Missouri,Miami (FL),10,7,36,33
missouri,miami-oh,0.85466456,Missouri,Miami (OH),10,11,36,5
missouri,michigan,0.12288525,Missouri,Michigan,10,1,36,41
missouri,michigan-state,0.19568968,Missouri,Michigan State,10,3,36,28
missouri,nebraska,0.2608923,Missouri,Nebraska,10,4,36,50
missouri,north-carolina,0.4120744,Missouri,North Carolina,10,6,36,53
missouri,north-carolina-state,0.45759332,Missouri,NC State,10,11,36,8
missouri,north-dakota-state,0.76992816,Missouri,North Dakota State,10,14,36,30
missouri,northern-iowa,0.65599024,Missouri,Northern Iowa,10,12,36,19
missouri,ohio-state,0.37138107,Missouri,Ohio State,10,8,36,13
missouri,pennsylvania,0.8338793,Missouri,Pennsylvania,10,14,36,59
missouri,prairie-view,0.9545212,Missouri,Prairie View,10,16,36,4
missouri,purdue,0.20054032,Missouri,Purdue,10,2,36,37
missouri,queens-nc,0.952675,Missouri,Queens (NC),10,15,36,39
missouri,saint-louis,0.5321054,Missouri,Saint Louis,10,9,36,45
missouri,saint-marys-ca,0.20809375,Missouri,Saint Mary's (CA),10,7,36,61
missouri,santa-clara,0.35400236,Missouri,Santa Clara,10,10,36,66
missouri,siena,0.9132667,Missouri,Siena,10,16,36,11
missouri,south-florida,0.6468718,Missouri,South Florida,10,11,36,26
missouri,southern-methodist,0.42235044,Missouri,Southern Methodist,10,11,36,7
missouri,st-johns-ny,0.3118357,Missouri,St. John's (NY),10,5,36,17
missouri,tennessee,0.17186259,Missouri,Tennessee,10,6,36,56
missouri,tennessee-state,0.89817107,Missouri,Tennessee State,10,15,36,68
missouri,texas,0.4507021,Missouri,Texas,10,11,36,3
missouri,texas-am,0.42545855,Missouri,Texas A&M,10,10,36,62
missouri,texas-christian,0.39982834,Missouri,TCU,10,9,36,15
missouri,texas-tech,0.2250392,Missouri,Texas Tech,10,5,36,47
missouri,troy,0.70582676,Missouri,Troy,10,13,36,52
missouri,ucla,0.33466867,Missouri,UCLA,10,7,36,32
missouri,utah-state,0.37849557,Missouri,Utah State,10,9,36,16
missouri,vanderbilt,0.23018743,Missouri,Vanderbilt,10,5,36,46
missouri,villanova,0.44475362,Missouri,Villanova,10,8,36,14
missouri,virginia,0.18733728,Missouri,Virginia,10,3,36,58
missouri,virginia-commonwealth,0.5813729,Missouri,Virginia Commonwealth,10,11,36,55
missouri,wisconsin,0.2981093,Missouri,Wisconsin,10,5,36,18
missouri,wright-state,0.85876805,Missouri,Wright State,10,14,36,60
nebraska,akron,0.7745498,Nebraska,Akron,4,12,50,49
nebraska,alabama,0.38739973,Nebraska,Alabama,4,4,50,51
nebraska,arizona,0.2837016,Nebraska,Arizona,4,1,50,10
nebraska,arkansas,0.45708382,Nebraska,Arkansas,4,4,50,22
nebraska,brigham-young,0.500323,Nebraska,Brigham Young,4,6,50,27
nebraska,california-baptist,0.8945693,Nebraska,California Baptist,4,13,50,23
nebraska,central-florida,0.6901395,Nebraska,UCF,4,10,50,34
nebraska,clemson,0.57138836,Nebraska,Clemson,4,8,50,42
nebraska,connecticut,0.37819102,Nebraska,Connecticut,4,2,50,35
nebraska,duke,0.14892021,Nebraska,Duke,4,1,50,9
nebraska,florida,0.26317117,Nebraska,Florida,4,1,50,40
nebraska,furman,0.9107329,Nebraska,Furman,4,15,50,38
nebraska,georgia,0.5370463,Nebraska,Georgia,4,8,50,43
nebraska,gonzaga,0.40685967,Nebraska,Gonzaga,4,3,50,29
nebraska,hawaii,0.8663605,Nebraska,Hawaii,4,13,50,25
nebraska,high-point,0.74571264,Nebraska,High Point,4,12,50,20
nebraska,hofstra,0.85661745,Nebraska,Hofstra,4,13,50,54
nebraska,houston,0.2854069,Nebraska,Houston,4,2,50,63
nebraska,howard,0.9389831,Nebraska,Howard,4,16,50,2
nebraska,idaho,0.9367129,Nebraska,Idaho,4,15,50,64
nebraska,illinois,0.32717678,Nebraska,Illinois,4,3,50,57
nebraska,iowa,0.5709095,Nebraska,Iowa,4,9,50,44
nebraska,iowa-state,0.29915687,Nebraska,Iowa State,4,2,50,67
nebraska,kansas,0.46957764,Nebraska,Kansas,4,4,50,21
nebraska,kennesaw-state,0.87743264,Nebraska,Kennesaw State,4,14,50,31
nebraska,kentucky,0.47296214,Nebraska,Kentucky,4,7,50,65
nebraska,lehigh,0.97984296,Nebraska,Lehigh,4,16,50,6
nebraska,long-island-university,0.9577648,Nebraska,Long Island University,4,16,50,12
nebraska,louisville,0.47056827,Nebraska,Louisville,4,6,50,24
nebraska,maryland-baltimore-county,0.9484896,Nebraska,Maryland-Baltimore County,4,16,50,1
nebraska,mcneese-state,0.685979,Nebraska,McNeese State,4,12,50,48
nebraska,miami-fl,0.64497066,Nebraska,Miami (FL),4,7,50,33
nebraska,miami-oh,0.8996349,Nebraska,Miami (OH),4,11,50,5
nebraska,michigan,0.23858303,Nebraska,Michigan,4,1,50,41
nebraska,michigan-state,0.3571689,Nebraska,Michigan State,4,3,50,28
nebraska,missouri,0.65804553,Nebraska,Missouri,4,10,50,36
nebraska,north-carolina,0.51189685,Nebraska,North Carolina,4,6,50,53
nebraska,north-carolina-state,0.57406324,Nebraska,NC State,4,11,50,8
nebraska,north-dakota-state,0.822262,Nebraska,North Dakota State,4,14,50,30
nebraska,northern-iowa,0.76390547,Nebraska,Northern Iowa,4,12,50,19
nebraska,ohio-state,0.59003985,Nebraska,Ohio State,4,8,50,13
nebraska,pennsylvania,0.93898886,Nebraska,Pennsylvania,4,14,50,59
nebraska,prairie-view,0.94796234,Nebraska,Prairie View,4,16,50,4
nebraska,purdue,0.35478905,Nebraska,Purdue,4,2,50,37
nebraska,queens-nc,0.96707,Nebraska,Queens (NC),4,15,50,39
nebraska,saint-louis,0.65344757,Nebraska,Saint Louis,4,9,50,45
nebraska,saint-marys-ca,0.44260746,Nebraska,Saint Mary's (CA),4,7,50,61
nebraska,santa-clara,0.5730805,Nebraska,Santa Clara,4,10,50,66
nebraska,siena,0.96428794,Nebraska,Siena,4,16,50,11
nebraska,south-florida,0.6840943,Nebraska,South Florida,4,11,50,26
nebraska,southern-methodist,0.6737365,Nebraska,Southern Methodist,4,11,50,7
nebraska,st-johns-ny,0.4572496,Nebraska,St. John's (NY),4,5,50,17
nebraska,tennessee,0.40084842,Nebraska,Tennessee,4,6,50,56
nebraska,tennessee-state,0.951486,Nebraska,Tennessee State,4,15,50,68
nebraska,texas,0.591876,Nebraska,Texas,4,11,50,3
nebraska,texas-am,0.5368504,Nebraska,Texas A&M,4,10,50,62
nebraska,texas-christian,0.59700525,Nebraska,TCU,4,9,50,15
nebraska,texas-tech,0.5007091,Nebraska,Texas Tech,4,5,50,47
nebraska,troy,0.8705817,Nebraska,Troy,4,13,50,52
nebraska,ucla,0.56678885,Nebraska,UCLA,4,7,50,32
nebraska,utah-state,0.5084842,Nebraska,Utah State,4,9,50,16
nebraska,vanderbilt,0.44402105,Nebraska,Vanderbilt,4,5,50,46
nebraska,villanova,0.58106756,Nebraska,Villanova,4,8,50,14
nebraska,virginia,0.43837,Nebraska,Virginia,4,3,50,58
nebraska,virginia-commonwealth,0.59590554,Nebraska,Virginia Commonwealth,4,11,50,55
nebraska,wisconsin,0.43810606,Nebraska,Wisconsin,4,5,50,18
nebraska,wright-state,0.9094236,Nebraska,Wright State,4,14,50,60
north-carolina,akron,0.82931745,North Carolina,Akron,6,12,53,49
north-carolina,alabama,0.3688943,North Carolina,Alabama,6,4,53,51
north-carolina,arizona,0.22179295,North Carolina,Arizona,6,1,53,10
north-carolina,arkansas,0.40825078,North Carolina,Arkansas,6,4,53,22
north-carolina,brigham-young,0.45682,North Carolina,Brigham Young,6,6,53,27
north-carolina,california-baptist,0.9090288,North Carolina,California Baptist,6,13,53,23
north-carolina,central-florida,0.5902611,North Carolina,UCF,6,10,53,34
north-carolina,clemson,0.5828581,North Carolina,Clemson,6,8,53,42
north-carolina,connecticut,0.3453299,North Carolina,Connecticut,6,2,53,35
north-carolina,duke,0.090247415,North Carolina,Duke,6,1,53,9
north-carolina,florida,0.18114817,North Carolina,Florida,6,1,53,40
north-carolina,furman,0.89948183,North Carolina,Furman,6,15,53,38
north-carolina,georgia,0.44814962,North Carolina,Georgia,6,8,53,43
north-carolina,gonzaga,0.2939276,North Carolina,Gonzaga,6,3,53,29
north-carolina,hawaii,0.8504382,North Carolina,Hawaii,6,13,53,25
north-carolina,high-point,0.7807892,North Carolina,High Point,6,12,53,20
north-carolina,hofstra,0.89855844,North Carolina,Hofstra,6,13,53,54
north-carolina,houston,0.22457574,North Carolina,Houston,6,2,53,63
north-carolina,howard,0.9307205,North Carolina,Howard,6,16,53,2
north-carolina,idaho,0.94622624,North Carolina,Idaho,6,15,53,64
north-carolina,illinois,0.2329788,North Carolina,Illinois,6,3,53,57
north-carolina,iowa,0.5040851,North Carolina,Iowa,6,9,53,44
north-carolina,iowa-state,0.26074445,North Carolina,Iowa State,6,2,53,67
north-carolina,kansas,0.48065752,North Carolina,Kansas,6,4,53,21
north-carolina,kennesaw-state,0.8222082,North Carolina,Kennesaw State,6,14,53,31
north-carolina,kentucky,0.43527564,North Carolina,Kentucky,6,7,53,65
north-carolina,lehigh,0.98193246,North Carolina,Lehigh,6,16,53,6
north-carolina,long-island-university,0.9437178,North Carolina,Long Island University,6,16,53,12
north-carolina,louisville,0.40830418,North Carolina,Louisville,6,6,53,24
north-carolina,maryland-baltimore-county,0.9569979,North Carolina,Maryland-Baltimore County,6,16,53,1
north-carolina,mcneese-state,0.64967537,North Carolina,McNeese State,6,12,53,48
north-carolina,miami-fl,0.51788205,North Carolina,Miami (FL),6,7,53,33
north-carolina,miami-oh,0.9266049,North Carolina,Miami (OH),6,11,53,5
north-carolina,michigan,0.1718369,North Carolina,Michigan,6,1,53,41
north-carolina,michigan-state,0.3453005,North Carolina,Michigan State,6,3,53,28
north-carolina,missouri,0.5880947,North Carolina,Missouri,6,10,53,36
north-carolina,nebraska,0.47335982,North Carolina,Nebraska,6,4,53,50
north-carolina,north-carolina-state,0.5288936,North Carolina,NC State,6,11,53,8
north-carolina,north-dakota-state,0.8080178,North Carolina,North Dakota State,6,14,53,30
north-carolina,northern-iowa,0.73834753,North Carolina,Northern Iowa,6,12,53,19
north-carolina,ohio-state,0.5024079,North Carolina,Ohio State,6,8,53,13
north-carolina,pennsylvania,0.91858464,North Carolina,Pennsylvania,6,14,53,59
north-carolina,prairie-view,0.97128314,North Carolina,Prairie View,6,16,53,4
north-carolina,purdue,0.3104286,North Carolina,Purdue,6,2,53,37
north-carolina,queens-nc,0.96540326,North Carolina,Queens (NC),6,15,53,39
north-carolina,saint-louis,0.61959606,North Carolina,Saint Louis,6,9,53,45
north-carolina,saint-marys-ca,0.3865202,North Carolina,Saint Mary's (CA),6,7,53,61
north-carolina,santa-clara,0.515824,North Carolina,Santa Clara,6,10,53,66
north-carolina,siena,0.96219736,North Carolina,Siena,6,16,53,11
north-carolina,south-florida,0.6767422,North Carolina,South Florida,6,11,53,26
north-carolina,southern-methodist,0.5868864,North Carolina,Southern Methodist,6,11,53,7
north-carolina,st-johns-ny,0.36048058,North Carolina,St. John's (NY),6,5,53,17
north-carolina,tennessee,0.36859852,North Carolina,Tennessee,6,6,53,56
north-carolina,tennessee-state,0.95405525,North Carolina,Tennessee State,6,15,53,68
north-carolina,texas,0.5426218,North Carolina,Texas,6,11,53,3
north-carolina,texas-am,0.5591771,North Carolina,Texas A&M,6,10,53,62
north-carolina,texas-christian,0.54478943,North Carolina,TCU,6,9,53,15
north-carolina,texas-tech,0.4006022,North Carolina,Texas Tech,6,5,53,47
north-carolina,troy,0.84411186,North Carolina,Troy,6,13,53,52
north-carolina,ucla,0.45567775,North Carolina,UCLA,6,7,53,32
north-carolina,utah-state,0.50437313,North Carolina,Utah State,6,9,53,16
north-carolina,vanderbilt,0.36890996,North Carolina,Vanderbilt,6,5,53,46
north-carolina,villanova,0.5801813,North Carolina,Villanova,6,8,53,14
north-carolina,virginia,0.41623923,North Carolina,Virginia,6,3,53,58
north-carolina,virginia-commonwealth,0.6142006,North Carolina,Virginia Commonwealth,6,11,53,55
north-carolina,wisconsin,0.3735704,North Carolina,Wisconsin,6,5,53,18
north-carolina,wright-state,0.921905,North Carolina,Wright State,6,14,53,60
north-carolina-state,akron,0.6417721,NC State,Akron,11,12,8,49
north-carolina-state,alabama,0.17692208,NC State,Alabama,11,4,8,51
north-carolina-state,arizona,0.11081163,NC State,Arizona,11,1,8,10
north-carolina-state,arkansas,0.2636509,NC State,Arkansas,11,4,8,22
north-carolina-state,brigham-young,0.36848006,NC State,Brigham Young,11,6,8,27
north-carolina-state,california-baptist,0.78462577,NC State,California Baptist,11,13,8,23
north-carolina-state,central-florida,0.51902777,NC State,UCF,11,10,8,34
north-carolina-state,clemson,0.43806237,NC State,Clemson,11,8,8,42
north-carolina-state,connecticut,0.26660332,NC State,Connecticut,11,2,8,35
north-carolina-state,duke,0.036191035,NC State,Duke,11,1,8,9
north-carolina-state,florida,0.09485509,NC State,Florida,11,1,8,40
north-carolina-state,furman,0.7941575,NC State,Furman,11,15,8,38
north-carolina-state,georgia,0.33802652,NC State,Georgia,11,8,8,43
north-carolina-state,gonzaga,0.14175785,NC State,Gonzaga,11,3,8,29
north-carolina-state,hawaii,0.7071011,NC State,Hawaii,11,13,8,25
north-carolina-state,high-point,0.6260844,NC State,High Point,11,12,8,20
north-carolina-state,hofstra,0.7333689,NC State,Hofstra,11,13,8,54
north-carolina-state,houston,0.10359348,NC State,Houston,11,2,8,63
north-carolina-state,howard,0.82439727,NC State,Howard,11,16,8,2
north-carolina-state,idaho,0.81126684,NC State,Idaho,11,15,8,64
north-carolina-state,illinois,0.1405111,NC State,Illinois,11,3,8,57
north-carolina-state,iowa,0.43431705,NC State,Iowa,11,9,8,44
north-carolina-state,iowa-state,0.16287524,NC State,Iowa State,11,2,8,67
north-carolina-state,kansas,0.35615525,NC State,Kansas,11,4,8,21
north-carolina-state,kennesaw-state,0.7067752,NC State,Kennesaw State,11,14,8,31
north-carolina-state,kentucky,0.32198632,NC State,Kentucky,11,7,8,65
north-carolina-state,lehigh,0.94378006,NC State,Lehigh,11,16,8,6
north-carolina-state,long-island-university,0.893005,NC State,Long Island University,11,16,8,12
north-carolina-state,louisville,0.32362664,NC State,Louisville,11,6,8,24
north-carolina-state,maryland-baltimore-county,0.90847474,NC State,Maryland-Baltimore County,11,16,8,1
north-carolina-state,mcneese-state,0.45054692,NC State,McNeese State,11,12,8,48
north-carolina-state,miami-fl,0.39663485,NC State,Miami (FL),11,7,8,33
north-carolina-state,miami-oh,0.749689,NC State,Miami (OH),11,11,8,5
north-carolina-state,michigan,0.111779705,NC State,Michigan,11,1,8,41
north-carolina-state,michigan-state,0.20469362,NC State,Michigan State,11,3,8,28
north-carolina-state,missouri,0.5204554,NC State,Missouri,11,10,8,36
north-carolina-state,nebraska,0.4045251,NC State,Nebraska,11,4,8,50
north-carolina-state,north-carolina,0.39511055,NC State,North Carolina,11,6,8,53
north-carolina-state,north-dakota-state,0.69357944,NC State,North Dakota State,11,14,8,30
north-carolina-state,northern-iowa,0.5837072,NC State,Northern Iowa,11,12,8,19
north-carolina-state,ohio-state,0.3732972,NC State,Ohio State,11,8,8,13
north-carolina-state,pennsylvania,0.8119614,NC State,Pennsylvania,11,14,8,59
north-carolina-state,prairie-view,0.968472,NC State,Prairie View,11,16,8,4
north-carolina-state,purdue,0.19013788,NC State,Purdue,11,2,8,37
north-carolina-state,queens-nc,0.8556539,NC State,Queens (NC),11,15,8,39
north-carolina-state,saint-louis,0.45589373,NC State,Saint Louis,11,9,8,45
north-carolina-state,saint-marys-ca,0.29616505,NC State,Saint Mary's (CA),11,7,8,61
north-carolina-state,santa-clara,0.40051717,NC State,Santa Clara,11,10,8,66
north-carolina-state,siena,0.881624,NC State,Siena,11,16,8,11
north-carolina-state,south-florida,0.5663148,NC State,South Florida,11,11,8,26
north-carolina-state,southern-methodist,0.49966115,NC State,Southern Methodist,11,11,8,7
north-carolina-state,st-johns-ny,0.30485794,NC State,St. John's (NY),11,5,8,17
north-carolina-state,tennessee,0.19380261,NC State,Tennessee,11,6,8,56
north-carolina-state,tennessee-state,0.91233844,NC State,Tennessee State,11,15,8,68
north-carolina-state,texas,0.44439662,NC State,Texas,11,11,8,3
north-carolina-state,texas-am,0.42270944,NC State,Texas A&M,11,10,8,62
north-carolina-state,texas-christian,0.44092274,NC State,TCU,11,9,8,15
north-carolina-state,texas-tech,0.26759502,NC State,Texas Tech,11,5,8,47
north-carolina-state,troy,0.6809288,NC State,Troy,11,13,8,52
north-carolina-state,ucla,0.33328825,NC State,UCLA,11,7,8,32
north-carolina-state,utah-state,0.41049796,NC State,Utah State,11,9,8,16
north-carolina-state,vanderbilt,0.27093384,NC State,Vanderbilt,11,5,8,46
north-carolina-state,villanova,0.52493984,NC State,Villanova,11,8,8,14
north-carolina-state,virginia,0.31205985,NC State,Virginia,11,3,8,58
north-carolina-state,virginia-commonwealth,0.5051883,NC State,Virginia Commonwealth,11,11,8,55
north-carolina-state,wisconsin,0.28677595,NC State,Wisconsin,11,5,8,18
north-carolina-state,wright-state,0.7688758,NC State,Wright State,11,14,8,60
north-dakota-state,akron,0.438473,North Dakota State,Akron,14,12,30,49
north-dakota-state,alabama,0.061207112,North Dakota State,Alabama,14,4,30,51
north-dakota-state,arizona,0.032403253,North Dakota State,Arizona,14,1,30,10
north-dakota-state,arkansas,0.11112793,North Dakota State,Arkansas,14,4,30,22
north-dakota-state,brigham-young,0.10062749,North Dakota State,Brigham Young,14,6,30,27
north-dakota-state,california-baptist,0.63848686,North Dakota State,California Baptist,14,13,30,23
north-dakota-state,central-florida,0.22378315,North Dakota State,UCF,14,10,30,34
north-dakota-state,clemson,0.19666573,North Dakota State,Clemson,14,8,30,42
north-dakota-state,connecticut,0.12449606,North Dakota State,Connecticut,14,2,30,35
north-dakota-state,duke,0.02157332,North Dakota State,Duke,14,1,30,9
north-dakota-state,florida,0.029119782,North Dakota State,Florida,14,1,30,40
north-dakota-state,furman,0.67544293,North Dakota State,Furman,14,15,30,38
north-dakota-state,georgia,0.18799111,North Dakota State,Georgia,14,8,30,43
north-dakota-state,gonzaga,0.06738186,North Dakota State,Gonzaga,14,3,30,29
north-dakota-state,hawaii,0.597237,North Dakota State,Hawaii,14,13,30,25
north-dakota-state,high-point,0.33638722,North Dakota State,High Point,14,12,30,20
north-dakota-state,hofstra,0.4673473,North Dakota State,Hofstra,14,13,30,54
north-dakota-state,houston,0.033281006,North Dakota State,Houston,14,2,30,63
north-dakota-state,howard,0.6406438,North Dakota State,Howard,14,16,30,2
north-dakota-state,idaho,0.6749739,North Dakota State,Idaho,14,15,30,64
north-dakota-state,illinois,0.04242204,North Dakota State,Illinois,14,3,30,57
north-dakota-state,iowa,0.24226311,North Dakota State,Iowa,14,9,30,44
north-dakota-state,iowa-state,0.043789428,North Dakota State,Iowa State,14,2,30,67
north-dakota-state,kansas,0.112835035,North Dakota State,Kansas,14,4,30,21
north-dakota-state,kennesaw-state,0.6109172,North Dakota State,Kennesaw State,14,14,30,31
north-dakota-state,kentucky,0.10106956,North Dakota State,Kentucky,14,7,30,65
north-dakota-state,lehigh,0.8753264,North Dakota State,Lehigh,14,16,30,6
north-dakota-state,long-island-university,0.8068278,North Dakota State,Long Island University,14,16,30,12
north-dakota-state,louisville,0.12555541,North Dakota State,Louisville,14,6,30,24
north-dakota-state,maryland-baltimore-county,0.6773533,North Dakota State,Maryland-Baltimore County,14,16,30,1
north-dakota-state,mcneese-state,0.42276624,North Dakota State,McNeese State,14,12,30,48
north-dakota-state,miami-fl,0.23111716,North Dakota State,Miami (FL),14,7,30,33
north-dakota-state,miami-oh,0.52578014,North Dakota State,Miami (OH),14,11,30,5
north-dakota-state,michigan,0.032726202,North Dakota State,Michigan,14,1,30,41
north-dakota-state,michigan-state,0.065124765,North Dakota State,Michigan State,14,3,30,28
north-dakota-state,missouri,0.27986333,North Dakota State,Missouri,14,10,30,36
north-dakota-state,nebraska,0.12124938,North Dakota State,Nebraska,14,4,30,50
north-dakota-state,north-carolina,0.13530235,North Dakota State,North Carolina,14,6,30,53
north-dakota-state,north-carolina-state,0.23881674,North Dakota State,NC State,14,11,30,8
north-dakota-state,northern-iowa,0.4808468,North Dakota State,Northern Iowa,14,12,30,19
north-dakota-state,ohio-state,0.2178308,North Dakota State,Ohio State,14,8,30,13
north-dakota-state,pennsylvania,0.64056885,North Dakota State,Pennsylvania,14,14,30,59
north-dakota-state,prairie-view,0.91292065,North Dakota State,Prairie View,14,16,30,4
north-dakota-state,purdue,0.07297898,North Dakota State,Purdue,14,2,30,37
north-dakota-state,queens-nc,0.7238745,North Dakota State,Queens (NC),14,15,30,39
north-dakota-state,saint-louis,0.27867958,North Dakota State,Saint Louis,14,9,30,45
north-dakota-state,saint-marys-ca,0.16123626,North Dakota State,Saint Mary's (CA),14,7,30,61
north-dakota-state,santa-clara,0.22182679,North Dakota State,Santa Clara,14,10,30,66
north-dakota-state,siena,0.7351948,North Dakota State,Siena,14,16,30,11
north-dakota-state,south-florida,0.34763142,North Dakota State,South Florida,14,11,30,26
north-dakota-state,southern-methodist,0.20781247,North Dakota State,Southern Methodist,14,11,30,7
north-dakota-state,st-johns-ny,0.11914667,North Dakota State,St. John's (NY),14,5,30,17
north-dakota-state,tennessee,0.06298901,North Dakota State,Tennessee,14,6,30,56
north-dakota-state,tennessee-state,0.6331748,North Dakota State,Tennessee State,14,15,30,68
north-dakota-state,texas,0.1761485,North Dakota State,Texas,14,11,30,3
north-dakota-state,texas-am,0.10866159,North Dakota State,Texas A&M,14,10,30,62
north-dakota-state,texas-christian,0.20313442,North Dakota State,TCU,14,9,30,15
north-dakota-state,texas-tech,0.08310461,North Dakota State,Texas Tech,14,5,30,47
north-dakota-state,troy,0.60095185,North Dakota State,Troy,14,13,30,52
north-dakota-state,ucla,0.14098346,North Dakota State,UCLA,14,7,30,32
north-dakota-state,utah-state,0.25520906,North Dakota State,Utah State,14,9,30,16
north-dakota-state,vanderbilt,0.1034802,North Dakota State,Vanderbilt,14,5,30,46
north-dakota-state,villanova,0.28923774,North Dakota State,Villanova,14,8,30,14
north-dakota-state,virginia,0.1706315,North Dakota State,Virginia,14,3,30,58
north-dakota-state,virginia-commonwealth,0.3324834,North Dakota State,Virginia Commonwealth,14,11,30,55
north-dakota-state,wisconsin,0.07625295,North Dakota State,Wisconsin,14,5,30,18
north-dakota-state,wright-state,0.6370073,North Dakota State,Wright State,14,14,30,60
northern-iowa,akron,0.4595012,Northern Iowa,Akron,12,12,19,49
northern-iowa,alabama,0.08878557,Northern Iowa,Alabama,12,4,19,51
northern-iowa,arizona,0.06535689,Northern Iowa,Arizona,12,1,19,10
northern-iowa,arkansas,0.17162259,Northern Iowa,Arkansas,12,4,19,22
northern-iowa,brigham-young,0.19870202,Northern Iowa,Brigham Young,12,6,19,27
northern-iowa,california-baptist,0.65924615,Northern Iowa,California Baptist,12,13,19,23
northern-iowa,central-florida,0.35231426,Northern Iowa,UCF,12,10,19,34
northern-iowa,clemson,0.3237734,Northern Iowa,Clemson,12,8,19,42
northern-iowa,connecticut,0.15568651,Northern Iowa,Connecticut,12,2,19,35
northern-iowa,duke,0.03487461,Northern Iowa,Duke,12,1,19,9
northern-iowa,florida,0.07590347,Northern Iowa,Florida,12,1,19,40
northern-iowa,furman,0.7244098,Northern Iowa,Furman,12,15,19,38
northern-iowa,georgia,0.19321059,Northern Iowa,Georgia,12,8,19,43
northern-iowa,gonzaga,0.0999436,Northern Iowa,Gonzaga,12,3,19,29
northern-iowa,hawaii,0.71829945,Northern Iowa,Hawaii,12,13,19,25
northern-iowa,high-point,0.40593287,Northern Iowa,High Point,12,12,19,20
northern-iowa,hofstra,0.5133518,Northern Iowa,Hofstra,12,13,19,54
northern-iowa,houston,0.05312932,Northern Iowa,Houston,12,2,19,63
northern-iowa,howard,0.7028291,Northern Iowa,Howard,12,16,19,2
northern-iowa,idaho,0.7325288,Northern Iowa,Idaho,12,15,19,64
northern-iowa,illinois,0.10367574,Northern Iowa,Illinois,12,3,19,57
northern-iowa,iowa,0.25417817,Northern Iowa,Iowa,12,9,19,44
northern-iowa,iowa-state,0.12278002,Northern Iowa,Iowa State,12,2,19,67
northern-iowa,kansas,0.14190057,Northern Iowa,Kansas,12,4,19,21
northern-iowa,kennesaw-state,0.6679019,Northern Iowa,Kennesaw State,12,14,19,31
northern-iowa,kentucky,0.15508544,Northern Iowa,Kentucky,12,7,19,65
northern-iowa,lehigh,0.9016976,Northern Iowa,Lehigh,12,16,19,6
northern-iowa,long-island-university,0.78201276,Northern Iowa,Long Island University,12,16,19,12
northern-iowa,louisville,0.18602976,Northern Iowa,Louisville,12,6,19,24
northern-iowa,maryland-baltimore-county,0.7330407,Northern Iowa,Maryland-Baltimore County,12,16,19,1
northern-iowa,mcneese-state,0.43618497,Northern Iowa,McNeese State,12,12,19,48
northern-iowa,miami-fl,0.29434422,Northern Iowa,Miami (FL),12,7,19,33
northern-iowa,miami-oh,0.5544328,Northern Iowa,Miami (OH),12,11,19,5
northern-iowa,michigan,0.075932875,Northern Iowa,Michigan,12,1,19,41
northern-iowa,michigan-state,0.12060045,Northern Iowa,Michigan State,12,3,19,28
northern-iowa,missouri,0.34938395,Northern Iowa,Missouri,12,10,19,36
northern-iowa,nebraska,0.21729878,Northern Iowa,Nebraska,12,4,19,50
northern-iowa,north-carolina,0.26750785,Northern Iowa,North Carolina,12,6,19,53
northern-iowa,north-carolina-state,0.31873894,Northern Iowa,NC State,12,11,19,8
northern-iowa,north-dakota-state,0.4789663,Northern Iowa,North Dakota State,12,14,19,30
northern-iowa,ohio-state,0.2576536,Northern Iowa,Ohio State,12,8,19,13
northern-iowa,pennsylvania,0.7259567,Northern Iowa,Pennsylvania,12,14,19,59
northern-iowa,prairie-view,0.951646,Northern Iowa,Prairie View,12,16,19,4
northern-iowa,purdue,0.08902728,Northern Iowa,Purdue,12,2,19,37
northern-iowa,queens-nc,0.7890452,Northern Iowa,Queens (NC),12,15,19,39
northern-iowa,saint-louis,0.36779538,Northern Iowa,Saint Louis,12,9,19,45
northern-iowa,saint-marys-ca,0.24302031,Northern Iowa,Saint Mary's (CA),12,7,19,61
northern-iowa,santa-clara,0.36936507,Northern Iowa,Santa Clara,12,10,19,66
northern-iowa,siena,0.7770909,Northern Iowa,Siena,12,16,19,11
northern-iowa,south-florida,0.41843748,Northern Iowa,South Florida,12,11,19,26
northern-iowa,southern-methodist,0.43735248,Northern Iowa,Southern Methodist,12,11,19,7
northern-iowa,st-johns-ny,0.23402596,Northern Iowa,St. John's (NY),12,5,19,17
northern-iowa,tennessee,0.13249013,Northern Iowa,Tennessee,12,6,19,56
northern-iowa,tennessee-state,0.7324247,Northern Iowa,Tennessee State,12,15,19,68
northern-iowa,texas,0.2871242,Northern Iowa,Texas,12,11,19,3
northern-iowa,texas-am,0.17118402,Northern Iowa,Texas A&M,12,10,19,62
northern-iowa,texas-christian,0.29462436,Northern Iowa,TCU,12,9,19,15
northern-iowa,texas-tech,0.116200924,Northern Iowa,Texas Tech,12,5,19,47
northern-iowa,troy,0.6760418,Northern Iowa,Troy,12,13,19,52
northern-iowa,ucla,0.21542592,Northern Iowa,UCLA,12,7,19,32
northern-iowa,utah-state,0.30909085,Northern Iowa,Utah State,12,9,19,16
northern-iowa,vanderbilt,0.21135685,Northern Iowa,Vanderbilt,12,5,19,46
northern-iowa,villanova,0.3552024,Northern Iowa,Villanova,12,8,19,14
northern-iowa,virginia,0.25023577,Northern Iowa,Virginia,12,3,19,58
northern-iowa,virginia-commonwealth,0.45102137,Northern Iowa,Virginia Commonwealth,12,11,19,55
northern-iowa,wisconsin,0.1387961,Northern Iowa,Wisconsin,12,5,19,18
northern-iowa,wright-state,0.6794567,Northern Iowa,Wright State,12,14,19,60
ohio-state,akron,0.8340445,Ohio State,Akron,8,12,13,49
ohio-state,alabama,0.37322244,Ohio State,Alabama,8,4,13,51
ohio-state,arizona,0.19276342,Ohio State,Arizona,8,1,13,10
ohio-state,arkansas,0.41025865,Ohio State,Arkansas,8,4,13,22
ohio-state,brigham-young,0.43287948,Ohio State,Brigham Young,8,6,13,27
ohio-state,california-baptist,0.93129414,Ohio State,California Baptist,8,13,13,23
ohio-state,central-florida,0.59344697,Ohio State,UCF,8,10,13,34
ohio-state,clemson,0.5479996,Ohio State,Clemson,8,8,13,42
ohio-state,connecticut,0.33604985,Ohio State,Connecticut,8,2,13,35
ohio-state,duke,0.10232179,Ohio State,Duke,8,1,13,9
ohio-state,florida,0.17151351,Ohio State,Florida,8,1,13,40
ohio-state,furman,0.9554557,Ohio State,Furman,8,15,13,38
ohio-state,georgia,0.45823994,Ohio State,Georgia,8,8,13,43
ohio-state,gonzaga,0.31709465,Ohio State,Gonzaga,8,3,13,29
ohio-state,hawaii,0.89974,Ohio State,Hawaii,8,13,13,25
ohio-state,high-point,0.77053833,Ohio State,High Point,8,12,13,20
ohio-state,hofstra,0.88850147,Ohio State,Hofstra,8,13,13,54
ohio-state,houston,0.26019546,Ohio State,Houston,8,2,13,63
ohio-state,howard,0.9311666,Ohio State,Howard,8,16,13,2
ohio-state,idaho,0.94690746,Ohio State,Idaho,8,15,13,64
ohio-state,illinois,0.24266307,Ohio State,Illinois,8,3,13,57
ohio-state,iowa,0.49128047,Ohio State,Iowa,8,9,13,44
ohio-state,iowa-state,0.28072062,Ohio State,Iowa State,8,2,13,67
ohio-state,kansas,0.45072684,Ohio State,Kansas,8,4,13,21
ohio-state,kennesaw-state,0.82591176,Ohio State,Kennesaw State,8,14,13,31
ohio-state,kentucky,0.40287226,Ohio State,Kentucky,8,7,13,65
ohio-state,lehigh,0.984382,Ohio State,Lehigh,8,16,13,6
ohio-state,long-island-university,0.95041114,Ohio State,Long Island University,8,16,13,12
ohio-state,louisville,0.42282552,Ohio State,Louisville,8,6,13,24
ohio-state,maryland-baltimore-county,0.96166915,Ohio State,Maryland-Baltimore County,8,16,13,1
ohio-state,mcneese-state,0.66040355,Ohio State,McNeese State,8,12,13,48
ohio-state,miami-fl,0.5338081,Ohio State,Miami (FL),8,7,13,33
ohio-state,miami-oh,0.9235037,Ohio State,Miami (OH),8,11,13,5
ohio-state,michigan,0.17961513,Ohio State,Michigan,8,1,13,41
ohio-state,michigan-state,0.3614437,Ohio State,Michigan State,8,3,13,28
ohio-state,missouri,0.6060247,Ohio State,Missouri,8,10,13,36
ohio-state,nebraska,0.3926608,Ohio State,Nebraska,8,4,13,50
ohio-state,north-carolina,0.4468602,Ohio State,North Carolina,8,6,13,53
ohio-state,north-carolina-state,0.6114194,Ohio State,NC State,8,11,13,8
ohio-state,north-dakota-state,0.8813336,Ohio State,North Dakota State,8,14,13,30
ohio-state,northern-iowa,0.7806245,Ohio State,Northern Iowa,8,12,13,19
ohio-state,pennsylvania,0.9484494,Ohio State,Pennsylvania,8,14,13,59
ohio-state,prairie-view,0.97087663,Ohio State,Prairie View,8,16,13,4
ohio-state,purdue,0.31439894,Ohio State,Purdue,8,2,13,37
ohio-state,queens-nc,0.9654647,Ohio State,Queens (NC),8,15,13,39
ohio-state,saint-louis,0.6564816,Ohio State,Saint Louis,8,9,13,45
ohio-state,saint-marys-ca,0.41547084,Ohio State,Saint Mary's (CA),8,7,13,61
ohio-state,santa-clara,0.55042773,Ohio State,Santa Clara,8,10,13,66
ohio-state,siena,0.973666,Ohio State,Siena,8,16,13,11
ohio-state,south-florida,0.7962031,Ohio State,South Florida,8,11,13,26
ohio-state,southern-methodist,0.6224769,Ohio State,Southern Methodist,8,11,13,7
ohio-state,st-johns-ny,0.43777803,Ohio State,St. John's (NY),8,5,13,17
ohio-state,tennessee,0.358623,Ohio State,Tennessee,8,6,13,56
ohio-state,tennessee-state,0.95106894,Ohio State,Tennessee State,8,15,13,68
ohio-state,texas,0.5287742,Ohio State,Texas,8,11,13,3
ohio-state,texas-am,0.54414093,Ohio State,Texas A&M,8,10,13,62
ohio-state,texas-christian,0.49930182,Ohio State,TCU,8,9,13,15
ohio-state,texas-tech,0.4296032,Ohio State,Texas Tech,8,5,13,47
ohio-state,troy,0.8737348,Ohio State,Troy,8,13,13,52
ohio-state,ucla,0.43869862,Ohio State,UCLA,8,7,13,32
ohio-state,utah-state,0.44852945,Ohio State,Utah State,8,9,13,16
ohio-state,vanderbilt,0.38273013,Ohio State,Vanderbilt,8,5,13,46
ohio-state,villanova,0.5697319,Ohio State,Villanova,8,8,13,14
ohio-state,virginia,0.40422964,Ohio State,Virginia,8,3,13,58
ohio-state,virginia-commonwealth,0.67622167,Ohio State,Virginia Commonwealth,8,11,13,55
ohio-state,wisconsin,0.4341925,Ohio State,Wisconsin,8,5,13,18
ohio-state,wright-state,0.9198398,Ohio State,Wright State,8,14,13,60
pennsylvania,akron,0.28680056,Pennsylvania,Akron,14,12,59,49
pennsylvania,alabama,0.028679322,Pennsylvania,Alabama,14,4,59,51
pennsylvania,arizona,0.023426363,Pennsylvania,Arizona,14,1,59,10
pennsylvania,arkansas,0.03459508,Pennsylvania,Arkansas,14,4,59,22
pennsylvania,brigham-young,0.046572983,Pennsylvania,Brigham Young,14,6,59,27
pennsylvania,california-baptist,0.4695877,Pennsylvania,California Baptist,14,13,59,23
pennsylvania,central-florida,0.107448,Pennsylvania,UCF,14,10,59,34
pennsylvania,clemson,0.09566353,Pennsylvania,Clemson,14,8,59,42
pennsylvania,connecticut,0.031452164,Pennsylvania,Connecticut,14,2,59,35
pennsylvania,duke,0.024205454,Pennsylvania,Duke,14,1,59,9
pennsylvania,florida,0.01663492,Pennsylvania,Florida,14,1,59,40
pennsylvania,furman,0.48014075,Pennsylvania,Furman,14,15,59,38
pennsylvania,georgia,0.06808437,Pennsylvania,Georgia,14,8,59,43
pennsylvania,gonzaga,0.027876329,Pennsylvania,Gonzaga,14,3,59,29
pennsylvania,hawaii,0.38332662,Pennsylvania,Hawaii,14,13,59,25
pennsylvania,high-point,0.18297201,Pennsylvania,High Point,14,12,59,20
pennsylvania,hofstra,0.34908718,Pennsylvania,Hofstra,14,13,59,54
pennsylvania,houston,0.016453924,Pennsylvania,Houston,14,2,59,63
pennsylvania,howard,0.46966448,Pennsylvania,Howard,14,16,59,2
pennsylvania,idaho,0.5195123,Pennsylvania,Idaho,14,15,59,64
pennsylvania,illinois,0.0240737,Pennsylvania,Illinois,14,3,59,57
pennsylvania,iowa,0.07337882,Pennsylvania,Iowa,14,9,59,44
pennsylvania,iowa-state,0.021645201,Pennsylvania,Iowa State,14,2,59,67
pennsylvania,kansas,0.035977367,Pennsylvania,Kansas,14,4,59,21
pennsylvania,kennesaw-state,0.3864005,Pennsylvania,Kennesaw State,14,14,59,31
pennsylvania,kentucky,0.038797665,Pennsylvania,Kentucky,14,7,59,65
pennsylvania,lehigh,0.7225457,Pennsylvania,Lehigh,14,16,59,6
pennsylvania,long-island-university,0.5486323,Pennsylvania,Long Island University,14,16,59,12
pennsylvania,louisville,0.030900804,Pennsylvania,Louisville,14,6,59,24
pennsylvania,maryland-baltimore-county,0.523199,Pennsylvania,Maryland-Baltimore County,14,16,59,1
pennsylvania,mcneese-state,0.18320648,Pennsylvania,McNeese State,14,12,59,48
pennsylvania,miami-fl,0.100558326,Pennsylvania,Miami (FL),14,7,59,33
pennsylvania,miami-oh,0.3795341,Pennsylvania,Miami (OH),14,11,59,5
pennsylvania,michigan,0.01911491,Pennsylvania,Michigan,14,1,59,41
pennsylvania,michigan-state,0.028269365,Pennsylvania,Michigan State,14,3,59,28
pennsylvania,missouri,0.108890414,Pennsylvania,Missouri,14,10,59,36
pennsylvania,nebraska,0.032069728,Pennsylvania,Nebraska,14,4,59,50
pennsylvania,north-carolina,0.045432873,Pennsylvania,North Carolina,14,6,59,53
pennsylvania,north-carolina-state,0.13631319,Pennsylvania,NC State,14,11,59,8
pennsylvania,north-dakota-state,0.3354686,Pennsylvania,North Dakota State,14,14,59,30
pennsylvania,northern-iowa,0.25010443,Pennsylvania,Northern Iowa,14,12,59,19
pennsylvania,ohio-state,0.034014523,Pennsylvania,Ohio State,14,8,59,13
pennsylvania,prairie-view,0.7291109,Pennsylvania,Prairie View,14,16,59,4
pennsylvania,purdue,0.028402675,Pennsylvania,Purdue,14,2,59,37
pennsylvania,queens-nc,0.58835787,Pennsylvania,Queens (NC),14,15,59,39
pennsylvania,saint-louis,0.15914096,Pennsylvania,Saint Louis,14,9,59,45
pennsylvania,saint-marys-ca,0.02974227,Pennsylvania,Saint Mary's (CA),14,7,59,61
pennsylvania,santa-clara,0.09060276,Pennsylvania,Santa Clara,14,10,59,66
pennsylvania,siena,0.51927334,Pennsylvania,Siena,14,16,59,11
pennsylvania,south-florida,0.17313084,Pennsylvania,South Florida,14,11,59,26
pennsylvania,southern-methodist,0.14534782,Pennsylvania,Southern Methodist,14,11,59,7
pennsylvania,st-johns-ny,0.06865822,Pennsylvania,St. John's (NY),14,5,59,17
pennsylvania,tennessee,0.024922658,Pennsylvania,Tennessee,14,6,59,56
pennsylvania,tennessee-state,0.4723111,Pennsylvania,Tennessee State,14,15,59,68
pennsylvania,texas,0.12815677,Pennsylvania,Texas,14,11,59,3
pennsylvania,texas-am,0.05441238,Pennsylvania,Texas A&M,14,10,59,62
pennsylvania,texas-christian,0.057896078,Pennsylvania,TCU,14,9,59,15
pennsylvania,texas-tech,0.050206576,Pennsylvania,Texas Tech,14,5,59,47
pennsylvania,troy,0.4125523,Pennsylvania,Troy,14,13,59,52
pennsylvania,ucla,0.039457746,Pennsylvania,UCLA,14,7,59,32
pennsylvania,utah-state,0.06727746,Pennsylvania,Utah State,14,9,59,16
pennsylvania,vanderbilt,0.02839162,Pennsylvania,Vanderbilt,14,5,59,46
pennsylvania,villanova,0.110212,Pennsylvania,Villanova,14,8,59,14
pennsylvania,virginia,0.058384757,Pennsylvania,Virginia,14,3,59,58
pennsylvania,virginia-commonwealth,0.095691234,Pennsylvania,Virginia Commonwealth,14,11,59,55
pennsylvania,wisconsin,0.032738287,Pennsylvania,Wisconsin,14,5,59,18
pennsylvania,wright-state,0.45451373,Pennsylvania,Wright State,14,14,59,60
prairie-view,akron,0.043850053,Prairie View,Akron,16,12,4,49
prairie-view,alabama,0.01853597,Prairie View,Alabama,16,4,4,51
prairie-view,arizona,0.013372733,Prairie View,Arizona,16,1,4,10
prairie-view,arkansas,0.016766496,Prairie View,Arkansas,16,4,4,22
prairie-view,brigham-young,0.030777272,Prairie View,Brigham Young,16,6,4,27
prairie-view,california-baptist,0.14262731,Prairie View,California Baptist,16,13,4,23
prairie-view,central-florida,0.021499598,Prairie View,UCF,16,10,4,34
prairie-view,clemson,0.028188227,Prairie View,Clemson,16,8,4,42
prairie-view,connecticut,0.018235419,Prairie View,Connecticut,16,2,4,35
prairie-view,duke,0.025924236,Prairie View,Duke,16,1,4,9
prairie-view,florida,0.022118414,Prairie View,Florida,16,1,4,40
prairie-view,furman,0.1689374,Prairie View,Furman,16,15,4,38
prairie-view,georgia,0.029190952,Prairie View,Georgia,16,8,4,43
prairie-view,gonzaga,0.023457823,Prairie View,Gonzaga,16,3,4,29
prairie-view,hawaii,0.1641231,Prairie View,Hawaii,16,13,4,25
prairie-view,high-point,0.027033504,Prairie View,High Point,16,12,4,20
prairie-view,hofstra,0.07297707,Prairie View,Hofstra,16,13,4,54
prairie-view,houston,0.01762236,Prairie View,Houston,16,2,4,63
prairie-view,howard,0.22443047,Prairie View,Howard,16,16,4,2
prairie-view,idaho,0.22770618,Prairie View,Idaho,16,15,4,64
prairie-view,illinois,0.027423678,Prairie View,Illinois,16,3,4,57
prairie-view,iowa,0.028758012,Prairie View,Iowa,16,9,4,44
prairie-view,iowa-state,0.027162476,Prairie View,Iowa State,16,2,4,67
prairie-view,kansas,0.014754502,Prairie View,Kansas,16,4,4,21
prairie-view,kennesaw-state,0.11952465,Prairie View,Kennesaw State,16,14,4,31
prairie-view,kentucky,0.021303307,Prairie View,Kentucky,16,7,4,65
prairie-view,lehigh,0.48263058,Prairie View,Lehigh,16,16,4,6
prairie-view,long-island-university,0.3291042,Prairie View,Long Island University,16,16,4,12
prairie-view,louisville,0.028310232,Prairie View,Louisville,16,6,4,24
prairie-view,maryland-baltimore-county,0.2333095,Prairie View,Maryland-Baltimore County,16,16,4,1
prairie-view,mcneese-state,0.033095803,Prairie View,McNeese State,16,12,4,48
prairie-view,miami-fl,0.052801665,Prairie View,Miami (FL),16,7,4,33
prairie-view,miami-oh,0.055005305,Prairie View,Miami (OH),16,11,4,5
prairie-view,michigan,0.024780482,Prairie View,Michigan,16,1,4,41
prairie-view,michigan-state,0.05569444,Prairie View,Michigan State,16,3,4,28
prairie-view,missouri,0.09150161,Prairie View,Missouri,16,10,4,36
prairie-view,nebraska,0.022477804,Prairie View,Nebraska,16,4,4,50
prairie-view,north-carolina,0.021744829,Prairie View,North Carolina,16,6,4,53
prairie-view,north-carolina-state,0.04631949,Prairie View,NC State,16,11,4,8
prairie-view,north-dakota-state,0.052483104,Prairie View,North Dakota State,16,14,4,30
prairie-view,northern-iowa,0.031103326,Prairie View,Northern Iowa,16,12,4,19
prairie-view,ohio-state,0.035919957,Prairie View,Ohio State,16,8,4,13
prairie-view,pennsylvania,0.21039781,Prairie View,Pennsylvania,16,14,4,59
prairie-view,purdue,0.031100478,Prairie View,Purdue,16,2,4,37
prairie-view,queens-nc,0.27946058,Prairie View,Queens (NC),16,15,4,39
prairie-view,saint-louis,0.03639927,Prairie View,Saint Louis,16,9,4,45
prairie-view,saint-marys-ca,0.028182808,Prairie View,Saint Mary's (CA),16,7,4,61
prairie-view,santa-clara,0.018835967,Prairie View,Santa Clara,16,10,4,66
prairie-view,siena,0.3520745,Prairie View,Siena,16,16,4,11
prairie-view,south-florida,0.050678745,Prairie View,South Florida,16,11,4,26
prairie-view,southern-methodist,0.08186074,Prairie View,Southern Methodist,16,11,4,7
prairie-view,st-johns-ny,0.014306545,Prairie View,St. John's (NY),16,5,4,17
prairie-view,tennessee,0.035791118,Prairie View,Tennessee,16,6,4,56
prairie-view,tennessee-state,0.20822518,Prairie View,Tennessee State,16,15,4,68
prairie-view,texas,0.07826397,Prairie View,Texas,16,11,4,3
prairie-view,texas-am,0.018647473,Prairie View,Texas A&M,16,10,4,62
prairie-view,texas-christian,0.023617728,Prairie View,TCU,16,9,4,15
prairie-view,texas-tech,0.05149046,Prairie View,Texas Tech,16,5,4,47
prairie-view,troy,0.10734368,Prairie View,Troy,16,13,4,52
prairie-view,ucla,0.019594751,Prairie View,UCLA,16,7,4,32
prairie-view,utah-state,0.03224765,Prairie View,Utah State,16,9,4,16
prairie-view,vanderbilt,0.013515711,Prairie View,Vanderbilt,16,5,4,46
prairie-view,villanova,0.018435208,Prairie View,Villanova,16,8,4,14
prairie-view,virginia,0.017117923,Prairie View,Virginia,16,3,4,58
prairie-view,virginia-commonwealth,0.03449708,Prairie View,Virginia Commonwealth,16,11,4,55
prairie-view,wisconsin,0.032300446,Prairie View,Wisconsin,16,5,4,18
prairie-view,wright-state,0.14787193,Prairie View,Wright State,16,14,4,60
purdue,akron,0.8937878,Purdue,Akron,2,12,37,49
purdue,alabama,0.5886512,Purdue,Alabama,2,4,37,51
purdue,arizona,0.43487534,Purdue,Arizona,2,1,37,10
purdue,arkansas,0.6778037,Purdue,Arkansas,2,4,37,22
purdue,brigham-young,0.680131,Purdue,Brigham Young,2,6,37,27
purdue,california-baptist,0.9142282,Purdue,California Baptist,2,13,37,23
purdue,central-florida,0.81736654,Purdue,UCF,2,10,37,34
purdue,clemson,0.7020224,Purdue,Clemson,2,8,37,42
purdue,connecticut,0.51807225,Purdue,Connecticut,2,2,37,35
purdue,duke,0.23794998,Purdue,Duke,2,1,37,9
purdue,florida,0.37283483,Purdue,Florida,2,1,37,40
purdue,furman,0.9692294,Purdue,Furman,2,15,37,38
purdue,georgia,0.70217514,Purdue,Georgia,2,8,37,43
purdue,gonzaga,0.54698557,Purdue,Gonzaga,2,3,37,29
purdue,hawaii,0.94173,Purdue,Hawaii,2,13,37,25
purdue,high-point,0.880567,Purdue,High Point,2,12,37,20
purdue,hofstra,0.9079254,Purdue,Hofstra,2,13,37,54
purdue,houston,0.4679999,Purdue,Houston,2,2,37,63
purdue,howard,0.9719533,Purdue,Howard,2,16,37,2
purdue,idaho,0.9727542,Purdue,Idaho,2,15,37,64
purdue,illinois,0.42099077,Purdue,Illinois,2,3,37,57
purdue,iowa,0.72463197,Purdue,Iowa,2,9,37,44
purdue,iowa-state,0.66338533,Purdue,Iowa State,2,2,37,67
purdue,kansas,0.6760831,Purdue,Kansas,2,4,37,21
purdue,kennesaw-state,0.96235895,Purdue,Kennesaw State,2,14,37,31
purdue,kentucky,0.6938045,Purdue,Kentucky,2,7,37,65
purdue,lehigh,0.98639536,Purdue,Lehigh,2,16,37,6
purdue,long-island-university,0.9552735,Purdue,Long Island University,2,16,37,12
purdue,louisville,0.597673,Purdue,Louisville,2,6,37,24
purdue,maryland-baltimore-county,0.9695254,Purdue,Maryland-Baltimore County,2,16,37,1
purdue,mcneese-state,0.7992955,Purdue,McNeese State,2,12,37,48
purdue,miami-fl,0.7857018,Purdue,Miami (FL),2,7,37,33
purdue,miami-oh,0.9643934,Purdue,Miami (OH),2,11,37,5
purdue,michigan,0.38372558,Purdue,Michigan,2,1,37,41
purdue,michigan-state,0.53274745,Purdue,Michigan State,2,3,37,28
purdue,missouri,0.7895833,Purdue,Missouri,2,10,37,36
purdue,nebraska,0.651658,Purdue,Nebraska,2,4,37,50
purdue,north-carolina,0.68963534,Purdue,North Carolina,2,6,37,53
purdue,north-carolina-state,0.7971594,Purdue,NC State,2,11,37,8
purdue,north-dakota-state,0.9327073,Purdue,North Dakota State,2,14,37,30
purdue,northern-iowa,0.87153,Purdue,Northern Iowa,2,12,37,19
purdue,ohio-state,0.66861945,Purdue,Ohio State,2,8,37,13
purdue,pennsylvania,0.9644224,Purdue,Pennsylvania,2,14,37,59
purdue,prairie-view,0.97036123,Purdue,Prairie View,2,16,37,4
purdue,queens-nc,0.978973,Purdue,Queens (NC),2,15,37,39
purdue,saint-louis,0.7695386,Purdue,Saint Louis,2,9,37,45
purdue,saint-marys-ca,0.55967844,Purdue,Saint Mary's (CA),2,7,37,61
purdue,santa-clara,0.73878694,Purdue,Santa Clara,2,10,37,66
purdue,siena,0.9760311,Purdue,Siena,2,16,37,11
purdue,south-florida,0.8890494,Purdue,South Florida,2,11,37,26
purdue,southern-methodist,0.797098,Purdue,Southern Methodist,2,11,37,7
purdue,st-johns-ny,0.7010862,Purdue,St. John's (NY),2,5,37,17
purdue,tennessee,0.55305636,Purdue,Tennessee,2,6,37,56
purdue,tennessee-state,0.96414644,Purdue,Tennessee State,2,15,37,68
purdue,texas,0.7865578,Purdue,Texas,2,11,37,3
purdue,texas-am,0.71518093,Purdue,Texas A&M,2,10,37,62
purdue,texas-christian,0.7408152,Purdue,TCU,2,9,37,15
purdue,texas-tech,0.62860394,Purdue,Texas Tech,2,5,37,47
purdue,troy,0.9584094,Purdue,Troy,2,13,37,52
purdue,ucla,0.66283333,Purdue,UCLA,2,7,37,32
purdue,utah-state,0.7508306,Purdue,Utah State,2,9,37,16
purdue,vanderbilt,0.6005988,Purdue,Vanderbilt,2,5,37,46
purdue,villanova,0.77641636,Purdue,Villanova,2,8,37,14
purdue,virginia,0.6401362,Purdue,Virginia,2,3,37,58
purdue,virginia-commonwealth,0.785534,Purdue,Virginia Commonwealth,2,11,37,55
purdue,wisconsin,0.6163496,Purdue,Wisconsin,2,5,37,18
purdue,wright-state,0.9625742,Purdue,Wright State,2,14,37,60
queens-nc,akron,0.21953791,Queens (NC),Akron,15,12,39,49
queens-nc,alabama,0.023691373,Queens (NC),Alabama,15,4,39,51
queens-nc,arizona,0.017895794,Queens (NC),Arizona,15,1,39,10
queens-nc,arkansas,0.021851864,Queens (NC),Arkansas,15,4,39,22
queens-nc,brigham-young,0.045973036,Queens (NC),Brigham Young,15,6,39,27
queens-nc,california-baptist,0.4026322,Queens (NC),California Baptist,15,13,39,23
queens-nc,central-florida,0.092456,Queens (NC),UCF,15,10,39,34
queens-nc,clemson,0.068969265,Queens (NC),Clemson,15,8,39,42
queens-nc,connecticut,0.022037264,Queens (NC),Connecticut,15,2,39,35
queens-nc,duke,0.0166771,Queens (NC),Duke,15,1,39,9
queens-nc,florida,0.012466115,Queens (NC),Florida,15,1,39,40
queens-nc,furman,0.4846803,Queens (NC),Furman,15,15,39,38
queens-nc,georgia,0.05087911,Queens (NC),Georgia,15,8,39,43
queens-nc,gonzaga,0.021514805,Queens (NC),Gonzaga,15,3,39,29
queens-nc,hawaii,0.36545196,Queens (NC),Hawaii,15,13,39,25
queens-nc,high-point,0.17402087,Queens (NC),High Point,15,12,39,20
queens-nc,hofstra,0.23384914,Queens (NC),Hofstra,15,13,39,54
queens-nc,houston,0.018162142,Queens (NC),Houston,15,2,39,63
queens-nc,howard,0.46872106,Queens (NC),Howard,15,16,39,2
queens-nc,idaho,0.46798256,Queens (NC),Idaho,15,15,39,64
queens-nc,illinois,0.028791942,Queens (NC),Illinois,15,3,39,57
queens-nc,iowa,0.054818973,Queens (NC),Iowa,15,9,39,44
queens-nc,iowa-state,0.02022387,Queens (NC),Iowa State,15,2,39,67
queens-nc,kansas,0.019312091,Queens (NC),Kansas,15,4,39,21
queens-nc,kennesaw-state,0.3740724,Queens (NC),Kennesaw State,15,14,39,31
queens-nc,kentucky,0.024376364,Queens (NC),Kentucky,15,7,39,65
queens-nc,lehigh,0.67239785,Queens (NC),Lehigh,15,16,39,6
queens-nc,long-island-university,0.57081956,Queens (NC),Long Island University,15,16,39,12
queens-nc,louisville,0.03307618,Queens (NC),Louisville,15,6,39,24
queens-nc,maryland-baltimore-county,0.5070925,Queens (NC),Maryland-Baltimore County,15,16,39,1
queens-nc,mcneese-state,0.15118788,Queens (NC),McNeese State,15,12,39,48
queens-nc,miami-fl,0.07703261,Queens (NC),Miami (FL),15,7,39,33
queens-nc,miami-oh,0.25914693,Queens (NC),Miami (OH),15,11,39,5
queens-nc,michigan,0.01696412,Queens (NC),Michigan,15,1,39,41
queens-nc,michigan-state,0.026163053,Queens (NC),Michigan State,15,3,39,28
queens-nc,missouri,0.08309231,Queens (NC),Missouri,15,10,39,36
queens-nc,nebraska,0.036361307,Queens (NC),Nebraska,15,4,39,50
queens-nc,north-carolina,0.031696137,Queens (NC),North Carolina,15,6,39,53
queens-nc,north-carolina-state,0.11884208,Queens (NC),NC State,15,11,39,8
queens-nc,north-dakota-state,0.25353396,Queens (NC),North Dakota State,15,14,39,30
queens-nc,northern-iowa,0.19910659,Queens (NC),Northern Iowa,15,12,39,19
queens-nc,ohio-state,0.040869903,Queens (NC),Ohio State,15,8,39,13
queens-nc,pennsylvania,0.42994002,Queens (NC),Pennsylvania,15,14,39,59
queens-nc,prairie-view,0.6995362,Queens (NC),Prairie View,15,16,39,4
queens-nc,purdue,0.026774706,Queens (NC),Purdue,15,2,39,37
queens-nc,saint-louis,0.109988235,Queens (NC),Saint Louis,15,9,39,45
queens-nc,saint-marys-ca,0.03220548,Queens (NC),Saint Mary's (CA),15,7,39,61
queens-nc,santa-clara,0.058746967,Queens (NC),Santa Clara,15,10,39,66
queens-nc,siena,0.5216085,Queens (NC),Siena,15,16,39,11
queens-nc,south-florida,0.13428149,Queens (NC),South Florida,15,11,39,26
queens-nc,southern-methodist,0.122280836,Queens (NC),Southern Methodist,15,11,39,7
queens-nc,st-johns-ny,0.022549234,Queens (NC),St. John's (NY),15,5,39,17
queens-nc,tennessee,0.017520323,Queens (NC),Tennessee,15,6,39,56
queens-nc,tennessee-state,0.46305305,Queens (NC),Tennessee State,15,15,39,68
queens-nc,texas,0.05478025,Queens (NC),Texas,15,11,39,3
queens-nc,texas-am,0.027373938,Queens (NC),Texas A&M,15,10,39,62
queens-nc,texas-christian,0.069166355,Queens (NC),TCU,15,9,39,15
queens-nc,texas-tech,0.025586195,Queens (NC),Texas Tech,15,5,39,47
queens-nc,troy,0.37716863,Queens (NC),Troy,15,13,39,52
queens-nc,ucla,0.024103826,Queens (NC),UCLA,15,7,39,32
queens-nc,utah-state,0.08578191,Queens (NC),Utah State,15,9,39,16
queens-nc,vanderbilt,0.025671769,Queens (NC),Vanderbilt,15,5,39,46
queens-nc,villanova,0.09260532,Queens (NC),Villanova,15,8,39,14
queens-nc,virginia,0.05796731,Queens (NC),Virginia,15,3,39,58
queens-nc,virginia-commonwealth,0.1171943,Queens (NC),Virginia Commonwealth,15,11,39,55
queens-nc,wisconsin,0.021665776,Queens (NC),Wisconsin,15,5,39,18
queens-nc,wright-state,0.40531635,Queens (NC),Wright State,15,14,39,60
saint-louis,akron,0.60894924,Saint Louis,Akron,9,12,45,49
saint-louis,alabama,0.13806641,Saint Louis,Alabama,9,4,45,51
saint-louis,arizona,0.10931028,Saint Louis,Arizona,9,1,45,10
saint-louis,arkansas,0.21559654,Saint Louis,Arkansas,9,4,45,22
saint-louis,brigham-young,0.338386,Saint Louis,Brigham Young,9,6,45,27
saint-louis,california-baptist,0.7653768,Saint Louis,California Baptist,9,13,45,23
saint-louis,central-florida,0.46741953,Saint Louis,UCF,9,10,45,34
saint-louis,clemson,0.4931138,Saint Louis,Clemson,9,8,45,42
saint-louis,connecticut,0.28268817,Saint Louis,Connecticut,9,2,45,35
saint-louis,duke,0.047639836,Saint Louis,Duke,9,1,45,9
saint-louis,florida,0.07117088,Saint Louis,Florida,9,1,45,40
saint-louis,furman,0.8393598,Saint Louis,Furman,9,15,45,38
saint-louis,georgia,0.2770675,Saint Louis,Georgia,9,8,45,43
saint-louis,gonzaga,0.18280531,Saint Louis,Gonzaga,9,3,45,29
saint-louis,hawaii,0.7228395,Saint Louis,Hawaii,9,13,45,25
saint-louis,high-point,0.5362478,Saint Louis,High Point,9,12,45,20
saint-louis,hofstra,0.6462153,Saint Louis,Hofstra,9,13,45,54
saint-louis,houston,0.08764987,Saint Louis,Houston,9,2,45,63
saint-louis,howard,0.81293344,Saint Louis,Howard,9,16,45,2
saint-louis,idaho,0.8169538,Saint Louis,Idaho,9,15,45,64
saint-louis,illinois,0.16545057,Saint Louis,Illinois,9,3,45,57
saint-louis,iowa,0.40732527,Saint Louis,Iowa,9,9,45,44
saint-louis,iowa-state,0.18854427,Saint Louis,Iowa State,9,2,45,67
saint-louis,kansas,0.31429702,Saint Louis,Kansas,9,4,45,21
saint-louis,kennesaw-state,0.77050364,Saint Louis,Kennesaw State,9,14,45,31
saint-louis,kentucky,0.2214411,Saint Louis,Kentucky,9,7,45,65
saint-louis,lehigh,0.9391623,Saint Louis,Lehigh,9,16,45,6
saint-louis,long-island-university,0.8763137,Saint Louis,Long Island University,9,16,45,12
saint-louis,louisville,0.32274416,Saint Louis,Louisville,9,6,45,24
saint-louis,maryland-baltimore-county,0.82018465,Saint Louis,Maryland-Baltimore County,9,16,45,1
saint-louis,mcneese-state,0.52837354,Saint Louis,McNeese State,9,12,45,48
saint-louis,miami-fl,0.46719992,Saint Louis,Miami (FL),9,7,45,33
saint-louis,miami-oh,0.7082711,Saint Louis,Miami (OH),9,11,45,5
saint-louis,michigan,0.12194761,Saint Louis,Michigan,9,1,45,41
saint-louis,michigan-state,0.1865579,Saint Louis,Michigan State,9,3,45,28
saint-louis,missouri,0.46654034,Saint Louis,Missouri,9,10,45,36
saint-louis,nebraska,0.35603866,Saint Louis,Nebraska,9,4,45,50
saint-louis,north-carolina,0.34783295,Saint Louis,North Carolina,9,6,45,53
saint-louis,north-carolina-state,0.5661401,Saint Louis,NC State,9,11,45,8
saint-louis,north-dakota-state,0.68220264,Saint Louis,North Dakota State,9,14,45,30
saint-louis,northern-iowa,0.6430022,Saint Louis,Northern Iowa,9,12,45,19
saint-louis,ohio-state,0.3369255,Saint Louis,Ohio State,9,8,45,13
saint-louis,pennsylvania,0.8093213,Saint Louis,Pennsylvania,9,14,45,59
saint-louis,prairie-view,0.93895024,Saint Louis,Prairie View,9,16,45,4
saint-louis,purdue,0.19424519,Saint Louis,Purdue,9,2,45,37
saint-louis,queens-nc,0.8465987,Saint Louis,Queens (NC),9,15,45,39
saint-louis,saint-marys-ca,0.27062586,Saint Louis,Saint Mary's (CA),9,7,45,61
saint-louis,santa-clara,0.4616716,Saint Louis,Santa Clara,9,10,45,66
saint-louis,siena,0.8926466,Saint Louis,Siena,9,16,45,11
saint-louis,south-florida,0.5290059,Saint Louis,South Florida,9,11,45,26
saint-louis,southern-methodist,0.5330407,Saint Louis,Southern Methodist,9,11,45,7
saint-louis,st-johns-ny,0.32896435,Saint Louis,St. John's (NY),9,5,45,17
saint-louis,tennessee,0.21060793,Saint Louis,Tennessee,9,6,45,56
saint-louis,tennessee-state,0.7538443,Saint Louis,Tennessee State,9,15,45,68
saint-louis,texas,0.38194847,Saint Louis,Texas,9,11,45,3
saint-louis,texas-am,0.4079537,Saint Louis,Texas A&M,9,10,45,62
saint-louis,texas-christian,0.39794672,Saint Louis,TCU,9,9,45,15
saint-louis,texas-tech,0.34276712,Saint Louis,Texas Tech,9,5,45,47
saint-louis,troy,0.7455602,Saint Louis,Troy,9,13,45,52
saint-louis,ucla,0.30660537,Saint Louis,UCLA,9,7,45,32
saint-louis,utah-state,0.3976502,Saint Louis,Utah State,9,9,45,16
saint-louis,vanderbilt,0.3101006,Saint Louis,Vanderbilt,9,5,45,46
saint-louis,villanova,0.5121894,Saint Louis,Villanova,9,8,45,14
saint-louis,virginia,0.35154212,Saint Louis,Virginia,9,3,45,58
saint-louis,virginia-commonwealth,0.55085117,Saint Louis,Virginia Commonwealth,9,11,45,55
saint-louis,wisconsin,0.30349785,Saint Louis,Wisconsin,9,5,45,18
saint-louis,wright-state,0.7438913,Saint Louis,Wright State,9,14,45,60
saint-marys-ca,akron,0.814133,Saint Mary's (CA),Akron,7,12,61,49
saint-marys-ca,alabama,0.41993845,Saint Mary's (CA),Alabama,7,4,61,51
saint-marys-ca,arizona,0.30084473,Saint Mary's (CA),Arizona,7,1,61,10
saint-marys-ca,arkansas,0.5529254,Saint Mary's (CA),Arkansas,7,4,61,22
saint-marys-ca,brigham-young,0.562063,Saint Mary's (CA),Brigham Young,7,6,61,27
saint-marys-ca,california-baptist,0.94055736,Saint Mary's (CA),California Baptist,7,13,61,23
saint-marys-ca,central-florida,0.7719953,Saint Mary's (CA),UCF,7,10,61,34
saint-marys-ca,clemson,0.67394876,Saint Mary's (CA),Clemson,7,8,61,42
saint-marys-ca,connecticut,0.4303667,Saint Mary's (CA),Connecticut,7,2,61,35
saint-marys-ca,duke,0.2120766,Saint Mary's (CA),Duke,7,1,61,9
saint-marys-ca,florida,0.24352841,Saint Mary's (CA),Florida,7,1,61,40
saint-marys-ca,furman,0.9531199,Saint Mary's (CA),Furman,7,15,61,38
saint-marys-ca,georgia,0.5703972,Saint Mary's (CA),Georgia,7,8,61,43
saint-marys-ca,gonzaga,0.34140617,Saint Mary's (CA),Gonzaga,7,3,61,29
saint-marys-ca,hawaii,0.9434033,Saint Mary's (CA),Hawaii,7,13,61,25
saint-marys-ca,high-point,0.73307914,Saint Mary's (CA),High Point,7,12,61,20
saint-marys-ca,hofstra,0.9028229,Saint Mary's (CA),Hofstra,7,13,61,54
saint-marys-ca,houston,0.34341747,Saint Mary's (CA),Houston,7,2,61,63
saint-marys-ca,howard,0.9546901,Saint Mary's (CA),Howard,7,16,61,2
saint-marys-ca,idaho,0.95452446,Saint Mary's (CA),Idaho,7,15,61,64
saint-marys-ca,illinois,0.39746752,Saint Mary's (CA),Illinois,7,3,61,57
saint-marys-ca,iowa,0.6109896,Saint Mary's (CA),Iowa,7,9,61,44
saint-marys-ca,iowa-state,0.40695372,Saint Mary's (CA),Iowa State,7,2,61,67
saint-marys-ca,kansas,0.46650293,Saint Mary's (CA),Kansas,7,4,61,21
saint-marys-ca,kennesaw-state,0.9188934,Saint Mary's (CA),Kennesaw State,7,14,61,31
saint-marys-ca,kentucky,0.4211382,Saint Mary's (CA),Kentucky,7,7,61,65
saint-marys-ca,lehigh,0.9746994,Saint Mary's (CA),Lehigh,7,16,61,6
saint-marys-ca,long-island-university,0.97022194,Saint Mary's (CA),Long Island University,7,16,61,12
saint-marys-ca,louisville,0.53654945,Saint Mary's (CA),Louisville,7,6,61,24
saint-marys-ca,maryland-baltimore-county,0.974777,Saint Mary's (CA),Maryland-Baltimore County,7,16,61,1
saint-marys-ca,mcneese-state,0.75195134,Saint Mary's (CA),McNeese State,7,12,61,48
saint-marys-ca,miami-fl,0.6615589,Saint Mary's (CA),Miami (FL),7,7,61,33
saint-marys-ca,miami-oh,0.89099675,Saint Mary's (CA),Miami (OH),7,11,61,5
saint-marys-ca,michigan,0.30821523,Saint Mary's (CA),Michigan,7,1,61,41
saint-marys-ca,michigan-state,0.43981293,Saint Mary's (CA),Michigan State,7,3,61,28
saint-marys-ca,missouri,0.7623733,Saint Mary's (CA),Missouri,7,10,61,36
saint-marys-ca,nebraska,0.55542034,Saint Mary's (CA),Nebraska,7,4,61,50
saint-marys-ca,north-carolina,0.6078659,Saint Mary's (CA),North Carolina,7,6,61,53
saint-marys-ca,north-carolina-state,0.7081136,Saint Mary's (CA),NC State,7,11,61,8
saint-marys-ca,north-dakota-state,0.83319646,Saint Mary's (CA),North Dakota State,7,14,61,30
saint-marys-ca,northern-iowa,0.7726553,Saint Mary's (CA),Northern Iowa,7,12,61,19
saint-marys-ca,ohio-state,0.6308964,Saint Mary's (CA),Ohio State,7,8,61,13
saint-marys-ca,pennsylvania,0.9549033,Saint Mary's (CA),Pennsylvania,7,14,61,59
saint-marys-ca,prairie-view,0.97378063,Saint Mary's (CA),Prairie View,7,16,61,4
saint-marys-ca,purdue,0.44205663,Saint Mary's (CA),Purdue,7,2,61,37
saint-marys-ca,queens-nc,0.96270955,Saint Mary's (CA),Queens (NC),7,15,61,39
saint-marys-ca,saint-louis,0.6636159,Saint Mary's (CA),Saint Louis,7,9,61,45
saint-marys-ca,santa-clara,0.6091626,Saint Mary's (CA),Santa Clara,7,10,61,66
saint-marys-ca,siena,0.9687997,Saint Mary's (CA),Siena,7,16,61,11
saint-marys-ca,south-florida,0.80369294,Saint Mary's (CA),South Florida,7,11,61,26
saint-marys-ca,southern-methodist,0.7334533,Saint Mary's (CA),Southern Methodist,7,11,61,7
saint-marys-ca,st-johns-ny,0.51812315,Saint Mary's (CA),St. John's (NY),7,5,61,17
saint-marys-ca,tennessee,0.34514335,Saint Mary's (CA),Tennessee,7,6,61,56
saint-marys-ca,tennessee-state,0.97089595,Saint Mary's (CA),Tennessee State,7,15,61,68
saint-marys-ca,texas,0.63144034,Saint Mary's (CA),Texas,7,11,61,3
saint-marys-ca,texas-am,0.5306041,Saint Mary's (CA),Texas A&M,7,10,61,62
saint-marys-ca,texas-christian,0.6098595,Saint Mary's (CA),TCU,7,9,61,15
saint-marys-ca,texas-tech,0.5499582,Saint Mary's (CA),Texas Tech,7,5,61,47
saint-marys-ca,troy,0.89871997,Saint Mary's (CA),Troy,7,13,61,52
saint-marys-ca,ucla,0.5947259,Saint Mary's (CA),UCLA,7,7,61,32
saint-marys-ca,utah-state,0.5912723,Saint Mary's (CA),Utah State,7,9,61,16
saint-marys-ca,vanderbilt,0.4847848,Saint Mary's (CA),Vanderbilt,7,5,61,46
saint-marys-ca,villanova,0.6698633,Saint Mary's (CA),Villanova,7,8,61,14
saint-marys-ca,virginia,0.5252424,Saint Mary's (CA),Virginia,7,3,61,58
saint-marys-ca,virginia-commonwealth,0.6912695,Saint Mary's (CA),Virginia Commonwealth,7,11,61,55
saint-marys-ca,wisconsin,0.49944314,Saint Mary's (CA),Wisconsin,7,5,61,18
saint-marys-ca,wright-state,0.9555074,Saint Mary's (CA),Wright State,7,14,61,60
santa-clara,akron,0.7152638,Santa Clara,Akron,10,12,66,49
santa-clara,alabama,0.21228758,Santa Clara,Alabama,10,4,66,51
santa-clara,arizona,0.20085989,Santa Clara,Arizona,10,1,66,10
santa-clara,arkansas,0.40168893,Santa Clara,Arkansas,10,4,66,22
santa-clara,brigham-young,0.41605082,Santa Clara,Brigham Young,10,6,66,27
santa-clara,california-baptist,0.81991893,Santa Clara,California Baptist,10,13,66,23
santa-clara,central-florida,0.5585153,Santa Clara,UCF,10,10,66,34
santa-clara,clemson,0.5169463,Santa Clara,Clemson,10,8,66,42
santa-clara,connecticut,0.35574365,Santa Clara,Connecticut,10,2,66,35
santa-clara,duke,0.0912005,Santa Clara,Duke,10,1,66,9
santa-clara,florida,0.15908678,Santa Clara,Florida,10,1,66,40
santa-clara,furman,0.8730088,Santa Clara,Furman,10,15,66,38
santa-clara,georgia,0.40339395,Santa Clara,Georgia,10,8,66,43
santa-clara,gonzaga,0.29132977,Santa Clara,Gonzaga,10,3,66,29
santa-clara,hawaii,0.8205597,Santa Clara,Hawaii,10,13,66,25
santa-clara,high-point,0.68368655,Santa Clara,High Point,10,12,66,20
santa-clara,hofstra,0.67441,Santa Clara,Hofstra,10,13,66,54
santa-clara,houston,0.17064287,Santa Clara,Houston,10,2,66,63
santa-clara,howard,0.9068477,Santa Clara,Howard,10,16,66,2
santa-clara,idaho,0.9129282,Santa Clara,Idaho,10,15,66,64
santa-clara,illinois,0.27021942,Santa Clara,Illinois,10,3,66,57
santa-clara,iowa,0.5272367,Santa Clara,Iowa,10,9,66,44
santa-clara,iowa-state,0.30205193,Santa Clara,Iowa State,10,2,66,67
santa-clara,kansas,0.40169585,Santa Clara,Kansas,10,4,66,21
santa-clara,kennesaw-state,0.80363584,Santa Clara,Kennesaw State,10,14,66,31
santa-clara,kentucky,0.3792926,Santa Clara,Kentucky,10,7,66,65
santa-clara,lehigh,0.9701377,Santa Clara,Lehigh,10,16,66,6
santa-clara,long-island-university,0.9250548,Santa Clara,Long Island University,10,16,66,12
santa-clara,louisville,0.45422077,Santa Clara,Louisville,10,6,66,24
santa-clara,maryland-baltimore-county,0.9085264,Santa Clara,Maryland-Baltimore County,10,16,66,1
santa-clara,mcneese-state,0.5895495,Santa Clara,McNeese State,10,12,66,48
santa-clara,miami-fl,0.47640154,Santa Clara,Miami (FL),10,7,66,33
santa-clara,miami-oh,0.8035693,Santa Clara,Miami (OH),10,11,66,5
santa-clara,michigan,0.18244477,Santa Clara,Michigan,10,1,66,41
santa-clara,michigan-state,0.3300148,Santa Clara,Michigan State,10,3,66,28
santa-clara,missouri,0.6285723,Santa Clara,Missouri,10,10,66,36
santa-clara,nebraska,0.40498084,Santa Clara,Nebraska,10,4,66,50
santa-clara,north-carolina,0.48882607,Santa Clara,North Carolina,10,6,66,53
santa-clara,north-carolina-state,0.5589529,Santa Clara,NC State,10,11,66,8
santa-clara,north-dakota-state,0.7331196,Santa Clara,North Dakota State,10,14,66,30
santa-clara,northern-iowa,0.59853125,Santa Clara,Northern Iowa,10,12,66,19
santa-clara,ohio-state,0.5020216,Santa Clara,Ohio State,10,8,66,13
santa-clara,pennsylvania,0.8788946,Santa Clara,Pennsylvania,10,14,66,59
santa-clara,prairie-view,0.96210444,Santa Clara,Prairie View,10,16,66,4
santa-clara,purdue,0.28109884,Santa Clara,Purdue,10,2,66,37
santa-clara,queens-nc,0.92068624,Santa Clara,Queens (NC),10,15,66,39
santa-clara,saint-louis,0.5210063,Santa Clara,Saint Louis,10,9,66,45
santa-clara,saint-marys-ca,0.36624545,Santa Clara,Saint Mary's (CA),10,7,66,61
santa-clara,siena,0.9435754,Santa Clara,Siena,10,16,66,11
santa-clara,south-florida,0.5483951,Santa Clara,South Florida,10,11,66,26
santa-clara,southern-methodist,0.6063436,Santa Clara,Southern Methodist,10,11,66,7
santa-clara,st-johns-ny,0.41661757,Santa Clara,St. John's (NY),10,5,66,17
santa-clara,tennessee,0.24789195,Santa Clara,Tennessee,10,6,66,56
santa-clara,tennessee-state,0.92523676,Santa Clara,Tennessee State,10,15,66,68
santa-clara,texas,0.6108078,Santa Clara,Texas,10,11,66,3
santa-clara,texas-am,0.4519349,Santa Clara,Texas A&M,10,10,66,62
santa-clara,texas-christian,0.44245934,Santa Clara,TCU,10,9,66,15
santa-clara,texas-tech,0.42671406,Santa Clara,Texas Tech,10,5,66,47
santa-clara,troy,0.8037293,Santa Clara,Troy,10,13,66,52
santa-clara,ucla,0.43420073,Santa Clara,UCLA,10,7,66,32
santa-clara,utah-state,0.48761758,Santa Clara,Utah State,10,9,66,16
santa-clara,vanderbilt,0.439508,Santa Clara,Vanderbilt,10,5,66,46
santa-clara,villanova,0.59575623,Santa Clara,Villanova,10,8,66,14
santa-clara,virginia,0.42987958,Santa Clara,Virginia,10,3,66,58
santa-clara,virginia-commonwealth,0.62565714,Santa Clara,Virginia Commonwealth,10,11,66,55
santa-clara,wisconsin,0.4241309,Santa Clara,Wisconsin,10,5,66,18
santa-clara,wright-state,0.8710648,Santa Clara,Wright State,10,14,66,60
siena,akron,0.21034048,Siena,Akron,16,12,11,49
siena,alabama,0.030694962,Siena,Alabama,16,4,11,51
siena,arizona,0.02705905,Siena,Arizona,16,1,11,10
siena,arkansas,0.029753437,Siena,Arkansas,16,4,11,22
siena,brigham-young,0.088870555,Siena,Brigham Young,16,6,11,27
siena,california-baptist,0.40280318,Siena,California Baptist,16,13,11,23
siena,central-florida,0.08131561,Siena,UCF,16,10,11,34
siena,clemson,0.053614628,Siena,Clemson,16,8,11,42
siena,connecticut,0.020035286,Siena,Connecticut,16,2,11,35
siena,duke,0.019843424,Siena,Duke,16,1,11,9
siena,florida,0.030340765,Siena,Florida,16,1,11,40
siena,furman,0.44855532,Siena,Furman,16,15,11,38
siena,georgia,0.13215032,Siena,Georgia,16,8,11,43
siena,gonzaga,0.017184816,Siena,Gonzaga,16,3,11,29
siena,hawaii,0.32185388,Siena,Hawaii,16,13,11,25
siena,high-point,0.15848225,Siena,High Point,16,12,11,20
siena,hofstra,0.21616183,Siena,Hofstra,16,13,11,54
siena,houston,0.037704106,Siena,Houston,16,2,11,63
siena,howard,0.45149514,Siena,Howard,16,16,11,2
siena,idaho,0.4776949,Siena,Idaho,16,15,11,64
siena,illinois,0.020346006,Siena,Illinois,16,3,11,57
siena,iowa,0.09104425,Siena,Iowa,16,9,11,44
siena,iowa-state,0.024847504,Siena,Iowa State,16,2,11,67
siena,kansas,0.031647705,Siena,Kansas,16,4,11,21
siena,kennesaw-state,0.34333792,Siena,Kennesaw State,16,14,11,31
siena,kentucky,0.03434208,Siena,Kentucky,16,7,11,65
siena,lehigh,0.6431941,Siena,Lehigh,16,16,11,6
siena,long-island-university,0.50743395,Siena,Long Island University,16,16,11,12
siena,louisville,0.020693189,Siena,Louisville,16,6,11,24
siena,maryland-baltimore-county,0.43718046,Siena,Maryland-Baltimore County,16,16,11,1
siena,mcneese-state,0.1556835,Siena,McNeese State,16,12,11,48
siena,miami-fl,0.08897659,Siena,Miami (FL),16,7,11,33
siena,miami-oh,0.26789156,Siena,Miami (OH),16,11,11,5
siena,michigan,0.023411717,Siena,Michigan,16,1,11,41
siena,michigan-state,0.03268713,Siena,Michigan State,16,3,11,28
siena,missouri,0.18236385,Siena,Missouri,16,10,11,36
siena,nebraska,0.038548958,Siena,Nebraska,16,4,11,50
siena,north-carolina,0.0268378,Siena,North Carolina,16,6,11,53
siena,north-carolina-state,0.1947041,Siena,NC State,16,11,11,8
siena,north-dakota-state,0.25640723,Siena,North Dakota State,16,14,11,30
siena,northern-iowa,0.20451719,Siena,Northern Iowa,16,12,11,19
siena,ohio-state,0.0342096,Siena,Ohio State,16,8,11,13
siena,pennsylvania,0.47151107,Siena,Pennsylvania,16,14,11,59
siena,prairie-view,0.6673766,Siena,Prairie View,16,16,11,4
siena,purdue,0.02404315,Siena,Purdue,16,2,11,37
siena,queens-nc,0.49023253,Siena,Queens (NC),16,15,11,39
siena,saint-louis,0.08742683,Siena,Saint Louis,16,9,11,45
siena,saint-marys-ca,0.024531603,Siena,Saint Mary's (CA),16,7,11,61
siena,santa-clara,0.054982662,Siena,Santa Clara,16,10,11,66
siena,south-florida,0.14312007,Siena,South Florida,16,11,11,26
siena,southern-methodist,0.1814796,Siena,Southern Methodist,16,11,11,7
siena,st-johns-ny,0.028779443,Siena,St. John's (NY),16,5,11,17
siena,tennessee,0.020341612,Siena,Tennessee,16,6,11,56
siena,tennessee-state,0.43446892,Siena,Tennessee State,16,15,11,68
siena,texas,0.14690417,Siena,Texas,16,11,11,3
siena,texas-am,0.042301673,Siena,Texas A&M,16,10,11,62
siena,texas-christian,0.059467148,Siena,TCU,16,9,11,15
siena,texas-tech,0.032839183,Siena,Texas Tech,16,5,11,47
siena,troy,0.329934,Siena,Troy,16,13,11,52
siena,ucla,0.026233537,Siena,UCLA,16,7,11,32
siena,utah-state,0.063834496,Siena,Utah State,16,9,11,16
siena,vanderbilt,0.03232624,Siena,Vanderbilt,16,5,11,46
siena,villanova,0.057523437,Siena,Villanova,16,8,11,14
siena,virginia,0.04621319,Siena,Virginia,16,3,11,58
siena,virginia-commonwealth,0.08047953,Siena,Virginia Commonwealth,16,11,11,55
siena,wisconsin,0.035827618,Siena,Wisconsin,16,5,11,18
siena,wright-state,0.39766386,Siena,Wright State,16,14,11,60
south-florida,akron,0.59077656,South Florida,Akron,11,12,26,49
south-florida,alabama,0.11264049,South Florida,Alabama,11,4,26,51
south-florida,arizona,0.0503814,South Florida,Arizona,11,1,26,10
south-florida,arkansas,0.17724885,South Florida,Arkansas,11,4,26,22
south-florida,brigham-young,0.2288459,South Florida,Brigham Young,11,6,26,27
south-florida,california-baptist,0.7975593,South Florida,California Baptist,11,13,26,23
south-florida,central-florida,0.47494298,South Florida,UCF,11,10,26,34
south-florida,clemson,0.35082275,South Florida,Clemson,11,8,26,42
south-florida,connecticut,0.16085191,South Florida,Connecticut,11,2,26,35
south-florida,duke,0.031095978,South Florida,Duke,11,1,26,9
south-florida,florida,0.07214618,South Florida,Florida,11,1,26,40
south-florida,furman,0.8071794,South Florida,Furman,11,15,26,38
south-florida,georgia,0.26364222,South Florida,Georgia,11,8,26,43
south-florida,gonzaga,0.18404302,South Florida,Gonzaga,11,3,26,29
south-florida,hawaii,0.7739808,South Florida,Hawaii,11,13,26,25
south-florida,high-point,0.51066077,South Florida,High Point,11,12,26,20
south-florida,hofstra,0.6384452,South Florida,Hofstra,11,13,26,54
south-florida,houston,0.08058065,South Florida,Houston,11,2,26,63
south-florida,howard,0.7893376,South Florida,Howard,11,16,26,2
south-florida,idaho,0.8134339,South Florida,Idaho,11,15,26,64
south-florida,illinois,0.066989824,South Florida,Illinois,11,3,26,57
south-florida,iowa,0.26881078,South Florida,Iowa,11,9,26,44
south-florida,iowa-state,0.10159898,South Florida,Iowa State,11,2,26,67
south-florida,kansas,0.17137615,South Florida,Kansas,11,4,26,21
south-florida,kennesaw-state,0.7771991,South Florida,Kennesaw State,11,14,26,31
south-florida,kentucky,0.18755825,South Florida,Kentucky,11,7,26,65
south-florida,lehigh,0.91454744,South Florida,Lehigh,11,16,26,6
south-florida,long-island-university,0.8826624,South Florida,Long Island University,11,16,26,12
south-florida,louisville,0.23565884,South Florida,Louisville,11,6,26,24
south-florida,maryland-baltimore-county,0.78832257,South Florida,Maryland-Baltimore County,11,16,26,1
south-florida,mcneese-state,0.5568708,South Florida,McNeese State,11,12,26,48
south-florida,miami-fl,0.42783618,South Florida,Miami (FL),11,7,26,33
south-florida,miami-oh,0.67935777,South Florida,Miami (OH),11,11,26,5
south-florida,michigan,0.05244693,South Florida,Michigan,11,1,26,41
south-florida,michigan-state,0.109353326,South Florida,Michigan State,11,3,26,28
south-florida,missouri,0.3739044,South Florida,Missouri,11,10,26,36
south-florida,nebraska,0.27685168,South Florida,Nebraska,11,4,26,50
south-florida,north-carolina,0.3144472,South Florida,North Carolina,11,6,26,53
south-florida,north-carolina-state,0.42811072,South Florida,NC State,11,11,26,8
south-florida,north-dakota-state,0.6627904,South Florida,North Dakota State,11,14,26,30
south-florida,northern-iowa,0.6296722,South Florida,Northern Iowa,11,12,26,19
south-florida,ohio-state,0.31686133,South Florida,Ohio State,11,8,26,13
south-florida,pennsylvania,0.81995517,South Florida,Pennsylvania,11,14,26,59
south-florida,prairie-view,0.9271681,South Florida,Prairie View,11,16,26,4
south-florida,purdue,0.09216629,South Florida,Purdue,11,2,26,37
south-florida,queens-nc,0.85997564,South Florida,Queens (NC),11,15,26,39
south-florida,saint-louis,0.4765498,South Florida,Saint Louis,11,9,26,45
south-florida,saint-marys-ca,0.22010116,South Florida,Saint Mary's (CA),11,7,26,61
south-florida,santa-clara,0.42891544,South Florida,Santa Clara,11,10,26,66
south-florida,siena,0.8594668,South Florida,Siena,11,16,26,11
south-florida,southern-methodist,0.53565055,South Florida,Southern Methodist,11,11,26,7
south-florida,st-johns-ny,0.21510613,South Florida,St. John's (NY),11,5,26,17
south-florida,tennessee,0.10159872,South Florida,Tennessee,11,6,26,56
south-florida,tennessee-state,0.7920048,South Florida,Tennessee State,11,15,26,68
south-florida,texas,0.31319675,South Florida,Texas,11,11,26,3
south-florida,texas-am,0.19336581,South Florida,Texas A&M,11,10,26,62
south-florida,texas-christian,0.32091755,South Florida,TCU,11,9,26,15
south-florida,texas-tech,0.213903,South Florida,Texas Tech,11,5,26,47
south-florida,troy,0.744341,South Florida,Troy,11,13,26,52
south-florida,ucla,0.25068313,South Florida,UCLA,11,7,26,32
south-florida,utah-state,0.39069742,South Florida,Utah State,11,9,26,16
south-florida,vanderbilt,0.20925522,South Florida,Vanderbilt,11,5,26,46
south-florida,villanova,0.38792807,South Florida,Villanova,11,8,26,14
south-florida,virginia,0.33706078,South Florida,Virginia,11,3,26,58
south-florida,virginia-commonwealth,0.5353564,South Florida,Virginia Commonwealth,11,11,26,55
south-florida,wisconsin,0.16911004,South Florida,Wisconsin,11,5,26,18
south-florida,wright-state,0.77527964,South Florida,Wright State,11,14,26,60
southern-methodist,akron,0.6953354,Southern Methodist,Akron,11,12,7,49
southern-methodist,alabama,0.20414951,Southern Methodist,Alabama,11,4,7,51
southern-methodist,arizona,0.18891956,Southern Methodist,Arizona,11,1,7,10
southern-methodist,arkansas,0.35674474,Southern Methodist,Arkansas,11,4,7,22
southern-methodist,brigham-young,0.37620598,Southern Methodist,Brigham Young,11,6,7,27
southern-methodist,california-baptist,0.784832,Southern Methodist,California Baptist,11,13,7,23
southern-methodist,central-florida,0.56436807,Southern Methodist,UCF,11,10,7,34
southern-methodist,clemson,0.42928874,Southern Methodist,Clemson,11,8,7,42
southern-methodist,connecticut,0.24767402,Southern Methodist,Connecticut,11,2,7,35
southern-methodist,duke,0.077015765,Southern Methodist,Duke,11,1,7,9
southern-methodist,florida,0.12764172,Southern Methodist,Florida,11,1,7,40
southern-methodist,furman,0.8118313,Southern Methodist,Furman,11,15,7,38
southern-methodist,georgia,0.3694302,Southern Methodist,Georgia,11,8,7,43
southern-methodist,gonzaga,0.19394872,Southern Methodist,Gonzaga,11,3,7,29
southern-methodist,hawaii,0.817142,Southern Methodist,Hawaii,11,13,7,25
southern-methodist,high-point,0.6084516,Southern Methodist,High Point,11,12,7,20
southern-methodist,hofstra,0.6252778,Southern Methodist,Hofstra,11,13,7,54
southern-methodist,houston,0.16294952,Southern Methodist,Houston,11,2,7,63
southern-methodist,howard,0.87938863,Southern Methodist,Howard,11,16,7,2
southern-methodist,idaho,0.87505406,Southern Methodist,Idaho,11,15,7,64
southern-methodist,illinois,0.16740298,Southern Methodist,Illinois,11,3,7,57
southern-methodist,iowa,0.40533853,Southern Methodist,Iowa,11,9,7,44
southern-methodist,iowa-state,0.2029936,Southern Methodist,Iowa State,11,2,7,67
southern-methodist,kansas,0.360456,Southern Methodist,Kansas,11,4,7,21
southern-methodist,kennesaw-state,0.75171816,Southern Methodist,Kennesaw State,11,14,7,31
southern-methodist,kentucky,0.37918687,Southern Methodist,Kentucky,11,7,7,65
southern-methodist,lehigh,0.95698196,Southern Methodist,Lehigh,11,16,7,6
southern-methodist,long-island-university,0.91085774,Southern Methodist,Long Island University,11,16,7,12
southern-methodist,louisville,0.346817,Southern Methodist,Louisville,11,6,7,24
southern-methodist,maryland-baltimore-county,0.84876144,Southern Methodist,Maryland-Baltimore County,11,16,7,1
southern-methodist,mcneese-state,0.51977295,Southern Methodist,McNeese State,11,12,7,48
southern-methodist,miami-fl,0.36475724,Southern Methodist,Miami (FL),11,7,7,33
southern-methodist,miami-oh,0.7408752,Southern Methodist,Miami (OH),11,11,7,5
southern-methodist,michigan,0.12453667,Southern Methodist,Michigan,11,1,7,41
southern-methodist,michigan-state,0.2269795,Southern Methodist,Michigan State,11,3,7,28
southern-methodist,missouri,0.58239746,Southern Methodist,Missouri,11,10,7,36
southern-methodist,nebraska,0.3722184,Southern Methodist,Nebraska,11,4,7,50
southern-methodist,north-carolina,0.46735775,Southern Methodist,North Carolina,11,6,7,53
southern-methodist,north-carolina-state,0.4897355,Southern Methodist,NC State,11,11,7,8
southern-methodist,north-dakota-state,0.72453773,Southern Methodist,North Dakota State,11,14,7,30
southern-methodist,northern-iowa,0.5901506,Southern Methodist,Northern Iowa,11,12,7,19
southern-methodist,ohio-state,0.3795876,Southern Methodist,Ohio State,11,8,7,13
southern-methodist,pennsylvania,0.80931675,Southern Methodist,Pennsylvania,11,14,7,59
southern-methodist,prairie-view,0.94995767,Southern Methodist,Prairie View,11,16,7,4
southern-methodist,purdue,0.20361307,Southern Methodist,Purdue,11,2,7,37
southern-methodist,queens-nc,0.870591,Southern Methodist,Queens (NC),11,15,7,39
southern-methodist,saint-louis,0.45747963,Southern Methodist,Saint Louis,11,9,7,45
southern-methodist,saint-marys-ca,0.23686655,Southern Methodist,Saint Mary's (CA),11,7,7,61
southern-methodist,santa-clara,0.41758874,Southern Methodist,Santa Clara,11,10,7,66
southern-methodist,siena,0.8793095,Southern Methodist,Siena,11,16,7,11
southern-methodist,south-florida,0.4777013,Southern Methodist,South Florida,11,11,7,26
southern-methodist,st-johns-ny,0.34833956,Southern Methodist,St. John's (NY),11,5,7,17
southern-methodist,tennessee,0.25466847,Southern Methodist,Tennessee,11,6,7,56
southern-methodist,tennessee-state,0.87515837,Southern Methodist,Tennessee State,11,15,7,68
southern-methodist,texas,0.49477088,Southern Methodist,Texas,11,11,7,3
southern-methodist,texas-am,0.42400354,Southern Methodist,Texas A&M,11,10,7,62
southern-methodist,texas-christian,0.4732701,Southern Methodist,TCU,11,9,7,15
southern-methodist,texas-tech,0.4034985,Southern Methodist,Texas Tech,11,5,7,47
southern-methodist,troy,0.7184437,Southern Methodist,Troy,11,13,7,52
southern-methodist,ucla,0.37504464,Southern Methodist,UCLA,11,7,7,32
southern-methodist,utah-state,0.38270622,Southern Methodist,Utah State,11,9,7,16
southern-methodist,vanderbilt,0.3026251,Southern Methodist,Vanderbilt,11,5,7,46
southern-methodist,villanova,0.48961392,Southern Methodist,Villanova,11,8,7,14
southern-methodist,virginia,0.28416577,Southern Methodist,Virginia,11,3,7,58
southern-methodist,virginia-commonwealth,0.5295456,Southern Methodist,Virginia Commonwealth,11,11,7,55
southern-methodist,wisconsin,0.3386034,Southern Methodist,Wisconsin,11,5,7,18
southern-methodist,wright-state,0.85824704,Southern Methodist,Wright State,11,14,7,60
st-johns-ny,akron,0.8894255,St. John's (NY),Akron,5,12,17,49
st-johns-ny,alabama,0.44178995,St. John's (NY),Alabama,5,4,17,51
st-johns-ny,arizona,0.24507558,St. John's (NY),Arizona,5,1,17,10
st-johns-ny,arkansas,0.5292955,St. John's (NY),Arkansas,5,4,17,22
st-johns-ny,brigham-young,0.61323375,St. John's (NY),Brigham Young,5,6,17,27
st-johns-ny,california-baptist,0.9357812,St. John's (NY),California Baptist,5,13,17,23
st-johns-ny,central-florida,0.7655427,St. John's (NY),UCF,5,10,17,34
st-johns-ny,clemson,0.6492207,St. John's (NY),Clemson,5,8,17,42
st-johns-ny,connecticut,0.43416747,St. John's (NY),Connecticut,5,2,17,35
st-johns-ny,duke,0.17815043,St. John's (NY),Duke,5,1,17,9
st-johns-ny,florida,0.22970963,St. John's (NY),Florida,5,1,17,40
st-johns-ny,furman,0.9609427,St. John's (NY),Furman,5,15,17,38
st-johns-ny,georgia,0.6583354,St. John's (NY),Georgia,5,8,17,43
st-johns-ny,gonzaga,0.3726636,St. John's (NY),Gonzaga,5,3,17,29
st-johns-ny,hawaii,0.92263037,St. John's (NY),Hawaii,5,13,17,25
st-johns-ny,high-point,0.7911693,St. John's (NY),High Point,5,12,17,20
st-johns-ny,hofstra,0.9208809,St. John's (NY),Hofstra,5,13,17,54
st-johns-ny,houston,0.26585913,St. John's (NY),Houston,5,2,17,63
st-johns-ny,howard,0.9508359,St. John's (NY),Howard,5,16,17,2
st-johns-ny,idaho,0.96041834,St. John's (NY),Idaho,5,15,17,64
st-johns-ny,illinois,0.33505505,St. John's (NY),Illinois,5,3,17,57
st-johns-ny,iowa,0.629597,St. John's (NY),Iowa,5,9,17,44
st-johns-ny,iowa-state,0.39287838,St. John's (NY),Iowa State,5,2,17,67
st-johns-ny,kansas,0.55708957,St. John's (NY),Kansas,5,4,17,21
st-johns-ny,kennesaw-state,0.91355455,St. John's (NY),Kennesaw State,5,14,17,31
st-johns-ny,kentucky,0.60771245,St. John's (NY),Kentucky,5,7,17,65
st-johns-ny,lehigh,0.97853357,St. John's (NY),Lehigh,5,16,17,6
st-johns-ny,long-island-university,0.97298616,St. John's (NY),Long Island University,5,16,17,12
st-johns-ny,louisville,0.58190626,St. John's (NY),Louisville,5,6,17,24
st-johns-ny,maryland-baltimore-county,0.94873977,St. John's (NY),Maryland-Baltimore County,5,16,17,1
st-johns-ny,mcneese-state,0.7524878,St. John's (NY),McNeese State,5,12,17,48
st-johns-ny,miami-fl,0.6373853,St. John's (NY),Miami (FL),5,7,17,33
st-johns-ny,miami-oh,0.91652143,St. John's (NY),Miami (OH),5,11,17,5
st-johns-ny,michigan,0.24684638,St. John's (NY),Michigan,5,1,17,41
st-johns-ny,michigan-state,0.39931637,St. John's (NY),Michigan State,5,3,17,28
st-johns-ny,missouri,0.7159518,St. John's (NY),Missouri,5,10,17,36
st-johns-ny,nebraska,0.54221004,St. John's (NY),Nebraska,5,4,17,50
st-johns-ny,north-carolina,0.650306,St. John's (NY),North Carolina,5,6,17,53
st-johns-ny,north-carolina-state,0.69333184,St. John's (NY),NC State,5,11,17,8
st-johns-ny,north-dakota-state,0.9023515,St. John's (NY),North Dakota State,5,14,17,30
st-johns-ny,northern-iowa,0.7898006,St. John's (NY),Northern Iowa,5,12,17,19
st-johns-ny,ohio-state,0.6889207,St. John's (NY),Ohio State,5,8,17,13
st-johns-ny,pennsylvania,0.9534399,St. John's (NY),Pennsylvania,5,14,17,59
st-johns-ny,prairie-view,0.9855032,St. John's (NY),Prairie View,5,16,17,4
st-johns-ny,purdue,0.40617922,St. John's (NY),Purdue,5,2,17,37
st-johns-ny,queens-nc,0.96675324,St. John's (NY),Queens (NC),5,15,17,39
st-johns-ny,saint-louis,0.72370046,St. John's (NY),Saint Louis,5,9,17,45
st-johns-ny,saint-marys-ca,0.51456964,St. John's (NY),Saint Mary's (CA),5,7,17,61
st-johns-ny,santa-clara,0.6199615,St. John's (NY),Santa Clara,5,10,17,66
st-johns-ny,siena,0.9872214,St. John's (NY),Siena,5,16,17,11
st-johns-ny,south-florida,0.8098302,St. John's (NY),South Florida,5,11,17,26
st-johns-ny,southern-methodist,0.69267595,St. John's (NY),Southern Methodist,5,11,17,7
st-johns-ny,tennessee,0.46671423,St. John's (NY),Tennessee,5,6,17,56
st-johns-ny,tennessee-state,0.94999564,St. John's (NY),Tennessee State,5,15,17,68
st-johns-ny,texas,0.6304387,St. John's (NY),Texas,5,11,17,3
st-johns-ny,texas-am,0.6407526,St. John's (NY),Texas A&M,5,10,17,62
st-johns-ny,texas-christian,0.62435806,St. John's (NY),TCU,5,9,17,15
st-johns-ny,texas-tech,0.57823145,St. John's (NY),Texas Tech,5,5,17,47
st-johns-ny,troy,0.893876,St. John's (NY),Troy,5,13,17,52
st-johns-ny,ucla,0.5226639,St. John's (NY),UCLA,5,7,17,32
st-johns-ny,utah-state,0.61599827,St. John's (NY),Utah State,5,9,17,16
st-johns-ny,vanderbilt,0.53936774,St. John's (NY),Vanderbilt,5,5,17,46
st-johns-ny,villanova,0.6636892,St. John's (NY),Villanova,5,8,17,14
st-johns-ny,virginia,0.48023552,St. John's (NY),Virginia,5,3,17,58
st-johns-ny,virginia-commonwealth,0.6826808,St. John's (NY),Virginia Commonwealth,5,11,17,55
st-johns-ny,wisconsin,0.5069884,St. John's (NY),Wisconsin,5,5,17,18
st-johns-ny,wright-state,0.9514387,St. John's (NY),Wright State,5,14,17,60
tennessee,akron,0.94008714,Tennessee,Akron,6,12,56,49
tennessee,alabama,0.5231102,Tennessee,Alabama,6,4,56,51
tennessee,arizona,0.34502134,Tennessee,Arizona,6,1,56,10
tennessee,arkansas,0.58087087,Tennessee,Arkansas,6,4,56,22
tennessee,brigham-young,0.65696394,Tennessee,Brigham Young,6,6,56,27
tennessee,california-baptist,0.95847404,Tennessee,California Baptist,6,13,56,23
tennessee,central-florida,0.7785954,Tennessee,UCF,6,10,56,34
tennessee,clemson,0.6737773,Tennessee,Clemson,6,8,56,42
tennessee,connecticut,0.53533196,Tennessee,Connecticut,6,2,56,35
tennessee,duke,0.2421289,Tennessee,Duke,6,1,56,9
tennessee,florida,0.31096026,Tennessee,Florida,6,1,56,40
tennessee,furman,0.9672088,Tennessee,Furman,6,15,56,38
tennessee,georgia,0.6693416,Tennessee,Georgia,6,8,56,43
tennessee,gonzaga,0.4379562,Tennessee,Gonzaga,6,3,56,29
tennessee,hawaii,0.9466481,Tennessee,Hawaii,6,13,56,25
tennessee,high-point,0.8547692,Tennessee,High Point,6,12,56,20
tennessee,hofstra,0.94865835,Tennessee,Hofstra,6,13,56,54
tennessee,houston,0.38641346,Tennessee,Houston,6,2,56,63
tennessee,howard,0.9399356,Tennessee,Howard,6,16,56,2
tennessee,idaho,0.9612548,Tennessee,Idaho,6,15,56,64
tennessee,illinois,0.42943776,Tennessee,Illinois,6,3,56,57
tennessee,iowa,0.6855023,Tennessee,Iowa,6,9,56,44
tennessee,iowa-state,0.42708653,Tennessee,Iowa State,6,2,56,67
tennessee,kansas,0.63345534,Tennessee,Kansas,6,4,56,21
tennessee,kennesaw-state,0.953889,Tennessee,Kennesaw State,6,14,56,31
tennessee,kentucky,0.59787124,Tennessee,Kentucky,6,7,56,65
tennessee,lehigh,0.98163694,Tennessee,Lehigh,6,16,56,6
tennessee,long-island-university,0.9599045,Tennessee,Long Island University,6,16,56,12
tennessee,louisville,0.5777078,Tennessee,Louisville,6,6,56,24
tennessee,maryland-baltimore-county,0.9542298,Tennessee,Maryland-Baltimore County,6,16,56,1
tennessee,mcneese-state,0.8385174,Tennessee,McNeese State,6,12,56,48
tennessee,miami-fl,0.7930825,Tennessee,Miami (FL),6,7,56,33
tennessee,miami-oh,0.9442629,Tennessee,Miami (OH),6,11,56,5
tennessee,michigan,0.3141115,Tennessee,Michigan,6,1,56,41
tennessee,michigan-state,0.5182346,Tennessee,Michigan State,6,3,56,28
tennessee,missouri,0.7694789,Tennessee,Missouri,6,10,56,36
tennessee,nebraska,0.6013176,Tennessee,Nebraska,6,4,56,50
tennessee,north-carolina,0.6350301,Tennessee,North Carolina,6,6,56,53
tennessee,north-carolina-state,0.79064953,Tennessee,NC State,6,11,56,8
tennessee,north-dakota-state,0.94482976,Tennessee,North Dakota State,6,14,56,30
tennessee,northern-iowa,0.9068034,Tennessee,Northern Iowa,6,12,56,19
tennessee,ohio-state,0.6547499,Tennessee,Ohio State,6,8,56,13
tennessee,pennsylvania,0.97008353,Tennessee,Pennsylvania,6,14,56,59
tennessee,prairie-view,0.9666477,Tennessee,Prairie View,6,16,56,4
tennessee,purdue,0.42433357,Tennessee,Purdue,6,2,56,37
tennessee,queens-nc,0.97243047,Tennessee,Queens (NC),6,15,56,39
tennessee,saint-louis,0.8406586,Tennessee,Saint Louis,6,9,56,45
tennessee,saint-marys-ca,0.6133787,Tennessee,Saint Mary's (CA),6,7,56,61
tennessee,santa-clara,0.7359071,Tennessee,Santa Clara,6,10,56,66
tennessee,siena,0.9617944,Tennessee,Siena,6,16,56,11
tennessee,south-florida,0.9009156,Tennessee,South Florida,6,11,56,26
tennessee,southern-methodist,0.75821865,Tennessee,Southern Methodist,6,11,56,7
tennessee,st-johns-ny,0.5721367,Tennessee,St. John's (NY),6,5,56,17
tennessee,tennessee-state,0.9453334,Tennessee,Tennessee State,6,15,56,68
tennessee,texas,0.65258723,Tennessee,Texas,6,11,56,3
tennessee,texas-am,0.66561836,Tennessee,Texas A&M,6,10,56,62
tennessee,texas-christian,0.69255185,Tennessee,TCU,6,9,56,15
tennessee,texas-tech,0.5984579,Tennessee,Texas Tech,6,5,56,47
tennessee,troy,0.97384906,Tennessee,Troy,6,13,56,52
tennessee,ucla,0.5877851,Tennessee,UCLA,6,7,56,32
tennessee,utah-state,0.6692635,Tennessee,Utah State,6,9,56,16
tennessee,vanderbilt,0.550471,Tennessee,Vanderbilt,6,5,56,46
tennessee,villanova,0.72272474,Tennessee,Villanova,6,8,56,14
tennessee,virginia,0.6388587,Tennessee,Virginia,6,3,56,58
tennessee,virginia-commonwealth,0.77200127,Tennessee,Virginia Commonwealth,6,11,56,55
tennessee,wisconsin,0.559619,Tennessee,Wisconsin,6,5,56,18
tennessee,wright-state,0.94808376,Tennessee,Wright State,6,14,56,60
tennessee-state,akron,0.30326116,Tennessee State,Akron,15,12,68,49
tennessee-state,alabama,0.03927046,Tennessee State,Alabama,15,4,68,51
tennessee-state,arizona,0.02995968,Tennessee State,Arizona,15,1,68,10
tennessee-state,arkansas,0.04369894,Tennessee State,Arkansas,15,4,68,22
tennessee-state,brigham-young,0.074070945,Tennessee State,Brigham Young,15,6,68,27
tennessee-state,california-baptist,0.5021153,Tennessee State,California Baptist,15,13,68,23
tennessee-state,central-florida,0.13082685,Tennessee State,UCF,15,10,68,34
tennessee-state,clemson,0.038413614,Tennessee State,Clemson,15,8,68,42
tennessee-state,connecticut,0.030780662,Tennessee State,Connecticut,15,2,68,35
tennessee-state,duke,0.01879,Tennessee State,Duke,15,1,68,9
tennessee-state,florida,0.023864603,Tennessee State,Florida,15,1,68,40
tennessee-state,furman,0.5267974,Tennessee State,Furman,15,15,68,38
tennessee-state,georgia,0.087303884,Tennessee State,Georgia,15,8,68,43
tennessee-state,gonzaga,0.02732632,Tennessee State,Gonzaga,15,3,68,29
tennessee-state,hawaii,0.44472587,Tennessee State,Hawaii,15,13,68,25
tennessee-state,high-point,0.19833818,Tennessee State,High Point,15,12,68,20
tennessee-state,hofstra,0.35832217,Tennessee State,Hofstra,15,13,68,54
tennessee-state,houston,0.024422055,Tennessee State,Houston,15,2,68,63
tennessee-state,howard,0.5301222,Tennessee State,Howard,15,16,68,2
tennessee-state,idaho,0.5342297,Tennessee State,Idaho,15,15,68,64
tennessee-state,illinois,0.034875043,Tennessee State,Illinois,15,3,68,57
tennessee-state,iowa,0.120796114,Tennessee State,Iowa,15,9,68,44
tennessee-state,iowa-state,0.024142323,Tennessee State,Iowa State,15,2,68,67
tennessee-state,kansas,0.04948708,Tennessee State,Kansas,15,4,68,21
tennessee-state,kennesaw-state,0.32661566,Tennessee State,Kennesaw State,15,14,68,31
tennessee-state,kentucky,0.046412107,Tennessee State,Kentucky,15,7,68,65
tennessee-state,lehigh,0.733631,Tennessee State,Lehigh,15,16,68,6
tennessee-state,long-island-university,0.63720155,Tennessee State,Long Island University,15,16,68,12
tennessee-state,louisville,0.03505804,Tennessee State,Louisville,15,6,68,24
tennessee-state,maryland-baltimore-county,0.5555485,Tennessee State,Maryland-Baltimore County,15,16,68,1
tennessee-state,mcneese-state,0.23486033,Tennessee State,McNeese State,15,12,68,48
tennessee-state,miami-fl,0.11813732,Tennessee State,Miami (FL),15,7,68,33
tennessee-state,miami-oh,0.31389552,Tennessee State,Miami (OH),15,11,68,5
tennessee-state,michigan,0.024840996,Tennessee State,Michigan,15,1,68,41
tennessee-state,michigan-state,0.04098569,Tennessee State,Michigan State,15,3,68,28
tennessee-state,missouri,0.18778275,Tennessee State,Missouri,15,10,68,36
tennessee-state,nebraska,0.043733936,Tennessee State,Nebraska,15,4,68,50
tennessee-state,north-carolina,0.05202337,Tennessee State,North Carolina,15,6,68,53
tennessee-state,north-carolina-state,0.2166371,Tennessee State,NC State,15,11,68,8
tennessee-state,north-dakota-state,0.3747372,Tennessee State,North Dakota State,15,14,68,30
tennessee-state,northern-iowa,0.27038968,Tennessee State,Northern Iowa,15,12,68,19
tennessee-state,ohio-state,0.056554586,Tennessee State,Ohio State,15,8,68,13
tennessee-state,pennsylvania,0.50146633,Tennessee State,Pennsylvania,15,14,68,59
tennessee-state,prairie-view,0.8136111,Tennessee State,Prairie View,15,16,68,4
tennessee-state,purdue,0.027600072,Tennessee State,Purdue,15,2,68,37
tennessee-state,queens-nc,0.4694828,Tennessee State,Queens (NC),15,15,68,39
tennessee-state,saint-louis,0.16335256,Tennessee State,Saint Louis,15,9,68,45
tennessee-state,saint-marys-ca,0.028073018,Tennessee State,Saint Mary's (CA),15,7,68,61
tennessee-state,santa-clara,0.07921919,Tennessee State,Santa Clara,15,10,68,66
tennessee-state,siena,0.6089994,Tennessee State,Siena,15,16,68,11
tennessee-state,south-florida,0.2136819,Tennessee State,South Florida,15,11,68,26
tennessee-state,southern-methodist,0.09639918,Tennessee State,Southern Methodist,15,11,68,7
tennessee-state,st-johns-ny,0.044329204,Tennessee State,St. John's (NY),15,5,68,17
tennessee-state,tennessee,0.04065508,Tennessee State,Tennessee,15,6,68,56
tennessee-state,texas,0.0879962,Tennessee State,Texas,15,11,68,3
tennessee-state,texas-am,0.040359564,Tennessee State,Texas A&M,15,10,68,62
tennessee-state,texas-christian,0.090318576,Tennessee State,TCU,15,9,68,15
tennessee-state,texas-tech,0.067378715,Tennessee State,Texas Tech,15,5,68,47
tennessee-state,troy,0.4017487,Tennessee State,Troy,15,13,68,52
tennessee-state,ucla,0.053708144,Tennessee State,UCLA,15,7,68,32
tennessee-state,utah-state,0.07254871,Tennessee State,Utah State,15,9,68,16
tennessee-state,vanderbilt,0.053871244,Tennessee State,Vanderbilt,15,5,68,46
tennessee-state,villanova,0.098041795,Tennessee State,Villanova,15,8,68,14
tennessee-state,virginia,0.0613804,Tennessee State,Virginia,15,3,68,58
tennessee-state,virginia-commonwealth,0.12067382,Tennessee State,Virginia Commonwealth,15,11,68,55
tennessee-state,wisconsin,0.04748296,Tennessee State,Wisconsin,15,5,68,18
tennessee-state,wright-state,0.3985087,Tennessee State,Wright State,15,14,68,60
texas,akron,0.80399567,Texas,Akron,11,12,3,49
texas,alabama,0.3263625,Texas,Alabama,11,4,3,51
texas,arizona,0.20807102,Texas,Arizona,11,1,3,10
texas,arkansas,0.36199376,Texas,Arkansas,11,4,3,22
texas,brigham-young,0.40030885,Texas,Brigham Young,11,6,3,27
texas,california-baptist,0.88042486,Texas,California Baptist,11,13,3,23
texas,central-florida,0.5564875,Texas,UCF,11,10,3,34
texas,clemson,0.52114236,Texas,Clemson,11,8,3,42
texas,connecticut,0.32998416,Texas,Connecticut,11,2,3,35
texas,duke,0.09053217,Texas,Duke,11,1,3,9
texas,florida,0.16874148,Texas,Florida,11,1,3,40
texas,furman,0.85880554,Texas,Furman,11,15,3,38
texas,georgia,0.4428395,Texas,Georgia,11,8,3,43
texas,gonzaga,0.22648689,Texas,Gonzaga,11,3,3,29
texas,hawaii,0.8193157,Texas,Hawaii,11,13,3,25
texas,high-point,0.7749397,Texas,High Point,11,12,3,20
texas,hofstra,0.793992,Texas,Hofstra,11,13,3,54
texas,houston,0.17563812,Texas,Houston,11,2,3,63
texas,howard,0.944627,Texas,Howard,11,16,3,2
texas,idaho,0.8881092,Texas,Idaho,11,15,3,64
texas,illinois,0.22172925,Texas,Illinois,11,3,3,57
texas,iowa,0.49008733,Texas,Iowa,11,9,3,44
texas,iowa-state,0.32965034,Texas,Iowa State,11,2,3,67
texas,kansas,0.39951485,Texas,Kansas,11,4,3,21
texas,kennesaw-state,0.77116513,Texas,Kennesaw State,11,14,3,31
texas,kentucky,0.46205634,Texas,Kentucky,11,7,3,65
texas,lehigh,0.96348596,Texas,Lehigh,11,16,3,6
texas,long-island-university,0.95893455,Texas,Long Island University,11,16,3,12
texas,louisville,0.34996402,Texas,Louisville,11,6,3,24
texas,maryland-baltimore-county,0.9293411,Texas,Maryland-Baltimore County,11,16,3,1
texas,mcneese-state,0.6656306,Texas,McNeese State,11,12,3,48
texas,miami-fl,0.45419878,Texas,Miami (FL),11,7,3,33
texas,miami-oh,0.88460535,Texas,Miami (OH),11,11,3,5
texas,michigan,0.14677374,Texas,Michigan,11,1,3,41
texas,michigan-state,0.29032794,Texas,Michigan State,11,3,3,28
texas,missouri,0.5623134,Texas,Missouri,11,10,3,36
texas,nebraska,0.44156918,Texas,Nebraska,11,4,3,50
texas,north-carolina,0.47977272,Texas,North Carolina,11,6,3,53
texas,north-carolina-state,0.51194227,Texas,NC State,11,11,3,8
texas,north-dakota-state,0.7830861,Texas,North Dakota State,11,14,3,30
texas,northern-iowa,0.6818823,Texas,Northern Iowa,11,12,3,19
texas,ohio-state,0.46898347,Texas,Ohio State,11,8,3,13
texas,pennsylvania,0.8880419,Texas,Pennsylvania,11,14,3,59
texas,prairie-view,0.96145505,Texas,Prairie View,11,16,3,4
texas,purdue,0.25075904,Texas,Purdue,11,2,3,37
texas,queens-nc,0.93214667,Texas,Queens (NC),11,15,3,39
texas,saint-louis,0.6429246,Texas,Saint Louis,11,9,3,45
texas,saint-marys-ca,0.35682294,Texas,Saint Mary's (CA),11,7,3,61
texas,santa-clara,0.4459635,Texas,Santa Clara,11,10,3,66
texas,siena,0.91501224,Texas,Siena,11,16,3,11
texas,south-florida,0.66088414,Texas,South Florida,11,11,3,26
texas,southern-methodist,0.49777973,Texas,Southern Methodist,11,11,3,7
texas,st-johns-ny,0.44802296,Texas,St. John's (NY),11,5,3,17
texas,tennessee,0.29867738,Texas,Tennessee,11,6,3,56
texas,tennessee-state,0.93926525,Texas,Tennessee State,11,15,3,68
texas,texas-am,0.4794819,Texas,Texas A&M,11,10,3,62
texas,texas-christian,0.4985198,Texas,TCU,11,9,3,15
texas,texas-tech,0.39256108,Texas,Texas Tech,11,5,3,47
texas,troy,0.77781284,Texas,Troy,11,13,3,52
texas,ucla,0.4286776,Texas,UCLA,11,7,3,32
texas,utah-state,0.5093459,Texas,Utah State,11,9,3,16
texas,vanderbilt,0.32630828,Texas,Vanderbilt,11,5,3,46
texas,villanova,0.53182626,Texas,Villanova,11,8,3,14
texas,virginia,0.34772745,Texas,Virginia,11,3,3,58
texas,virginia-commonwealth,0.63220984,Texas,Virginia Commonwealth,11,11,3,55
texas,wisconsin,0.3912344,Texas,Wisconsin,11,5,3,18
texas,wright-state,0.91145056,Texas,Wright State,11,14,3,60
texas-am,akron,0.883599,Texas A&M,Akron,10,12,62,49
texas-am,alabama,0.33581173,Texas A&M,Alabama,10,4,62,51
texas-am,arizona,0.16059238,Texas A&M,Arizona,10,1,62,10
texas-am,arkansas,0.39515293,Texas A&M,Arkansas,10,4,62,22
texas-am,brigham-young,0.40873057,Texas A&M,Brigham Young,10,6,62,27
texas-am,california-baptist,0.9299075,Texas A&M,California Baptist,10,13,62,23
texas-am,central-florida,0.6041988,Texas A&M,UCF,10,10,62,34
texas-am,clemson,0.49450308,Texas A&M,Clemson,10,8,62,42
texas-am,connecticut,0.32203287,Texas A&M,Connecticut,10,2,62,35
texas-am,duke,0.07431196,Texas A&M,Duke,10,1,62,9
texas-am,florida,0.1450813,Texas A&M,Florida,10,1,62,40
texas-am,furman,0.9378998,Texas A&M,Furman,10,15,62,38
texas-am,georgia,0.4990852,Texas A&M,Georgia,10,8,62,43
texas-am,gonzaga,0.3283382,Texas A&M,Gonzaga,10,3,62,29
texas-am,hawaii,0.9268625,Texas A&M,Hawaii,10,13,62,25
texas-am,high-point,0.78409696,Texas A&M,High Point,10,12,62,20
texas-am,hofstra,0.89301085,Texas A&M,Hofstra,10,13,62,54
texas-am,houston,0.17924283,Texas A&M,Houston,10,2,62,63
texas-am,howard,0.9256518,Texas A&M,Howard,10,16,62,2
texas-am,idaho,0.9427544,Texas A&M,Idaho,10,15,62,64
texas-am,illinois,0.19762139,Texas A&M,Illinois,10,3,62,57
texas-am,iowa,0.45288002,Texas A&M,Iowa,10,9,62,44
texas-am,iowa-state,0.25593808,Texas A&M,Iowa State,10,2,62,67
texas-am,kansas,0.47753233,Texas A&M,Kansas,10,4,62,21
texas-am,kennesaw-state,0.8916008,Texas A&M,Kennesaw State,10,14,62,31
texas-am,kentucky,0.45980692,Texas A&M,Kentucky,10,7,62,65
texas-am,lehigh,0.9586742,Texas A&M,Lehigh,10,16,62,6
texas-am,long-island-university,0.9335982,Texas A&M,Long Island University,10,16,62,12
texas-am,louisville,0.40820473,Texas A&M,Louisville,10,6,62,24
texas-am,maryland-baltimore-county,0.9155176,Texas A&M,Maryland-Baltimore County,10,16,62,1
texas-am,mcneese-state,0.8379405,Texas A&M,McNeese State,10,12,62,48
texas-am,miami-fl,0.48469323,Texas A&M,Miami (FL),10,7,62,33
texas-am,miami-oh,0.91811234,Texas A&M,Miami (OH),10,11,62,5
texas-am,michigan,0.17111167,Texas A&M,Michigan,10,1,62,41
texas-am,michigan-state,0.30828694,Texas A&M,Michigan State,10,3,62,28
texas-am,missouri,0.5534336,Texas A&M,Missouri,10,10,62,36
texas-am,nebraska,0.42953467,Texas A&M,Nebraska,10,4,62,50
texas-am,north-carolina,0.46621716,Texas A&M,North Carolina,10,6,62,53
texas-am,north-carolina-state,0.47325885,Texas A&M,NC State,10,11,62,8
texas-am,north-dakota-state,0.92219913,Texas A&M,North Dakota State,10,14,62,30
texas-am,northern-iowa,0.80504614,Texas A&M,Northern Iowa,10,12,62,19
texas-am,ohio-state,0.43456027,Texas A&M,Ohio State,10,8,62,13
texas-am,pennsylvania,0.952854,Texas A&M,Pennsylvania,10,14,62,59
texas-am,prairie-view,0.90705764,Texas A&M,Prairie View,10,16,62,4
texas-am,purdue,0.2459344,Texas A&M,Purdue,10,2,62,37
texas-am,queens-nc,0.946702,Texas A&M,Queens (NC),10,15,62,39
texas-am,saint-louis,0.6689877,Texas A&M,Saint Louis,10,9,62,45
texas-am,saint-marys-ca,0.4913882,Texas A&M,Saint Mary's (CA),10,7,62,61
texas-am,santa-clara,0.5902084,Texas A&M,Santa Clara,10,10,62,66
texas-am,siena,0.91525275,Texas A&M,Siena,10,16,62,11
texas-am,south-florida,0.77104557,Texas A&M,South Florida,10,11,62,26
texas-am,southern-methodist,0.5623511,Texas A&M,Southern Methodist,10,11,62,7
texas-am,st-johns-ny,0.44629267,Texas A&M,St. John's (NY),10,5,62,17
texas-am,tennessee,0.34272242,Texas A&M,Tennessee,10,6,62,56
texas-am,tennessee-state,0.95040005,Texas A&M,Tennessee State,10,15,62,68
texas-am,texas,0.500908,Texas A&M,Texas,10,11,62,3
texas-am,texas-christian,0.52528733,Texas A&M,TCU,10,9,62,15
texas-am,texas-tech,0.36996216,Texas A&M,Texas Tech,10,5,62,47
texas-am,troy,0.8843586,Texas A&M,Troy,10,13,62,52
texas-am,ucla,0.39885476,Texas A&M,UCLA,10,7,62,32
texas-am,utah-state,0.58114237,Texas A&M,Utah State,10,9,62,16
texas-am,vanderbilt,0.358179,Texas A&M,Vanderbilt,10,5,62,46
texas-am,villanova,0.57517284,Texas A&M,Villanova,10,8,62,14
texas-am,virginia,0.31693456,Texas A&M,Virginia,10,3,62,58
texas-am,virginia-commonwealth,0.66555244,Texas A&M,Virginia Commonwealth,10,11,62,55
texas-am,wisconsin,0.42125893,Texas A&M,Wisconsin,10,5,62,18
texas-am,wright-state,0.9436599,Texas A&M,Wright State,10,14,62,60
texas-christian,akron,0.7701172,TCU,Akron,9,12,15,49
texas-christian,alabama,0.29972568,TCU,Alabama,9,4,15,51
texas-christian,arizona,0.14455944,TCU,Arizona,9,1,15,10
texas-christian,arkansas,0.3755,TCU,Arkansas,9,4,15,22
texas-christian,brigham-young,0.45755666,TCU,Brigham Young,9,6,15,27
texas-christian,california-baptist,0.8249373,TCU,California Baptist,9,13,15,23
texas-christian,central-florida,0.63250846,TCU,UCF,9,10,15,34
texas-christian,clemson,0.5127679,TCU,Clemson,9,8,15,42
texas-christian,connecticut,0.33145243,TCU,Connecticut,9,2,15,35
texas-christian,duke,0.06786799,TCU,Duke,9,1,15,9
texas-christian,florida,0.1274099,TCU,Florida,9,1,15,40
texas-christian,furman,0.9317782,TCU,Furman,9,15,15,38
texas-christian,georgia,0.5241451,TCU,Georgia,9,8,15,43
texas-christian,gonzaga,0.24226159,TCU,Gonzaga,9,3,15,29
texas-christian,hawaii,0.86010736,TCU,Hawaii,9,13,15,25
texas-christian,high-point,0.7375452,TCU,High Point,9,12,15,20
texas-christian,hofstra,0.7978858,TCU,Hofstra,9,13,15,54
texas-christian,houston,0.15051565,TCU,Houston,9,2,15,63
texas-christian,howard,0.91367817,TCU,Howard,9,16,15,2
texas-christian,idaho,0.9496942,TCU,Idaho,9,15,15,64
texas-christian,illinois,0.21687038,TCU,Illinois,9,3,15,57
texas-christian,iowa,0.4739613,TCU,Iowa,9,9,15,44
texas-christian,iowa-state,0.25490156,TCU,Iowa State,9,2,15,67
texas-christian,kansas,0.45023087,TCU,Kansas,9,4,15,21
texas-christian,kennesaw-state,0.8224207,TCU,Kennesaw State,9,14,15,31
texas-christian,kentucky,0.39793816,TCU,Kentucky,9,7,15,65
texas-christian,lehigh,0.98349965,TCU,Lehigh,9,16,15,6
texas-christian,long-island-university,0.93940586,TCU,Long Island University,9,16,15,12
texas-christian,louisville,0.41320893,TCU,Louisville,9,6,15,24
texas-christian,maryland-baltimore-county,0.9399582,TCU,Maryland-Baltimore County,9,16,15,1
texas-christian,mcneese-state,0.65619385,TCU,McNeese State,9,12,15,48
texas-christian,miami-fl,0.472574,TCU,Miami (FL),9,7,15,33
texas-christian,miami-oh,0.8854767,TCU,Miami (OH),9,11,15,5
texas-christian,michigan,0.16274324,TCU,Michigan,9,1,15,41
texas-christian,michigan-state,0.28682393,TCU,Michigan State,9,3,15,28
texas-christian,missouri,0.61180913,TCU,Missouri,9,10,15,36
texas-christian,nebraska,0.42084605,TCU,Nebraska,9,4,15,50
texas-christian,north-carolina,0.47974512,TCU,North Carolina,9,6,15,53
texas-christian,north-carolina-state,0.52589005,TCU,NC State,9,11,15,8
texas-christian,north-dakota-state,0.80020285,TCU,North Dakota State,9,14,15,30
texas-christian,northern-iowa,0.7101013,TCU,Northern Iowa,9,12,15,19
texas-christian,ohio-state,0.50017625,TCU,Ohio State,9,8,15,13
texas-christian,pennsylvania,0.92630494,TCU,Pennsylvania,9,14,15,59
texas-christian,prairie-view,0.9755005,TCU,Prairie View,9,16,15,4
texas-christian,purdue,0.26970023,TCU,Purdue,9,2,15,37
texas-christian,queens-nc,0.92513746,TCU,Queens (NC),9,15,15,39
texas-christian,saint-louis,0.6371198,TCU,Saint Louis,9,9,15,45
texas-christian,saint-marys-ca,0.34875348,TCU,Saint Mary's (CA),9,7,15,61
texas-christian,santa-clara,0.58548063,TCU,Santa Clara,9,10,15,66
texas-christian,siena,0.954907,TCU,Siena,9,16,15,11
texas-christian,south-florida,0.68907607,TCU,South Florida,9,11,15,26
texas-christian,southern-methodist,0.55942535,TCU,Southern Methodist,9,11,15,7
texas-christian,st-johns-ny,0.3663312,TCU,St. John's (NY),9,5,15,17
texas-christian,tennessee,0.30081254,TCU,Tennessee,9,6,15,56
texas-christian,tennessee-state,0.91251975,TCU,Tennessee State,9,15,15,68
texas-christian,texas,0.54260653,TCU,Texas,9,11,15,3
texas-christian,texas-am,0.5059549,TCU,Texas A&M,9,10,15,62
texas-christian,texas-tech,0.43888715,TCU,Texas Tech,9,5,15,47
texas-christian,troy,0.8001609,TCU,Troy,9,13,15,52
texas-christian,ucla,0.4545778,TCU,UCLA,9,7,15,32
texas-christian,utah-state,0.4697504,TCU,Utah State,9,9,15,16
texas-christian,vanderbilt,0.36043832,TCU,Vanderbilt,9,5,15,46
texas-christian,villanova,0.52646494,TCU,Villanova,9,8,15,14
texas-christian,virginia,0.34520552,TCU,Virginia,9,3,15,58
texas-christian,virginia-commonwealth,0.60937136,TCU,Virginia Commonwealth,9,11,15,55
texas-christian,wisconsin,0.37163892,TCU,Wisconsin,9,5,15,18
texas-christian,wright-state,0.8635897,TCU,Wright State,9,14,15,60
texas-tech,akron,0.87095946,Texas Tech,Akron,5,12,47,49
texas-tech,alabama,0.50267625,Texas Tech,Alabama,5,4,47,51
texas-tech,arizona,0.28593338,Texas Tech,Arizona,5,1,47,10
texas-tech,arkansas,0.543113,Texas Tech,Arkansas,5,4,47,22
texas-tech,brigham-young,0.5336058,Texas Tech,Brigham Young,5,6,47,27
texas-tech,california-baptist,0.94236624,Texas Tech,California Baptist,5,13,47,23
texas-tech,central-florida,0.72032773,Texas Tech,UCF,5,10,47,34
texas-tech,clemson,0.6581802,Texas Tech,Clemson,5,8,47,42
texas-tech,connecticut,0.4679834,Texas Tech,Connecticut,5,2,47,35
texas-tech,duke,0.19336854,Texas Tech,Duke,5,1,47,9
texas-tech,florida,0.26037678,Texas Tech,Florida,5,1,47,40
texas-tech,furman,0.9595315,Texas Tech,Furman,5,15,47,38
texas-tech,georgia,0.5829122,Texas Tech,Georgia,5,8,47,43
texas-tech,gonzaga,0.35713822,Texas Tech,Gonzaga,5,3,47,29
texas-tech,hawaii,0.9135683,Texas Tech,Hawaii,5,13,47,25
texas-tech,high-point,0.8611634,Texas Tech,High Point,5,12,47,20
texas-tech,hofstra,0.8859059,Texas Tech,Hofstra,5,13,47,54
texas-tech,houston,0.40794298,Texas Tech,Houston,5,2,47,63
texas-tech,howard,0.9419976,Texas Tech,Howard,5,16,47,2
texas-tech,idaho,0.9458817,Texas Tech,Idaho,5,15,47,64
texas-tech,illinois,0.29280686,Texas Tech,Illinois,5,3,47,57
texas-tech,iowa,0.59962595,Texas Tech,Iowa,5,9,47,44
texas-tech,iowa-state,0.37102598,Texas Tech,Iowa State,5,2,47,67
texas-tech,kansas,0.55742013,Texas Tech,Kansas,5,4,47,21
texas-tech,kennesaw-state,0.93774915,Texas Tech,Kennesaw State,5,14,47,31
texas-tech,kentucky,0.5444546,Texas Tech,Kentucky,5,7,47,65
texas-tech,lehigh,0.98136294,Texas Tech,Lehigh,5,16,47,6
texas-tech,long-island-university,0.944914,Texas Tech,Long Island University,5,16,47,12
texas-tech,louisville,0.50773764,Texas Tech,Louisville,5,6,47,24
texas-tech,maryland-baltimore-county,0.95982933,Texas Tech,Maryland-Baltimore County,5,16,47,1
texas-tech,mcneese-state,0.6967436,Texas Tech,McNeese State,5,12,47,48
texas-tech,miami-fl,0.6975701,Texas Tech,Miami (FL),5,7,47,33
texas-tech,miami-oh,0.9465205,Texas Tech,Miami (OH),5,11,47,5
texas-tech,michigan,0.28360036,Texas Tech,Michigan,5,1,47,41
texas-tech,michigan-state,0.41125256,Texas Tech,Michigan State,5,3,47,28
texas-tech,missouri,0.7196099,Texas Tech,Missouri,5,10,47,36
texas-tech,nebraska,0.47392333,Texas Tech,Nebraska,5,4,47,50
texas-tech,north-carolina,0.6107301,Texas Tech,North Carolina,5,6,47,53
texas-tech,north-carolina-state,0.74488014,Texas Tech,NC State,5,11,47,8
texas-tech,north-dakota-state,0.9154401,Texas Tech,North Dakota State,5,14,47,30
texas-tech,northern-iowa,0.8677678,Texas Tech,Northern Iowa,5,12,47,19
texas-tech,ohio-state,0.61528087,Texas Tech,Ohio State,5,8,47,13
texas-tech,pennsylvania,0.9454632,Texas Tech,Pennsylvania,5,14,47,59
texas-tech,prairie-view,0.97905207,Texas Tech,Prairie View,5,16,47,4
texas-tech,purdue,0.39901808,Texas Tech,Purdue,5,2,47,37
texas-tech,queens-nc,0.97547805,Texas Tech,Queens (NC),5,15,47,39
texas-tech,saint-louis,0.77426445,Texas Tech,Saint Louis,5,9,47,45
texas-tech,saint-marys-ca,0.47073507,Texas Tech,Saint Mary's (CA),5,7,47,61
texas-tech,santa-clara,0.6400728,Texas Tech,Santa Clara,5,10,47,66
texas-tech,siena,0.97534275,Texas Tech,Siena,5,16,47,11
texas-tech,south-florida,0.8115287,Texas Tech,South Florida,5,11,47,26
texas-tech,southern-methodist,0.64643085,Texas Tech,Southern Methodist,5,11,47,7
texas-tech,st-johns-ny,0.49466136,Texas Tech,St. John's (NY),5,5,47,17
texas-tech,tennessee,0.3746031,Texas Tech,Tennessee,5,6,47,56
texas-tech,tennessee-state,0.94662315,Texas Tech,Tennessee State,5,15,47,68
texas-tech,texas,0.59150076,Texas Tech,Texas,5,11,47,3
texas-tech,texas-am,0.65835524,Texas Tech,Texas A&M,5,10,47,62
texas-tech,texas-christian,0.5983225,Texas Tech,TCU,5,9,47,15
texas-tech,troy,0.8972823,Texas Tech,Troy,5,13,47,52
texas-tech,ucla,0.56571436,Texas Tech,UCLA,5,7,47,32
texas-tech,utah-state,0.56786233,Texas Tech,Utah State,5,9,47,16
texas-tech,vanderbilt,0.5096203,Texas Tech,Vanderbilt,5,5,47,46
texas-tech,villanova,0.66571045,Texas Tech,Villanova,5,8,47,14
texas-tech,virginia,0.47238418,Texas Tech,Virginia,5,3,47,58
texas-tech,virginia-commonwealth,0.7223797,Texas Tech,Virginia Commonwealth,5,11,47,55
texas-tech,wisconsin,0.5291643,Texas Tech,Wisconsin,5,5,47,18
texas-tech,wright-state,0.92912376,Texas Tech,Wright State,5,14,47,60
troy,akron,0.3634123,Troy,Akron,13,12,52,49
troy,alabama,0.07663822,Troy,Alabama,13,4,52,51
troy,arizona,0.047599316,Troy,Arizona,13,1,52,10
troy,arkansas,0.103528716,Troy,Arkansas,13,4,52,22
troy,brigham-young,0.17679141,Troy,Brigham Young,13,6,52,27
troy,california-baptist,0.60792214,Troy,California Baptist,13,13,52,23
troy,central-florida,0.22534354,Troy,UCF,13,10,52,34
troy,clemson,0.20710883,Troy,Clemson,13,8,52,42
troy,connecticut,0.061792795,Troy,Connecticut,13,2,52,35
troy,duke,0.029960657,Troy,Duke,13,1,52,9
troy,florida,0.020657696,Troy,Florida,13,1,52,40
troy,furman,0.6218954,Troy,Furman,13,15,52,38
troy,georgia,0.15975538,Troy,Georgia,13,8,52,43
troy,gonzaga,0.052418243,Troy,Gonzaga,13,3,52,29
troy,hawaii,0.5413408,Troy,Hawaii,13,13,52,25
troy,high-point,0.28667104,Troy,High Point,13,12,52,20
troy,hofstra,0.40273663,Troy,Hofstra,13,13,52,54
troy,houston,0.02544363,Troy,Houston,13,2,52,63
troy,howard,0.5744836,Troy,Howard,13,16,52,2
troy,idaho,0.5794928,Troy,Idaho,13,15,52,64
troy,illinois,0.039873492,Troy,Illinois,13,3,52,57
troy,iowa,0.2028208,Troy,Iowa,13,9,52,44
troy,iowa-state,0.053486675,Troy,Iowa State,13,2,52,67
troy,kansas,0.0704414,Troy,Kansas,13,4,52,21
troy,kennesaw-state,0.5136486,Troy,Kennesaw State,13,14,52,31
troy,kentucky,0.07602515,Troy,Kentucky,13,7,52,65
troy,lehigh,0.83185226,Troy,Lehigh,13,16,52,6
troy,long-island-university,0.7353202,Troy,Long Island University,13,16,52,12
troy,louisville,0.09213958,Troy,Louisville,13,6,52,24
troy,maryland-baltimore-county,0.62605226,Troy,Maryland-Baltimore County,13,16,52,1
troy,mcneese-state,0.30751726,Troy,McNeese State,13,12,52,48
troy,miami-fl,0.20156623,Troy,Miami (FL),13,7,52,33
troy,miami-oh,0.47082266,Troy,Miami (OH),13,11,52,5
troy,michigan,0.055532053,Troy,Michigan,13,1,52,41
troy,michigan-state,0.07979733,Troy,Michigan State,13,3,52,28
troy,missouri,0.27001286,Troy,Missouri,13,10,52,36
troy,nebraska,0.12511615,Troy,Nebraska,13,4,52,50
troy,north-carolina,0.19951233,Troy,North Carolina,13,6,52,53
troy,north-carolina-state,0.25537908,Troy,NC State,13,11,52,8
troy,north-dakota-state,0.39356676,Troy,North Dakota State,13,14,52,30
troy,northern-iowa,0.26661587,Troy,Northern Iowa,13,12,52,19
troy,ohio-state,0.110319406,Troy,Ohio State,13,8,52,13
troy,pennsylvania,0.59997934,Troy,Pennsylvania,13,14,52,59
troy,prairie-view,0.8865464,Troy,Prairie View,13,16,52,4
troy,purdue,0.09200378,Troy,Purdue,13,2,52,37
troy,queens-nc,0.6428003,Troy,Queens (NC),13,15,52,39
troy,saint-louis,0.22955415,Troy,Saint Louis,13,9,52,45
troy,saint-marys-ca,0.084626265,Troy,Saint Mary's (CA),13,7,52,61
troy,santa-clara,0.21632925,Troy,Santa Clara,13,10,52,66
troy,siena,0.69327855,Troy,Siena,13,16,52,11
troy,south-florida,0.22965284,Troy,South Florida,13,11,52,26
troy,southern-methodist,0.32333252,Troy,Southern Methodist,13,11,52,7
troy,st-johns-ny,0.081413284,Troy,St. John's (NY),13,5,52,17
troy,tennessee,0.054439757,Troy,Tennessee,13,6,52,56
troy,tennessee-state,0.62225395,Troy,Tennessee State,13,15,52,68
troy,texas,0.23844989,Troy,Texas,13,11,52,3
troy,texas-am,0.10032911,Troy,Texas A&M,13,10,52,62
troy,texas-christian,0.16023628,Troy,TCU,13,9,52,15
troy,texas-tech,0.10094819,Troy,Texas Tech,13,5,52,47
troy,ucla,0.17256492,Troy,UCLA,13,7,52,32
troy,utah-state,0.21266918,Troy,Utah State,13,9,52,16
troy,vanderbilt,0.107246265,Troy,Vanderbilt,13,5,52,46
troy,villanova,0.2233599,Troy,Villanova,13,8,52,14
troy,virginia,0.10000071,Troy,Virginia,13,3,52,58
troy,virginia-commonwealth,0.26515052,Troy,Virginia Commonwealth,13,11,52,55
troy,wisconsin,0.11547842,Troy,Wisconsin,13,5,52,18
troy,wright-state,0.569536,Troy,Wright State,13,14,52,60
ucla,akron,0.8947466,UCLA,Akron,7,12,32,49
ucla,alabama,0.4137881,UCLA,Alabama,7,4,32,51
ucla,arizona,0.22594744,UCLA,Arizona,7,1,32,10
ucla,arkansas,0.42351264,UCLA,Arkansas,7,4,32,22
ucla,brigham-young,0.4806018,UCLA,Brigham Young,7,6,32,27
ucla,california-baptist,0.9281914,UCLA,California Baptist,7,13,32,23
ucla,central-florida,0.6850432,UCLA,UCF,7,10,32,34
ucla,clemson,0.6199757,UCLA,Clemson,7,8,32,42
ucla,connecticut,0.3527866,UCLA,Connecticut,7,2,32,35
ucla,duke,0.11594635,UCLA,Duke,7,1,32,9
ucla,florida,0.20573586,UCLA,Florida,7,1,32,40
ucla,furman,0.9340732,UCLA,Furman,7,15,32,38
ucla,georgia,0.50757045,UCLA,Georgia,7,8,32,43
ucla,gonzaga,0.30858484,UCLA,Gonzaga,7,3,32,29
ucla,hawaii,0.89590704,UCLA,Hawaii,7,13,32,25
ucla,high-point,0.8736134,UCLA,High Point,7,12,32,20
ucla,hofstra,0.9038022,UCLA,Hofstra,7,13,32,54
ucla,houston,0.25706387,UCLA,Houston,7,2,32,63
ucla,howard,0.91808903,UCLA,Howard,7,16,32,2
ucla,idaho,0.9409347,UCLA,Idaho,7,15,32,64
ucla,illinois,0.26820338,UCLA,Illinois,7,3,32,57
ucla,iowa,0.5870336,UCLA,Iowa,7,9,32,44
ucla,iowa-state,0.2773606,UCLA,Iowa State,7,2,32,67
ucla,kansas,0.5004306,UCLA,Kansas,7,4,32,21
ucla,kennesaw-state,0.8967774,UCLA,Kennesaw State,7,14,32,31
ucla,kentucky,0.49073496,UCLA,Kentucky,7,7,32,65
ucla,lehigh,0.9837458,UCLA,Lehigh,7,16,32,6
ucla,long-island-university,0.9469278,UCLA,Long Island University,7,16,32,12
ucla,louisville,0.4755076,UCLA,Louisville,7,6,32,24
ucla,maryland-baltimore-county,0.9596203,UCLA,Maryland-Baltimore County,7,16,32,1
ucla,mcneese-state,0.72179157,UCLA,McNeese State,7,12,32,48
ucla,miami-fl,0.55634207,UCLA,Miami (FL),7,7,32,33
ucla,miami-oh,0.95252526,UCLA,Miami (OH),7,11,32,5
ucla,michigan,0.20925574,UCLA,Michigan,7,1,32,41
ucla,michigan-state,0.36536276,UCLA,Michigan State,7,3,32,28
ucla,missouri,0.667453,UCLA,Missouri,7,10,32,36
ucla,nebraska,0.422478,UCLA,Nebraska,7,4,32,50
ucla,north-carolina,0.5485175,UCLA,North Carolina,7,6,32,53
ucla,north-carolina-state,0.6103232,UCLA,NC State,7,11,32,8
ucla,north-dakota-state,0.8799212,UCLA,North Dakota State,7,14,32,30
ucla,northern-iowa,0.7991096,UCLA,Northern Iowa,7,12,32,19
ucla,ohio-state,0.58107466,UCLA,Ohio State,7,8,32,13
ucla,pennsylvania,0.9069622,UCLA,Pennsylvania,7,14,32,59
ucla,prairie-view,0.9628449,UCLA,Prairie View,7,16,32,4
ucla,purdue,0.34563828,UCLA,Purdue,7,2,32,37
ucla,queens-nc,0.9729601,UCLA,Queens (NC),7,15,32,39
ucla,saint-louis,0.67441493,UCLA,Saint Louis,7,9,32,45
ucla,saint-marys-ca,0.40379265,UCLA,Saint Mary's (CA),7,7,32,61
ucla,santa-clara,0.54275763,UCLA,Santa Clara,7,10,32,66
ucla,siena,0.9500896,UCLA,Siena,7,16,32,11
ucla,south-florida,0.77355,UCLA,South Florida,7,11,32,26
ucla,southern-methodist,0.6523058,UCLA,Southern Methodist,7,11,32,7
ucla,st-johns-ny,0.48490852,UCLA,St. John's (NY),7,5,32,17
ucla,tennessee,0.43092304,UCLA,Tennessee,7,6,32,56
ucla,tennessee-state,0.9408653,UCLA,Tennessee State,7,15,32,68
ucla,texas,0.6310457,UCLA,Texas,7,11,32,3
ucla,texas-am,0.58074224,UCLA,Texas A&M,7,10,32,62
ucla,texas-christian,0.53194577,UCLA,TCU,7,9,32,15
ucla,texas-tech,0.47014937,UCLA,Texas Tech,7,5,32,47
ucla,troy,0.84803915,UCLA,Troy,7,13,32,52
ucla,utah-state,0.4780907,UCLA,Utah State,7,9,32,16
ucla,vanderbilt,0.42244148,UCLA,Vanderbilt,7,5,32,46
ucla,villanova,0.6204087,UCLA,Villanova,7,8,32,14
ucla,virginia,0.40382156,UCLA,Virginia,7,3,32,58
ucla,virginia-commonwealth,0.6957894,UCLA,Virginia Commonwealth,7,11,32,55
ucla,wisconsin,0.48749322,UCLA,Wisconsin,7,5,32,18
ucla,wright-state,0.9578767,UCLA,Wright State,7,14,32,60
utah-state,akron,0.74635345,Utah State,Akron,9,12,16,49
utah-state,alabama,0.25073606,Utah State,Alabama,9,4,16,51
utah-state,arizona,0.21634327,Utah State,Arizona,9,1,16,10
utah-state,arkansas,0.39056274,Utah State,Arkansas,9,4,16,22
utah-state,brigham-young,0.4620739,Utah State,Brigham Young,9,6,16,27
utah-state,california-baptist,0.8416447,Utah State,California Baptist,9,13,16,23
utah-state,central-florida,0.66019374,Utah State,UCF,9,10,16,34
utah-state,clemson,0.56398284,Utah State,Clemson,9,8,16,42
utah-state,connecticut,0.33124846,Utah State,Connecticut,9,2,16,35
utah-state,duke,0.07585895,Utah State,Duke,9,1,16,9
utah-state,florida,0.15626456,Utah State,Florida,9,1,16,40
utah-state,furman,0.8679221,Utah State,Furman,9,15,16,38
utah-state,georgia,0.4825333,Utah State,Georgia,9,8,16,43
utah-state,gonzaga,0.31406358,Utah State,Gonzaga,9,3,16,29
utah-state,hawaii,0.79882026,Utah State,Hawaii,9,13,16,25
utah-state,high-point,0.6803288,Utah State,High Point,9,12,16,20
utah-state,hofstra,0.7825854,Utah State,Hofstra,9,13,16,54
utah-state,houston,0.21808903,Utah State,Houston,9,2,16,63
utah-state,howard,0.91121906,Utah State,Howard,9,16,16,2
utah-state,idaho,0.9098016,Utah State,Idaho,9,15,16,64
utah-state,illinois,0.20930299,Utah State,Illinois,9,3,16,57
utah-state,iowa,0.49944907,Utah State,Iowa,9,9,16,44
utah-state,iowa-state,0.22667953,Utah State,Iowa State,9,2,16,67
utah-state,kansas,0.45986757,Utah State,Kansas,9,4,16,21
utah-state,kennesaw-state,0.78642315,Utah State,Kennesaw State,9,14,16,31
utah-state,kentucky,0.38556805,Utah State,Kentucky,9,7,16,65
utah-state,lehigh,0.96657217,Utah State,Lehigh,9,16,16,6
utah-state,long-island-university,0.94576925,Utah State,Long Island University,9,16,16,12
utah-state,louisville,0.42394027,Utah State,Louisville,9,6,16,24
utah-state,maryland-baltimore-county,0.90058076,Utah State,Maryland-Baltimore County,9,16,16,1
utah-state,mcneese-state,0.6362106,Utah State,McNeese State,9,12,16,48
utah-state,miami-fl,0.5675376,Utah State,Miami (FL),9,7,16,33
utah-state,miami-oh,0.78175175,Utah State,Miami (OH),9,11,16,5
utah-state,michigan,0.19047081,Utah State,Michigan,9,1,16,41
utah-state,michigan-state,0.3349914,Utah State,Michigan State,9,3,16,28
utah-state,missouri,0.6246469,Utah State,Missouri,9,10,16,36
utah-state,nebraska,0.47141302,Utah State,Nebraska,9,4,16,50
utah-state,north-carolina,0.52131,Utah State,North Carolina,9,6,16,53
utah-state,north-carolina-state,0.58192956,Utah State,NC State,9,11,16,8
utah-state,north-dakota-state,0.7376585,Utah State,North Dakota State,9,14,16,30
utah-state,northern-iowa,0.6597212,Utah State,Northern Iowa,9,12,16,19
utah-state,ohio-state,0.51833516,Utah State,Ohio State,9,8,16,13
utah-state,pennsylvania,0.9032497,Utah State,Pennsylvania,9,14,16,59
utah-state,prairie-view,0.9526251,Utah State,Prairie View,9,16,16,4
utah-state,purdue,0.28605357,Utah State,Purdue,9,2,16,37
utah-state,queens-nc,0.9149339,Utah State,Queens (NC),9,15,16,39
utah-state,saint-louis,0.57300365,Utah State,Saint Louis,9,9,16,45
utah-state,saint-marys-ca,0.3893715,Utah State,Saint Mary's (CA),9,7,16,61
utah-state,santa-clara,0.49847597,Utah State,Santa Clara,9,10,16,66
utah-state,siena,0.9392763,Utah State,Siena,9,16,16,11
utah-state,south-florida,0.5734838,Utah State,South Florida,9,11,16,26
utah-state,southern-methodist,0.6125568,Utah State,Southern Methodist,9,11,16,7
utah-state,st-johns-ny,0.4036285,Utah State,St. John's (NY),9,5,16,17
utah-state,tennessee,0.32934415,Utah State,Tennessee,9,6,16,56
utah-state,tennessee-state,0.920289,Utah State,Tennessee State,9,15,16,68
utah-state,texas,0.5535336,Utah State,Texas,9,11,16,3
utah-state,texas-am,0.48980945,Utah State,Texas A&M,9,10,16,62
utah-state,texas-christian,0.52831,Utah State,TCU,9,9,16,15
utah-state,texas-tech,0.42261735,Utah State,Texas Tech,9,5,16,47
utah-state,troy,0.7763224,Utah State,Troy,9,13,16,52
utah-state,ucla,0.50697654,Utah State,UCLA,9,7,16,32
utah-state,vanderbilt,0.37202185,Utah State,Vanderbilt,9,5,16,46
utah-state,villanova,0.574101,Utah State,Villanova,9,8,16,14
utah-state,virginia,0.4069509,Utah State,Virginia,9,3,16,58
utah-state,virginia-commonwealth,0.5807571,Utah State,Virginia Commonwealth,9,11,16,55
utah-state,wisconsin,0.39591935,Utah State,Wisconsin,9,5,16,18
utah-state,wright-state,0.8832094,Utah State,Wright State,9,14,16,60
vanderbilt,akron,0.8163532,Vanderbilt,Akron,5,12,46,49
vanderbilt,alabama,0.4046707,Vanderbilt,Alabama,5,4,46,51
vanderbilt,arizona,0.27692562,Vanderbilt,Arizona,5,1,46,10
vanderbilt,arkansas,0.5379385,Vanderbilt,Arkansas,5,4,46,22
vanderbilt,brigham-young,0.5685575,Vanderbilt,Brigham Young,5,6,46,27
vanderbilt,california-baptist,0.91661054,Vanderbilt,California Baptist,5,13,46,23
vanderbilt,central-florida,0.7554227,Vanderbilt,UCF,5,10,46,34
vanderbilt,clemson,0.6189036,Vanderbilt,Clemson,5,8,46,42
vanderbilt,connecticut,0.45485172,Vanderbilt,Connecticut,5,2,46,35
vanderbilt,duke,0.18191287,Vanderbilt,Duke,5,1,46,9
vanderbilt,florida,0.2475623,Vanderbilt,Florida,5,1,46,40
vanderbilt,furman,0.94029737,Vanderbilt,Furman,5,15,46,38
vanderbilt,georgia,0.57589304,Vanderbilt,Georgia,5,8,46,43
vanderbilt,gonzaga,0.41064277,Vanderbilt,Gonzaga,5,3,46,29
vanderbilt,hawaii,0.9098826,Vanderbilt,Hawaii,5,13,46,25
vanderbilt,high-point,0.80664796,Vanderbilt,High Point,5,12,46,20
vanderbilt,hofstra,0.9058894,Vanderbilt,Hofstra,5,13,46,54
vanderbilt,houston,0.32746655,Vanderbilt,Houston,5,2,46,63
vanderbilt,howard,0.94794285,Vanderbilt,Howard,5,16,46,2
vanderbilt,idaho,0.96405977,Vanderbilt,Idaho,5,15,46,64
vanderbilt,illinois,0.34717226,Vanderbilt,Illinois,5,3,46,57
vanderbilt,iowa,0.6412279,Vanderbilt,Iowa,5,9,46,44
vanderbilt,iowa-state,0.41362166,Vanderbilt,Iowa State,5,2,46,67
vanderbilt,kansas,0.56299716,Vanderbilt,Kansas,5,4,46,21
vanderbilt,kennesaw-state,0.8902042,Vanderbilt,Kennesaw State,5,14,46,31
vanderbilt,kentucky,0.598728,Vanderbilt,Kentucky,5,7,46,65
vanderbilt,lehigh,0.9877246,Vanderbilt,Lehigh,5,16,46,6
vanderbilt,long-island-university,0.95904934,Vanderbilt,Long Island University,5,16,46,12
vanderbilt,louisville,0.5080719,Vanderbilt,Louisville,5,6,46,24
vanderbilt,maryland-baltimore-county,0.9576576,Vanderbilt,Maryland-Baltimore County,5,16,46,1
vanderbilt,mcneese-state,0.71346647,Vanderbilt,McNeese State,5,12,46,48
vanderbilt,miami-fl,0.597465,Vanderbilt,Miami (FL),5,7,46,33
vanderbilt,miami-oh,0.9240576,Vanderbilt,Miami (OH),5,11,46,5
vanderbilt,michigan,0.26690292,Vanderbilt,Michigan,5,1,46,41
vanderbilt,michigan-state,0.44635573,Vanderbilt,Michigan State,5,3,46,28
vanderbilt,missouri,0.7673317,Vanderbilt,Missouri,5,10,46,36
vanderbilt,nebraska,0.51684505,Vanderbilt,Nebraska,5,4,46,50
vanderbilt,north-carolina,0.64100266,Vanderbilt,North Carolina,5,6,46,53
vanderbilt,north-carolina-state,0.74902457,Vanderbilt,NC State,5,11,46,8
vanderbilt,north-dakota-state,0.8695065,Vanderbilt,North Dakota State,5,14,46,30
vanderbilt,northern-iowa,0.7952878,Vanderbilt,Northern Iowa,5,12,46,19
vanderbilt,ohio-state,0.6126423,Vanderbilt,Ohio State,5,8,46,13
vanderbilt,pennsylvania,0.9572847,Vanderbilt,Pennsylvania,5,14,46,59
vanderbilt,prairie-view,0.98239684,Vanderbilt,Prairie View,5,16,46,4
vanderbilt,purdue,0.37835047,Vanderbilt,Purdue,5,2,46,37
vanderbilt,queens-nc,0.97988576,Vanderbilt,Queens (NC),5,15,46,39
vanderbilt,saint-louis,0.7119729,Vanderbilt,Saint Louis,5,9,46,45
vanderbilt,saint-marys-ca,0.48771873,Vanderbilt,Saint Mary's (CA),5,7,46,61
vanderbilt,santa-clara,0.58525825,Vanderbilt,Santa Clara,5,10,46,66
vanderbilt,siena,0.9808819,Vanderbilt,Siena,5,16,46,11
vanderbilt,south-florida,0.7595117,Vanderbilt,South Florida,5,11,46,26
vanderbilt,southern-methodist,0.67631423,Vanderbilt,Southern Methodist,5,11,46,7
vanderbilt,st-johns-ny,0.5074705,Vanderbilt,St. John's (NY),5,5,46,17
vanderbilt,tennessee,0.4364869,Vanderbilt,Tennessee,5,6,46,56
vanderbilt,tennessee-state,0.95295,Vanderbilt,Tennessee State,5,15,46,68
vanderbilt,texas,0.6889992,Vanderbilt,Texas,5,11,46,3
vanderbilt,texas-am,0.61579967,Vanderbilt,Texas A&M,5,10,46,62
vanderbilt,texas-christian,0.6387847,Vanderbilt,TCU,5,9,46,15
vanderbilt,texas-tech,0.50654405,Vanderbilt,Texas Tech,5,5,46,47
vanderbilt,troy,0.8952735,Vanderbilt,Troy,5,13,46,52
vanderbilt,ucla,0.551072,Vanderbilt,UCLA,5,7,46,32
vanderbilt,utah-state,0.6254182,Vanderbilt,Utah State,5,9,46,16
vanderbilt,villanova,0.65823907,Vanderbilt,Villanova,5,8,46,14
vanderbilt,virginia,0.5137193,Vanderbilt,Virginia,5,3,46,58
vanderbilt,virginia-commonwealth,0.73605686,Vanderbilt,Virginia Commonwealth,5,11,46,55
vanderbilt,wisconsin,0.5320848,Vanderbilt,Wisconsin,5,5,46,18
vanderbilt,wright-state,0.93973434,Vanderbilt,Wright State,5,14,46,60
villanova,akron,0.6946958,Villanova,Akron,8,12,14,49
villanova,alabama,0.24138322,Villanova,Alabama,8,4,14,51
villanova,arizona,0.12025616,Villanova,Arizona,8,1,14,10
villanova,arkansas,0.33190286,Villanova,Arkansas,8,4,14,22
villanova,brigham-young,0.37837777,Villanova,Brigham Young,8,6,14,27
villanova,california-baptist,0.79936534,Villanova,California Baptist,8,13,14,23
villanova,central-florida,0.5918013,Villanova,UCF,8,10,14,34
villanova,clemson,0.4904176,Villanova,Clemson,8,8,14,42
villanova,connecticut,0.30594075,Villanova,Connecticut,8,2,14,35
villanova,duke,0.06921293,Villanova,Duke,8,1,14,9
villanova,florida,0.12681957,Villanova,Florida,8,1,14,40
villanova,furman,0.8351675,Villanova,Furman,8,15,14,38
villanova,georgia,0.43637434,Villanova,Georgia,8,8,14,43
villanova,gonzaga,0.23343323,Villanova,Gonzaga,8,3,14,29
villanova,hawaii,0.74571735,Villanova,Hawaii,8,13,14,25
villanova,high-point,0.645927,Villanova,High Point,8,12,14,20
villanova,hofstra,0.744979,Villanova,Hofstra,8,13,14,54
villanova,houston,0.14150481,Villanova,Houston,8,2,14,63
villanova,howard,0.90408355,Villanova,Howard,8,16,14,2
villanova,idaho,0.8836463,Villanova,Idaho,8,15,14,64
villanova,illinois,0.20224403,Villanova,Illinois,8,3,14,57
villanova,iowa,0.47780395,Villanova,Iowa,8,9,14,44
villanova,iowa-state,0.19838378,Villanova,Iowa State,8,2,14,67
villanova,kansas,0.39762735,Villanova,Kansas,8,4,14,21
villanova,kennesaw-state,0.7976327,Villanova,Kennesaw State,8,14,14,31
villanova,kentucky,0.3648568,Villanova,Kentucky,8,7,14,65
villanova,lehigh,0.96371055,Villanova,Lehigh,8,16,14,6
villanova,long-island-university,0.93119216,Villanova,Long Island University,8,16,14,12
villanova,louisville,0.3484491,Villanova,Louisville,8,6,14,24
villanova,maryland-baltimore-county,0.9189271,Villanova,Maryland-Baltimore County,8,16,14,1
villanova,mcneese-state,0.65088636,Villanova,McNeese State,8,12,14,48
villanova,miami-fl,0.42468426,Villanova,Miami (FL),8,7,14,33
villanova,miami-oh,0.7828229,Villanova,Miami (OH),8,11,14,5
villanova,michigan,0.14143604,Villanova,Michigan,8,1,14,41
villanova,michigan-state,0.2922276,Villanova,Michigan State,8,3,14,28
villanova,missouri,0.53304505,Villanova,Missouri,8,10,14,36
villanova,nebraska,0.40065154,Villanova,Nebraska,8,4,14,50
villanova,north-carolina,0.40427294,Villanova,North Carolina,8,6,14,53
villanova,north-carolina-state,0.44660127,Villanova,NC State,8,11,14,8
villanova,north-dakota-state,0.725192,Villanova,North Dakota State,8,14,14,30
villanova,northern-iowa,0.5933522,Villanova,Northern Iowa,8,12,14,19
villanova,ohio-state,0.44724298,Villanova,Ohio State,8,8,14,13
villanova,pennsylvania,0.86388284,Villanova,Pennsylvania,8,14,14,59
villanova,prairie-view,0.9445605,Villanova,Prairie View,8,16,14,4
villanova,purdue,0.2490063,Villanova,Purdue,8,2,14,37
villanova,queens-nc,0.8942798,Villanova,Queens (NC),8,15,14,39
villanova,saint-louis,0.47039667,Villanova,Saint Louis,8,9,14,45
villanova,saint-marys-ca,0.3145023,Villanova,Saint Mary's (CA),8,7,14,61
villanova,santa-clara,0.40952954,Villanova,Santa Clara,8,10,14,66
villanova,siena,0.924892,Villanova,Siena,8,16,14,11
villanova,south-florida,0.61494607,Villanova,South Florida,8,11,14,26
villanova,southern-methodist,0.53294843,Villanova,Southern Methodist,8,11,14,7
villanova,st-johns-ny,0.33618167,Villanova,St. John's (NY),8,5,14,17
villanova,tennessee,0.3007561,Villanova,Tennessee,8,6,14,56
villanova,tennessee-state,0.92748487,Villanova,Tennessee State,8,15,14,68
villanova,texas,0.50498766,Villanova,Texas,8,11,14,3
villanova,texas-am,0.4252411,Villanova,Texas A&M,8,10,14,62
villanova,texas-christian,0.46625033,Villanova,TCU,8,9,14,15
villanova,texas-tech,0.36664438,Villanova,Texas Tech,8,5,14,47
villanova,troy,0.7908313,Villanova,Troy,8,13,14,52
villanova,ucla,0.39239278,Villanova,UCLA,8,7,14,32
villanova,utah-state,0.4115882,Villanova,Utah State,8,9,14,16
villanova,vanderbilt,0.31646338,Villanova,Vanderbilt,8,5,14,46
villanova,virginia,0.34502268,Villanova,Virginia,8,3,14,58
villanova,virginia-commonwealth,0.51478297,Villanova,Virginia Commonwealth,8,11,14,55
villanova,wisconsin,0.3717919,Villanova,Wisconsin,8,5,14,18
villanova,wright-state,0.8557174,Villanova,Wright State,8,14,14,60
virginia,akron,0.7236075,Virginia,Akron,3,12,58,49
virginia,alabama,0.35292166,Virginia,Alabama,3,4,58,51
virginia,arizona,0.2787779,Virginia,Arizona,3,1,58,10
virginia,arkansas,0.46972683,Virginia,Arkansas,3,4,58,22
virginia,brigham-young,0.59949094,Virginia,Brigham Young,3,6,58,27
virginia,california-baptist,0.89343077,Virginia,California Baptist,3,13,58,23
virginia,central-florida,0.76701117,Virginia,UCF,3,10,58,34
virginia,clemson,0.6442214,Virginia,Clemson,3,8,58,42
virginia,connecticut,0.4573541,Virginia,Connecticut,3,2,58,35
virginia,duke,0.09298587,Virginia,Duke,3,1,58,9
virginia,florida,0.21285628,Virginia,Florida,3,1,58,40
virginia,furman,0.93291664,Virginia,Furman,3,15,58,38
virginia,georgia,0.5752875,Virginia,Georgia,3,8,58,43
virginia,gonzaga,0.33734727,Virginia,Gonzaga,3,3,58,29
virginia,hawaii,0.9020599,Virginia,Hawaii,3,13,58,25
virginia,high-point,0.6964638,Virginia,High Point,3,12,58,20
virginia,hofstra,0.8171304,Virginia,Hofstra,3,13,58,54
virginia,houston,0.2657318,Virginia,Houston,3,2,58,63
virginia,howard,0.9624272,Virginia,Howard,3,16,58,2
virginia,idaho,0.9192706,Virginia,Idaho,3,15,58,64
virginia,illinois,0.31268328,Virginia,Illinois,3,3,58,57
virginia,iowa,0.6185665,Virginia,Iowa,3,9,58,44
virginia,iowa-state,0.3229398,Virginia,Iowa State,3,2,58,67
virginia,kansas,0.55618376,Virginia,Kansas,3,4,58,21
virginia,kennesaw-state,0.9112513,Virginia,Kennesaw State,3,14,58,31
virginia,kentucky,0.46020254,Virginia,Kentucky,3,7,58,65
virginia,lehigh,0.97218406,Virginia,Lehigh,3,16,58,6
virginia,long-island-university,0.96527594,Virginia,Long Island University,3,16,58,12
virginia,louisville,0.45456806,Virginia,Louisville,3,6,58,24
virginia,maryland-baltimore-county,0.94034386,Virginia,Maryland-Baltimore County,3,16,58,1
virginia,mcneese-state,0.765334,Virginia,McNeese State,3,12,58,48
virginia,miami-fl,0.61306953,Virginia,Miami (FL),3,7,58,33
virginia,miami-oh,0.8162964,Virginia,Miami (OH),3,11,58,5
virginia,michigan,0.2804796,Virginia,Michigan,3,1,58,41
virginia,michigan-state,0.433753,Virginia,Michigan State,3,3,58,28
virginia,missouri,0.75288826,Virginia,Missouri,3,10,58,36
virginia,nebraska,0.523745,Virginia,Nebraska,3,4,58,50
virginia,north-carolina,0.5685267,Virginia,North Carolina,3,6,58,53
virginia,north-carolina-state,0.62054104,Virginia,NC State,3,11,58,8
virginia,north-dakota-state,0.80594814,Virginia,North Dakota State,3,14,58,30
virginia,northern-iowa,0.7529019,Virginia,Northern Iowa,3,12,58,19
virginia,ohio-state,0.5669893,Virginia,Ohio State,3,8,58,13
virginia,pennsylvania,0.91526973,Virginia,Pennsylvania,3,14,58,59
virginia,prairie-view,0.97939277,Virginia,Prairie View,3,16,58,4
virginia,purdue,0.4012764,Virginia,Purdue,3,2,58,37
virginia,queens-nc,0.9238267,Virginia,Queens (NC),3,15,58,39
virginia,saint-louis,0.6397935,Virginia,Saint Louis,3,9,58,45
virginia,saint-marys-ca,0.4922572,Virginia,Saint Mary's (CA),3,7,58,61
virginia,santa-clara,0.58429813,Virginia,Santa Clara,3,10,58,66
virginia,siena,0.96722543,Virginia,Siena,3,16,58,11
virginia,south-florida,0.65417343,Virginia,South Florida,3,11,58,26
virginia,southern-methodist,0.7067941,Virginia,Southern Methodist,3,11,58,7
virginia,st-johns-ny,0.5535789,Virginia,St. John's (NY),3,5,58,17
virginia,tennessee,0.333853,Virginia,Tennessee,3,6,58,56
virginia,tennessee-state,0.9460604,Virginia,Tennessee State,3,15,58,68
virginia,texas,0.6226636,Virginia,Texas,3,11,58,3
virginia,texas-am,0.6875018,Virginia,Texas A&M,3,10,58,62
virginia,texas-christian,0.6327865,Virginia,TCU,3,9,58,15
virginia,texas-tech,0.4745522,Virginia,Texas Tech,3,5,58,47
virginia,troy,0.8951971,Virginia,Troy,3,13,58,52
virginia,ucla,0.5752459,Virginia,UCLA,3,7,58,32
virginia,utah-state,0.5666732,Virginia,Utah State,3,9,58,16
virginia,vanderbilt,0.4513278,Virginia,Vanderbilt,3,5,58,46
virginia,villanova,0.66425025,Virginia,Villanova,3,8,58,14
virginia,virginia-commonwealth,0.64996004,Virginia,Virginia Commonwealth,3,11,58,55
virginia,wisconsin,0.5009795,Virginia,Wisconsin,3,5,58,18
virginia,wright-state,0.89497006,Virginia,Wright State,3,14,58,60
virginia-commonwealth,akron,0.5824011,Virginia Commonwealth,Akron,11,12,55,49
virginia-commonwealth,alabama,0.1428552,Virginia Commonwealth,Alabama,11,4,55,51
virginia-commonwealth,arizona,0.11959266,Virginia Commonwealth,Arizona,11,1,55,10
virginia-commonwealth,arkansas,0.26039565,Virginia Commonwealth,Arkansas,11,4,55,22
virginia-commonwealth,brigham-young,0.3152571,Virginia Commonwealth,Brigham Young,11,6,55,27
virginia-commonwealth,california-baptist,0.7840427,Virginia Commonwealth,California Baptist,11,13,55,23
virginia-commonwealth,central-florida,0.4546324,Virginia Commonwealth,UCF,11,10,55,34
virginia-commonwealth,clemson,0.40058845,Virginia Commonwealth,Clemson,11,8,55,42
virginia-commonwealth,connecticut,0.28333262,Virginia Commonwealth,Connecticut,11,2,55,35
virginia-commonwealth,duke,0.056001764,Virginia Commonwealth,Duke,11,1,55,9
virginia-commonwealth,florida,0.08227377,Virginia Commonwealth,Florida,11,1,55,40
virginia-commonwealth,furman,0.83986866,Virginia Commonwealth,Furman,11,15,55,38
virginia-commonwealth,georgia,0.33214697,Virginia Commonwealth,Georgia,11,8,55,43
virginia-commonwealth,gonzaga,0.20935939,Virginia Commonwealth,Gonzaga,11,3,55,29
virginia-commonwealth,hawaii,0.8178075,Virginia Commonwealth,Hawaii,11,13,55,25
virginia-commonwealth,high-point,0.51340574,Virginia Commonwealth,High Point,11,12,55,20
virginia-commonwealth,hofstra,0.7087567,Virginia Commonwealth,Hofstra,11,13,55,54
virginia-commonwealth,houston,0.11811406,Virginia Commonwealth,Houston,11,2,55,63
virginia-commonwealth,howard,0.8876712,Virginia Commonwealth,Howard,11,16,55,2
virginia-commonwealth,idaho,0.899297,Virginia Commonwealth,Idaho,11,15,55,64
virginia-commonwealth,illinois,0.1777436,Virginia Commonwealth,Illinois,11,3,55,57
virginia-commonwealth,iowa,0.35346928,Virginia Commonwealth,Iowa,11,9,55,44
virginia-commonwealth,iowa-state,0.19631457,Virginia Commonwealth,Iowa State,11,2,55,67
virginia-commonwealth,kansas,0.27603552,Virginia Commonwealth,Kansas,11,4,55,21
virginia-commonwealth,kennesaw-state,0.73346764,Virginia Commonwealth,Kennesaw State,11,14,55,31
virginia-commonwealth,kentucky,0.28015086,Virginia Commonwealth,Kentucky,11,7,55,65
virginia-commonwealth,lehigh,0.95800173,Virginia Commonwealth,Lehigh,11,16,55,6
virginia-commonwealth,long-island-university,0.8984623,Virginia Commonwealth,Long Island University,11,16,55,12
virginia-commonwealth,louisville,0.326732,Virginia Commonwealth,Louisville,11,6,55,24
virginia-commonwealth,maryland-baltimore-county,0.8849518,Virginia Commonwealth,Maryland-Baltimore County,11,16,55,1
virginia-commonwealth,mcneese-state,0.5030625,Virginia Commonwealth,McNeese State,11,12,55,48
virginia-commonwealth,miami-fl,0.4241239,Virginia Commonwealth,Miami (FL),11,7,55,33
virginia-commonwealth,miami-oh,0.68152064,Virginia Commonwealth,Miami (OH),11,11,55,5
virginia-commonwealth,michigan,0.12021993,Virginia Commonwealth,Michigan,11,1,55,41
virginia-commonwealth,michigan-state,0.23529586,Virginia Commonwealth,Michigan State,11,3,55,28
virginia-commonwealth,missouri,0.42924806,Virginia Commonwealth,Missouri,11,10,55,36
virginia-commonwealth,nebraska,0.35558817,Virginia Commonwealth,Nebraska,11,4,55,50
virginia-commonwealth,north-carolina,0.36840776,Virginia Commonwealth,North Carolina,11,6,55,53
virginia-commonwealth,north-carolina-state,0.4333197,Virginia Commonwealth,NC State,11,11,55,8
virginia-commonwealth,north-dakota-state,0.6387537,Virginia Commonwealth,North Dakota State,11,14,55,30
virginia-commonwealth,northern-iowa,0.5460831,Virginia Commonwealth,Northern Iowa,11,12,55,19
virginia-commonwealth,ohio-state,0.3568825,Virginia Commonwealth,Ohio State,11,8,55,13
virginia-commonwealth,pennsylvania,0.8783547,Virginia Commonwealth,Pennsylvania,11,14,55,59
virginia-commonwealth,prairie-view,0.9596082,Virginia Commonwealth,Prairie View,11,16,55,4
virginia-commonwealth,purdue,0.21261191,Virginia Commonwealth,Purdue,11,2,55,37
virginia-commonwealth,queens-nc,0.87539315,Virginia Commonwealth,Queens (NC),11,15,55,39
virginia-commonwealth,saint-louis,0.46133116,Virginia Commonwealth,Saint Louis,11,9,55,45
virginia-commonwealth,saint-marys-ca,0.30736426,Virginia Commonwealth,Saint Mary's (CA),11,7,55,61
virginia-commonwealth,santa-clara,0.39243275,Virginia Commonwealth,Santa Clara,11,10,55,66
virginia-commonwealth,siena,0.9026843,Virginia Commonwealth,Siena,11,16,55,11
virginia-commonwealth,south-florida,0.5147796,Virginia Commonwealth,South Florida,11,11,55,26
virginia-commonwealth,southern-methodist,0.46262565,Virginia Commonwealth,Southern Methodist,11,11,55,7
virginia-commonwealth,st-johns-ny,0.341159,Virginia Commonwealth,St. John's (NY),11,5,55,17
virginia-commonwealth,tennessee,0.21728246,Virginia Commonwealth,Tennessee,11,6,55,56
virginia-commonwealth,tennessee-state,0.88495415,Virginia Commonwealth,Tennessee State,11,15,55,68
virginia-commonwealth,texas,0.40988982,Virginia Commonwealth,Texas,11,11,55,3
virginia-commonwealth,texas-am,0.3069569,Virginia Commonwealth,Texas A&M,11,10,55,62
virginia-commonwealth,texas-christian,0.37781474,Virginia Commonwealth,TCU,11,9,55,15
virginia-commonwealth,texas-tech,0.24770696,Virginia Commonwealth,Texas Tech,11,5,55,47
virginia-commonwealth,troy,0.7570583,Virginia Commonwealth,Troy,11,13,55,52
virginia-commonwealth,ucla,0.27945718,Virginia Commonwealth,UCLA,11,7,55,32
virginia-commonwealth,utah-state,0.4368951,Virginia Commonwealth,Utah State,11,9,55,16
virginia-commonwealth,vanderbilt,0.28610894,Virginia Commonwealth,Vanderbilt,11,5,55,46
virginia-commonwealth,villanova,0.44670123,Virginia Commonwealth,Villanova,11,8,55,14
virginia-commonwealth,virginia,0.29501766,Virginia Commonwealth,Virginia,11,3,55,58
virginia-commonwealth,wisconsin,0.27324206,Virginia Commonwealth,Wisconsin,11,5,55,18
virginia-commonwealth,wright-state,0.8152085,Virginia Commonwealth,Wright State,11,14,55,60
wisconsin,akron,0.8506472,Wisconsin,Akron,5,12,18,49
wisconsin,alabama,0.4364,Wisconsin,Alabama,5,4,18,51
wisconsin,arizona,0.23591179,Wisconsin,Arizona,5,1,18,10
wisconsin,arkansas,0.5187585,Wisconsin,Arkansas,5,4,18,22
wisconsin,brigham-young,0.57349,Wisconsin,Brigham Young,5,6,18,27
wisconsin,california-baptist,0.9349727,Wisconsin,California Baptist,5,13,18,23
wisconsin,central-florida,0.69210386,Wisconsin,UCF,5,10,18,34
wisconsin,clemson,0.60901845,Wisconsin,Clemson,5,8,18,42
wisconsin,connecticut,0.40855062,Wisconsin,Connecticut,5,2,18,35
wisconsin,duke,0.13796778,Wisconsin,Duke,5,1,18,9
wisconsin,florida,0.22802298,Wisconsin,Florida,5,1,18,40
wisconsin,furman,0.9710326,Wisconsin,Furman,5,15,18,38
wisconsin,georgia,0.59103376,Wisconsin,Georgia,5,8,18,43
wisconsin,gonzaga,0.39052185,Wisconsin,Gonzaga,5,3,18,29
wisconsin,hawaii,0.91463125,Wisconsin,Hawaii,5,13,18,25
wisconsin,high-point,0.7991876,Wisconsin,High Point,5,12,18,20
wisconsin,hofstra,0.9212474,Wisconsin,Hofstra,5,13,18,54
wisconsin,houston,0.36355034,Wisconsin,Houston,5,2,18,63
wisconsin,howard,0.9409246,Wisconsin,Howard,5,16,18,2
wisconsin,idaho,0.9660854,Wisconsin,Idaho,5,15,18,64
wisconsin,illinois,0.336121,Wisconsin,Illinois,5,3,18,57
wisconsin,iowa,0.5969817,Wisconsin,Iowa,5,9,18,44
wisconsin,iowa-state,0.42124787,Wisconsin,Iowa State,5,2,18,67
wisconsin,kansas,0.48140207,Wisconsin,Kansas,5,4,18,21
wisconsin,kennesaw-state,0.90135354,Wisconsin,Kennesaw State,5,14,18,31
wisconsin,kentucky,0.5702164,Wisconsin,Kentucky,5,7,18,65
wisconsin,lehigh,0.97734046,Wisconsin,Lehigh,5,16,18,6
wisconsin,long-island-university,0.9445181,Wisconsin,Long Island University,5,16,18,12
wisconsin,louisville,0.46466786,Wisconsin,Louisville,5,6,18,24
wisconsin,maryland-baltimore-county,0.94301945,Wisconsin,Maryland-Baltimore County,5,16,18,1
wisconsin,mcneese-state,0.76628274,Wisconsin,McNeese State,5,12,18,48
wisconsin,miami-fl,0.56727904,Wisconsin,Miami (FL),5,7,18,33
wisconsin,miami-oh,0.9427257,Wisconsin,Miami (OH),5,11,18,5
wisconsin,michigan,0.24677074,Wisconsin,Michigan,5,1,18,41
wisconsin,michigan-state,0.4324319,Wisconsin,Michigan State,5,3,18,28
wisconsin,missouri,0.6812967,Wisconsin,Missouri,5,10,18,36
wisconsin,nebraska,0.53080875,Wisconsin,Nebraska,5,4,18,50
wisconsin,north-carolina,0.57474476,Wisconsin,North Carolina,5,6,18,53
wisconsin,north-carolina-state,0.6922031,Wisconsin,NC State,5,11,18,8
wisconsin,north-dakota-state,0.94362646,Wisconsin,North Dakota State,5,14,18,30
wisconsin,northern-iowa,0.8101027,Wisconsin,Northern Iowa,5,12,18,19
wisconsin,ohio-state,0.5616711,Wisconsin,Ohio State,5,8,18,13
wisconsin,pennsylvania,0.9415851,Wisconsin,Pennsylvania,5,14,18,59
wisconsin,prairie-view,0.9624259,Wisconsin,Prairie View,5,16,18,4
wisconsin,purdue,0.4039148,Wisconsin,Purdue,5,2,18,37
wisconsin,queens-nc,0.963384,Wisconsin,Queens (NC),5,15,18,39
wisconsin,saint-louis,0.7041426,Wisconsin,Saint Louis,5,9,18,45
wisconsin,saint-marys-ca,0.3998791,Wisconsin,Saint Mary's (CA),5,7,18,61
wisconsin,santa-clara,0.60617805,Wisconsin,Santa Clara,5,10,18,66
wisconsin,siena,0.9785311,Wisconsin,Siena,5,16,18,11
wisconsin,south-florida,0.7990549,Wisconsin,South Florida,5,11,18,26
wisconsin,southern-methodist,0.6688906,Wisconsin,Southern Methodist,5,11,18,7
wisconsin,st-johns-ny,0.50786173,Wisconsin,St. John's (NY),5,5,18,17
wisconsin,tennessee,0.45377764,Wisconsin,Tennessee,5,6,18,56
wisconsin,tennessee-state,0.93052465,Wisconsin,Tennessee State,5,15,18,68
wisconsin,texas,0.65616256,Wisconsin,Texas,5,11,18,3
wisconsin,texas-am,0.6105775,Wisconsin,Texas A&M,5,10,18,62
wisconsin,texas-christian,0.6275848,Wisconsin,TCU,5,9,18,15
wisconsin,texas-tech,0.4697175,Wisconsin,Texas Tech,5,5,18,47
wisconsin,troy,0.8746541,Wisconsin,Troy,5,13,18,52
wisconsin,ucla,0.54212016,Wisconsin,UCLA,5,7,18,32
wisconsin,utah-state,0.6172908,Wisconsin,Utah State,5,9,18,16
wisconsin,vanderbilt,0.45017192,Wisconsin,Vanderbilt,5,5,18,46
wisconsin,villanova,0.63058585,Wisconsin,Villanova,5,8,18,14
wisconsin,virginia,0.4650486,Wisconsin,Virginia,5,3,18,58
wisconsin,virginia-commonwealth,0.7129309,Wisconsin,Virginia Commonwealth,5,11,18,55
wisconsin,wright-state,0.9347956,Wisconsin,Wright State,5,14,18,60
wright-state,akron,0.32806146,Wright State,Akron,14,12,60,49
wright-state,alabama,0.034383774,Wright State,Alabama,14,4,60,51
wright-state,arizona,0.02162825,Wright State,Arizona,14,1,60,10
wright-state,arkansas,0.05372865,Wright State,Arkansas,14,4,60,22
wright-state,brigham-young,0.066401236,Wright State,Brigham Young,14,6,60,27
wright-state,california-baptist,0.5491516,Wright State,California Baptist,14,13,60,23
wright-state,central-florida,0.12347728,Wright State,UCF,14,10,60,34
wright-state,clemson,0.11940928,Wright State,Clemson,14,8,60,42
wright-state,connecticut,0.040364303,Wright State,Connecticut,14,2,60,35
wright-state,duke,0.018450366,Wright State,Duke,14,1,60,9
wright-state,florida,0.01476611,Wright State,Florida,14,1,60,40
wright-state,furman,0.60887396,Wright State,Furman,14,15,60,38
wright-state,georgia,0.060726885,Wright State,Georgia,14,8,60,43
wright-state,gonzaga,0.023896942,Wright State,Gonzaga,14,3,60,29
wright-state,hawaii,0.48582906,Wright State,Hawaii,14,13,60,25
wright-state,high-point,0.27028784,Wright State,High Point,14,12,60,20
wright-state,hofstra,0.3528072,Wright State,Hofstra,14,13,60,54
wright-state,houston,0.025123034,Wright State,Houston,14,2,60,63
wright-state,howard,0.50938267,Wright State,Howard,14,16,60,2
wright-state,idaho,0.55749613,Wright State,Idaho,14,15,60,64
wright-state,illinois,0.027863042,Wright State,Illinois,14,3,60,57
wright-state,iowa,0.08093877,Wright State,Iowa,14,9,60,44
wright-state,iowa-state,0.022343116,Wright State,Iowa State,14,2,60,67
wright-state,kansas,0.044126056,Wright State,Kansas,14,4,60,21
wright-state,kennesaw-state,0.440086,Wright State,Kennesaw State,14,14,60,31
wright-state,kentucky,0.04124904,Wright State,Kentucky,14,7,60,65
wright-state,lehigh,0.76539093,Wright State,Lehigh,14,16,60,6
wright-state,long-island-university,0.6692146,Wright State,Long Island University,14,16,60,12
wright-state,louisville,0.04626767,Wright State,Louisville,14,6,60,24
wright-state,maryland-baltimore-county,0.576414,Wright State,Maryland-Baltimore County,14,16,60,1
wright-state,mcneese-state,0.23003381,Wright State,McNeese State,14,12,60,48
wright-state,miami-fl,0.15758473,Wright State,Miami (FL),14,7,60,33
wright-state,miami-oh,0.39949626,Wright State,Miami (OH),14,11,60,5
wright-state,michigan,0.020145545,Wright State,Michigan,14,1,60,41
wright-state,michigan-state,0.02731007,Wright State,Michigan State,14,3,60,28
wright-state,missouri,0.13250658,Wright State,Missouri,14,10,60,36
wright-state,nebraska,0.055230703,Wright State,Nebraska,14,4,60,50
wright-state,north-carolina,0.057197124,Wright State,North Carolina,14,6,60,53
wright-state,north-carolina-state,0.21127579,Wright State,NC State,14,11,60,8
wright-state,north-dakota-state,0.38448894,Wright State,North Dakota State,14,14,60,30
wright-state,northern-iowa,0.32332405,Wright State,Northern Iowa,14,12,60,19
wright-state,ohio-state,0.08058796,Wright State,Ohio State,14,8,60,13
wright-state,pennsylvania,0.53608865,Wright State,Pennsylvania,14,14,60,59
wright-state,prairie-view,0.8115616,Wright State,Prairie View,14,16,60,4
wright-state,purdue,0.028840695,Wright State,Purdue,14,2,60,37
wright-state,queens-nc,0.5855686,Wright State,Queens (NC),14,15,60,39
wright-state,saint-louis,0.22156698,Wright State,Saint Louis,14,9,60,45
wright-state,saint-marys-ca,0.04432041,Wright State,Saint Mary's (CA),14,7,60,61
wright-state,santa-clara,0.124013714,Wright State,Santa Clara,14,10,60,66
wright-state,siena,0.6391616,Wright State,Siena,14,16,60,11
wright-state,south-florida,0.21763535,Wright State,South Florida,14,11,60,26
wright-state,southern-methodist,0.17429608,Wright State,Southern Methodist,14,11,60,7
wright-state,st-johns-ny,0.046151992,Wright State,St. John's (NY),14,5,60,17
wright-state,tennessee,0.027016314,Wright State,Tennessee,14,6,60,56
wright-state,tennessee-state,0.51952994,Wright State,Tennessee State,14,15,60,68
wright-state,texas,0.10472474,Wright State,Texas,14,11,60,3
wright-state,texas-am,0.06862302,Wright State,Texas A&M,14,10,60,62
wright-state,texas-christian,0.10428486,Wright State,TCU,14,9,60,15
wright-state,texas-tech,0.058346365,Wright State,Texas Tech,14,5,60,47
wright-state,troy,0.40534815,Wright State,Troy,14,13,60,52
wright-state,ucla,0.054271113,Wright State,UCLA,14,7,60,32
wright-state,utah-state,0.1295633,Wright State,Utah State,14,9,60,16
wright-state,vanderbilt,0.054933924,Wright State,Vanderbilt,14,5,60,46
wright-state,villanova,0.13858442,Wright State,Villanova,14,8,60,14
wright-state,virginia,0.090678945,Wright State,Virginia,14,3,60,58
wright-state,virginia-commonwealth,0.17449479,Wright State,Virginia Commonwealth,14,11,60,55
wright-state,wisconsin,0.033844665,Wright State,Wisconsin,14,5,60,18
